S02300006D6C5F617564696F5F636C61737369666965725F76325F66696E616C2E73333793
S3150800000000040020154A0008BF760108BF760108DB
S31508000010BF760108BF760108BF760108BF760108DA
S31508000020BF760108BF760108BF760108BF760108CA
S31508000030BF760108BF7601084DA40008BF760108FF
S31508000040BF760108BF760108BF760108BF760108AA
S31508000050BF760108BF760108BF760108BF7601089A
S31508000060BF760108BF760108BF760108BF7601088A
S31508000070BF760108BF760108BF760108BF7601087A
S31508000080BF760108BF760108BF760108BF7601086A
S315080000900943000811760108BF760108BF760108F2
S315080000A0BF760108BF760108BF760108BF7601084A
S315080000B0D5500008BF760108BF760108BF7601084B
S315080000C0BF760108BF760108BF760108616C000893
S315080000D0BF760108BF760108BF7601086D6800087B
S315080000E04D680008BF760108BF760108BF7601088B
S315080000F0BF760108BF760108BF760108BF760108FA
S31508000100BF760108BF760108BF760108BF760108E9
S31508000110BF760108BF760108BF760108BF760108D9
S31508000120BF760108BF760108BF760108BF760108C9
S31508000130B17E0108BF760108BF760108BF760108BF
S31508000140BF760108BF760108BF760108BF760108A9
S31508000150BF760108BF760108BF760108BF76010899
S31508000160BF760108BF760108BF760108BF76010889
S31508000170BF760108BF760108BF760108BF76010879
S31508000180BF760108BF760108BF7601087BCE010855
S31508000190BF760108BF760108BF760108BF76010859
S315080001A0BF760108BF760108BF760108BF76010849
S309080001B0BF760108FF
S315080001C0013800D0FCE7704738B505462B68084665
S315080001D0C2E90031144613F039F941EC100B00F06E
S315080001E0F7FE19A3D3E9002351EC100B13F0C2FA5A
S315080001F041EC100B01F080F951EC100B13F02AFCBE
S31508000200D5ED017AFEEECC7A17EE903AD5ED027A64
S31508000210FEEECC7AA38317EE903AD5ED037AFEEE7E
S31508000220CA7AE38317EE903AD5ED047AFEEECA7AD7
S31508000230238417EE903A63840023A060C4E905334B
S31508000240C4E9033338BD00BFEF39FAFE422EE63F54
S3150800025008B510EE100A13F00BF900220C4B13F038
S3150800026089FA41EC100B00F0F7FE07A3D3E9002347
S3150800027051EC100B13F054F913F034FC00EE100A8D
S3150800028008BD00BFAFF3008000000000009C91404D
S3150800029000E08540000000004FF47A732DE9F04F26
S315080002A005682DED028B5543B5FBF3F50C460D603D
S315080002B041684FEA450A4A43B2FBF3F2504683B017
S315080002C0A26013F0D3FF0746606058B9424B434813
S315080002D01B68D96814F09EF8002003B0BDEC028BA9
S315080002E0BDE8F08F07EE905AF8EEE77A17EE900A17
S315080002F013F0BEF802460B4635A1D1E9000113F00A
S3150800030039FA13F0EFFB002683464FF000089FEDFD
S31508000310348ADFF8D890B5420CDC002350462361B6
S3150800032013F0A4FFE060002844D12B4B2D481B682E
S31508000330D968CFE7304613F089F842464B4612F0A3
S3150800034039FFCDE90001584613F092F802460B46EC
S31508000350DDE9000113F0E4F813F0C4FB00EE100A1F
S3150800036014F070FC10EE100A13F082F842464B4661
S3150800037013F0D6F802460B464046494612F018FFD7
S3150800038013F0B0FB07EE900A67EE887A17EE900A2C
S3150800039013F06EF842464B4612F00CFF41EC100B78
S315080003A001F02AF951EC100B13F054FB27F816004C
S315080003B00136B0E7504613F059FF606120B9064B85
S315080003C009481B68D96885E7012086E7AFF30080EE
S315080003D0182D4454FB211940FC2203208AD2010817
S315080003E000008045B2D20108D3D201080000E03FE0
S315080003F038B50022164B51EC100B13F091F810A3E8
S31508000400D3E9002304460D4613F01AFB70B90EA370
S31508000410D3E900232046294613F0F4FA58B92046B2
S31508000420294613F0E5FE00EE100A38BD47F6FF33FD
S3150800043000EE103AF9E74FF6FF33F9E7AFF300801D
S315080004400000000000FCEF400000000000FCEFC0C8
S315080004500000E040000000002DE9F04F93B0CDE920
S315080004600A32DDE91C530E9353EC102BCDE9080133
S31508000470104619468DED060B1E9E13F0B9FA80B18B
S31508000480DDE906014FF0FF32C54B13F0D9FA40B942
S31508000490DDE906014FF0FF326FF4801313F0B2FA6C
S315080004A070B1DDE908019DED060B0E9B1E96CDE9A0
S315080004B01C53DDE90A3213B0BDE8F04F00F088B9E5
S315080004C00022DDE90601002313F09CFA002800F05B
S315080004D03381DDE906A303F1004BCBF30A5016F48A
S315080004E08063A0F2FF3008BF06250F9312F0AEFF17
S315080004F09BA3D3E9002313F013F89BA3D3E90023A6
S3150800050012F058FECBF31304894644F07F51804617
S315080005100022A44B504641F4401112F049FE94A320
S31508000520D3E9002312F0FCFF02460B464046494633
S3150800053012F040FE13F08EFA044612F087FF8EA3DF
S31508000540D3E900238046894612F0EAFF0022964B3B
S3150800055012F030FE13F07EFA89A3D3E9002307468A
S315080005604946404612F0DCFF80463846894612F076
S315080005706DFF85A3D3E9002312F0D2FF02460B468E
S315080005804046494612F014FE02460B46CDE90C23B6
S3150800059012F0C6FFDDE90C23804689461046194647
S315080005A012F008FE0022CDE91001804B404649466C
S315080005B013F0E0F800227E4B12F0FCFD02460B46D3
S315080005C04046494613F0D6F800227A4B12F0F2FD5F
S315080005D002460B464046494613F0CCF8DDE90C23A3
S315080005E08046894600204FF0804112F0E1FD024620
S315080005F00B464046494612F0DDFD02460B46DDE94C
S31508000600100113F0B7F807F2FF3700226A4B12F011
S31508000610D1FD00223B0512F083FF52465B46804619
S31508000620894613F00DFA002840F08980CDE90C8937
S3150800063004F16303C72B34BF0427052731051BD5EF
S3150800064053A3D3E900235046594613F0EFF900287F
S315080006507FD051A3D3E900235046594613F0D2F967
S31508000660002876D00027A542C6BF2C1B04F1FF350B
S3150800067000253C4646F480660E9B9F422CBF4FF0F1
S315080006800008A3EB070816F0020903D0002F18BFCD
S315080006904FF000083CB1DDE90C235046594613F0EB
S315080006A069F882468B46DDE906010022002313F02D
S315080006B0A9F910B10BF100439B46DDE9080126F4C0
S315080006C00063CDE90183DDE90A324BEC10AB0095F6
S315080006D000F07EF802465FB3DDE9091316F0200F35
S315080006E000F10105089E0CBF65204520B047DDE9ED
S315080006F008010523002205930A23002CCDE90232BE
S3150800070007F1FF374FEAD473B8BF64422A4601930C
S3150800071004970A9B009417F0FDFE0246B9F1000FF4
S3150800072006D00B9BC41A0B9B1A190E9BA34245D8DD
S31508000730104613B0BDE8F08FDDE906ABCDE6002222
S31508000740404649461A4B13F015F8013CCDE90C0111
S315080007506EE7002D90D00F9B002B8DD0013D8BE7C7
S31508000760FB799F501344D33FB3C8608B288AC63F92
S3150800077061436F63A787D23F71A379094F930A40F4
S315080007801655B5BBB16B0240EF39FAFE422EE63F6D
S315080007902D431CEBE2361A3F0000000080842E41F0
S315080007A0FFFFEF7F0000F83F0000E03F00002C400D
S315080007B000002440000018400000F03F2020DDE93A
S315080007C00913089DA8470134ADE700BF00000000E3
S315080007D02DE9F04F5BEC10AB97B0CDE90501DDE9EB
S315080007E02057CDE90723504652465B465946229E76
S315080007F013F0FEF870B90323CDE902760193B04BE6
S315080008000093DDE90501DDE9072317F0A3FD17B01D
S31508000810BDE8F08F4FF0FF326FF48013504659460B
S3150800082013F0F0F828B10423CDE902760193A54B1D
S31508000830E6E74FF0FF3250465946A34B13F000F94E
S3150800084068B1A24A06F00403002B08BF0322A04B96
S315080008501CBF13460422CDE902760192D0E7504622
S3150800086093A3D3E90023594613F0EAF838B992A3BB
S31508000870D3E900235046594613F0C4F868B1DDE9B8
S315080008800723DDE905014BEC10ABCDE92176209570
S3150800089017B0BDE8F04FFFF7DFBD00220023504632
S315080008A0594613F0AFF8002800F09A805B46524686
S315080008B00020002112F07CFC012382468B46099316
S315080008C016F4806400F08E80092D40F28E80002494
S315080008D030210EABA5F109020134202C03F8011BC7
S315080008E0A5EB040901D09442F6D15946504613F0B7
S315080008F0B1F8784B054603EBC90393ED007B8DED04
S315080009000A7B12F0A3FD02460B465046594612F0E2
S315080009104FFCDDE90A2312F003FE02460B46CDE939
S315080009200C2313F0BFF8804612F080FD02460B46F2
S31508000930DDE90C0112F03CFC02460B46CDE90C231E
S315080009400022654B13F07CF8002851D008F1010805
S31508000950404612F06BFD02460B46DDE90A0113F02C
S315080009605BF810B14FF000080135B9F1000F50D10E
S31508000970284612F06BFD02460B465046594612F0C1
S3150800098017FC0022544B8046894613F03BF830B1D9
S31508000990002240464946504B13F052F810B1E8077A
S315080009A000D501350A210EAB1A19202C0AD095FB61
S315080009B0F1F001FB1055303502F8015B01340546AC
S315080009C00028F2D106F00302012A57D1002F55D08C
S315080009D0099A12B916F00C0F00D0013F302245E0F3
S315080009E009906DE74FF006097FE7A94600247CE7E2
S315080009F00022DDE90C01384B13F004F80028B4D1C5
S31508000A00B8F1000F02D018F0010FAED008F10108B6
S31508000A10ABE70A210EAB2344202C0ED0B8FBF1F02D
S31508000A2001FB1082B8F1090F02F1300209F1FF3912
S31508000A3004F1010403F8012B11D83021A1440EAAB0
S31508000A40202CAFD0A14504F101030AD11C4609F1B7
S31508000A5058030DEB03092E2309F8203CA2E780462C
S31508000A60DAE7A1541C46EBE71A550134A74205D923
S31508000A70202CF9D1CDE902760194C1E6202CF9D0D3
S31508000A80099A3AB12D2104F158026A4402F8201C49
S31508000A900134EFE7710704D504F158022B216A44A3
S31508000AA0F4E73207E6D504F1580220216A44EDE757
S31508000AB00000000065CDCD410000000065CDCDC128
S31508000AC06349030867490308FFFFEF7F5A4903088C
S31508000AD05F490308704903080000E03F0000000072
S31508000AE02DE9F74F0446DDE90C7B886816469A46D9
S31508000AF00D4612F0BDFC8046B068894612F0B8FC77
S31508000B0002460B464046494612F00AFD804689468B
S31508000B10BAF1000F1BD0DAF8080012F0A9FC024659
S31508000B200B464046494612F043FB8046B86821F01A
S31508000B30004912F09DFC02460B464046494612F013
S31508000B4019FE12A3D3E9002312F066FF50B13B4603
S31508000B50324629462046CDF830B003B0BDE8F04FFE
S31508000B600CF0F0BA064B20460093656940F245132F
S31508000B70044A0549A847012003B0BDE8F08F00BF25
S31508000B808F4B0308D84A030826D501087B14AE47BD
S31508000B90E17A943F000000002DE9F84F4FF000433A
S31508000BA02DED028B23FA00F057EC106B59EC118BE4
S31508000BB093468A4612F04AFC424604460D464B4680
S31508000BC03046394612F0ACFC02460B46204629460A
S31508000BD012F0A6FC02460B4643EC182B0AA3D3E9EF
S31508000BE0002312F02DFF08B19FED078B594650469A
S31508000BF0B0EE480AF0EE680ABDEC028BBDE8F84F85
S31508000C000CF0ECBCAFF300800000C0FFFFFFDF4133
S31508000C102DE9F0432DED028B99460B7F89B0072B02
S31508000C2004460F461546129E1AD140F20241836BBE
S31508000C30984740B9AC4B0093272365692046AB4AD1
S31508000C40AB49A84799E0B06240F202412046A36B3F
S31508000C50984720B9A74B009365692B23EEE7F06206
S31508000C602A7F3B7F072A08D1092B3DD0072B13D0B3
S31508000C70A14B009365693123E0E79A4234D0CDE968
S31508000C8002329E4B01939E4B00933423656920469E
S31508000C90964A9C49A84770E0D5F80C80B8F1000F31
S31508000CA009D00023CDE90283974B0193974B009314
S31508000CB065693923EBE74146DFED950A47F6FF708C
S31508000CC09FED940AB36A944A0DF05AFDF36A4146B9
S31508000CD0DFED8F0A9FED910A914A92480DF050FD7B
S31508000CE0EB68F361AB68336297F81C80B8F1090FBB
S31508000CF045D0B8F1070F40F03781FB684BB10022A9
S31508000D00CDE90232804B0193874B009365695B23DB
S31508000D10BDE7EA6842B1CDE902237B4B01937B4BE1
S31508000D20009365695C23B2E7DFED807A95ED027A78
S31508000D30B4EEE77AF1EE10FADFED7D6ACCBF77EE16
S31508000D40677A77EEC77AF4EEE67AF1EE10FA7EDD88
S31508000D504FF07C53002217EE100ACDE9042312F057
S31508000D6087FB744BCDE902010193734B00935D2316
S31508000D70656920465D4A7149A847012086E0287FB3
S31508000D80072832D1EB6813F5004F09D0654ACDE93B
S31508000D9002326B4B01935D4B00936569622376E7DC
S31508000DA0DFED687A95ED027AB4EEE77AF1EE10FA9D
S31508000DB0DFED656ACCBF77EE677A77EEC77AF4EE31
S31508000DC0E67AF1EE10FA66DD0022604B17EE100A9D
S31508000DD0CDE9042312F04CFB5D4BCDE902010193EA
S31508000DE0554B009365696323C3E7092812D06669E2
S31508000DF00CF06CF9054640460CF068F9554BCDE900
S31508000E00025001933D4B009366232046374A5249C8
S31508000E10B047B2E7EB6813F1800F0AD06FF07F0294
S31508000E20CDE902324D4B0193384B00936569672330
S31508000E302DE795ED027ADFED4A7AB4EE677AF1EEA0
S31508000E4010FA28D0474B009365696823F6E6B86818
S31508000E5012F00EFB0446D9F800000D4612F008FB06
S31508000E6002460B462046294612F05AFB1CA3D3E934
S31508000E70002312F07FFC06F1080841EC100B4046EF
S31508000E8007A90CF063FB079BF360002009B0BDECD3
S31508000E90028BBDE8F083B86812F0EAFA41EC180B49
S31508000EA0D9F8000012F0E4FA06F1080441EC100B38
S31508000EB0B0EE481AF0EE681A2146052007AAFFF791
S31508000EC06BFE07991F22F160052017F0DDFC12F072
S31508000ED0BDFA01F1004112F0BDFDB061D5E700BFD2
S31508000EE0140014001400243FAF5C03082E5C0308AA
S31508000EF026D50108C65C0308334C0308E95C0308D9
S31508000F00F65C030846D601088D4B0308025D030804
S31508000F1080000038A00020395F8E010880008037E5
S31508000F20518E01080080FFFF1C5D03080000003891
S31508000F306F120333555D0308615D0308355D0308C9
S31508000F40765D0308000080376F1283320000F03E9A
S31508000F507D5D0308895D0308F2590308955D03085A
S31508000F600000803B9A5D0308B8F1010F0FD0404698
S31508000F7066690CF0ABF8054601200CF0A7F8104B93
S31508000F80CDE9025001930F4B009385233DE7287F57
S31508000F9001280ED066690CF099F8054640460CF013
S31508000FA095F8074BCDE902500193074B009386232A
S31508000FB02BE7D9F8000012F05BFAC6E9000164E7EE
S31508000FC0BC5D0308F65C0308E95C03080000000042
S31508000FD038B555EC104B2DED028B00F091FB2246EF
S31508000FE02B4620462946B0EE408AF0EE608A15F078
S31508000FF079F998B9002200232046294612F020FDE7
S3150800100060B9002200232046294612F0F1FC60B19F
S3150800101015F062F922239FED0C8B0360B0EE480AA7
S31508001020F0EE680ABDEC028B38BD15F055F92122A1
S3150800103003460748BDEC028B1A60BDE8384000F04D
S3150800104053BA00BFAFF30080000000000000F0FFB5
S31508001050E804040800000000BD4B2DE9F04F5BECE6
S3150800106010AB9B4585B05C4613DC2BF00045B94BAD
S315080010709D426CD90022B84B5046594612F0B8FC2E
S31508001080002800F0F680012005B0BDE8F04F13F007
S3150800109075BEB24B9B4500F3E180B14B9B4540F3CF
S315080010A0BA81251556469FED947BA5F2FF358DED41
S315080010B0027BC4F31304AB4B9C4200F3A18144F0BA
S315080010C07F57304647F4401739460022A64B12F0A0
S315080010D06FF806460F460022A44BB24612F020FAD5
S315080010E032463B46BB4612F01BFA80468946CDE996
S315080010F00089002C42D1002200233046394612F0DE
S3150800110077FC002800F0D880002D00F0A38128463F
S3150800111012F09CF906460F4679A3D3E9002312F08C
S31508001120FFF9DDE9022312F045F804460D4630467C
S31508001130394675A3D3E9002312F0F2F902460B46A5
S315080011402046294612F036F841EC100B8EE0A3F142
S31508001150E8739D4240F29480854B1C449C4240F2C1
S315080011605A810022814B50465946002512F0D8F97B
S3150800117052465B4612F0D4F9CDE9000100224FF041
S3150800118080435046594612F015F802460B4650461B
S31508001190594612F0EFFA02460B468046894612F087
S315080011A0BFF906460F465AA3D3E9002312F0B8F949
S315080011B059A3D3E9002311F0FDFF32463B4612F04E
S315080011C0AFF957A3D3E9002311F0F4FF32463B46A3
S315080011D012F0A6F954A3D3E9002311F0EBFF324627
S315080011E03B4612F09DF952A3D3E9002311F0E2FF22
S315080011F032463B4612F094F94FA3D3E9002311F087
S31508001200D9FF32463B4612F08BF94DA3D3E90023AA
S3150800121011F0D0FF32463B4612F082F906460F46D9
S31508001220002D40F0AB80DDE9004522462B4611F043
S31508001230C1FF42464B4612F073F902460B4620465A
S31508001240294611F0B5FF02460B465046594611F09D
S31508001250AFFF41EC100B05B0BDE8F08F52465B4678
S315080012605046214611F0A6FF41EC100B05B0BDE82B
S31508001270F08F4BEC10AB05B0BDE8F04F13F09ABDFC
S3150800128000223C4B5046594611F094FF0022002399
S3150800129012F0D6FB28B1384B9D4202D84BEC10AB66
S315080012A0E4E752465B465046594612F039F90022A1
S315080012B02E4B12F035F9C6E723A3D3E900233046AF
S315080012C0394612F02DF902460B460020264911F040
S315080012D06FFF42464B4612F023F980468946002D99
S315080012E040F0BB8002460B463046394611F060FF97
S315080012F041EC100BBAE700BF000000000000000038
S31508001300763C7935EF39EA3D0000E0FE422EE63FAD
S3150800131044523EDF12F1C23F9FC678D0099AC33FB6
S31508001320DE03CB966446C73FAF788E1DC571CC3FAA
S31508001330599322942449D23F04FA97999999D93F07
S31508001340935555555555E53F555555555555E53F0D
S315080013507982DA3FFFFFEF3F0000F0BFFFFFEF7F24
S31508001360FFFF3F439DA006000000F03F0000E03F5E
S315080013703C412D4000005043FFFF8F3C284612F0A9
S3150800138065F804460D4652A3D3E9002312F0C8F8BF
S3150800139002460B463046394616461F46DDE9002307
S315080013A011F008FF42464B4612F0BAF802460B46C1
S315080013B02046294614461D4647A3D3E9002312F0C2
S315080013C0AFF8DDE9022311F0F5FE02460B4620468A
S315080013D0294611F0EFFE02460B46DDE9000111F041
S315080013E0E7FE52465B4611F0E3FE02460B463046E0
S315080013F0394611F0DDFE41EC100B05B0BDE8F08F63
S3150800140044F07F57C4F580140135304647F4001779
S31508001410A410394659E60022314B5046594611F078
S31508001420C9FE06460D150F460C46A5F2FF35002DDA
S315080014303DDD52465B4611F0BBFE02460B460020D8
S31508001440274911F0B5FE32463B4612F093F9CDE92D
S3150800145002012EE69FED1C0B08E7284611F0F6FF61
S3150800146082468B461AA3D3E9002312F059F804469C
S315080014700D465046594618A3D3E9002312F050F8F2
S31508001480DDE9022311F096FE02460B464046494620
S3150800149011F08EFE32463B4611F08AFE02460B4696
S315080014A02046294611F084FE41EC100BDEE60022A8
S315080014B00B4B11F07DFE02460B465046594611F07D
S315080014C077FEC0E7AFF300800000000000000000D0
S315080014D00000E0FE422EE63F763C7935EF39EA3DDC
S315080014E00000F03F000000009FED010B704700BFB1
S315080014F0000000000000F87F51EC100BC1F30A53FE
S315080015002DE9F041A3F2FF350C460646132D34DCCF
S31508001510002D20DB364B0F4643FA05F801EA08038F
S3150800152003432FD030A3D3E9002311F043FE002252
S31508001530002312F085FA40B1002C03DD4FF4801326
S315080015402B411F4427EA080400262346324643EC6B
S31508001550102BBDE8F08124A3D3E9002311F02AFE5D
S315080015600022002312F06CFA0028EED0002C36DB9D
S315080015703443E9D000261F4CE7E7332D06DDB5F5E1
S31508001580806F25D041EC100BBDE8F081A3F2134320
S315080015904FF0FF37DF403842F4D013A3D3E90023D6
S315080015A011F008FE0022002312F04AFA0028CCD0D7
S315080015B0002C334609DD142D06D0C5F13405012269
S315080015C0AA4013449E4200D9013423EA0706BCE721
S315080015D002460B4611F0EEFD41EC100BD4E700264F
S315080015E04FF00044B1E700BF9C7500883CE4377EA5
S315080015F0FFFF0F000000F03F51EC100BC1F30A5338
S315080016002DE9F041A3F2FF350C460646132D32DCD0
S31508001610002D20DB384B0F4643FA05F801EA08038C
S3150800162003432DD032A3D3E9002311F0C3FD0022D2
S31508001630002312F005FA40B1002C03DA4FF48013A8
S315080016402B411F4427EA080400262346324643EC6A
S31508001650102BBDE8F08126A3D3E9002311F0AAFDDB
S315080016600022002312F0ECF90028EED0002C2ADB29
S3150800167000263446E9E7332D06DDB5F5806F1BD025
S3150800168041EC100BBDE8F081A3F213434FF0FF378E
S31508001690DF400742F4D016A3D3E9002311F08AFDF0
S315080016A00022002312F0CCF90028CED0002C3346B5
S315080016B010DB23EA0706C8E702460B4611F07AFD57
S315080016C041EC100BDEE724F0004426430DD14FF021
S315080016D00044BAE7142D06D0C5F134050122AA4004
S315080016E01344B342E5D20134E3E70026034CACE7E2
S315080016F09C7500883CE4377EFFFF0F000000F0BFB2
S3150800170053EC102BB3F5801F2DE9F04F1C4687B01C
S3150800171058DA23F000411046114300F0F780002BF9
S315080017201946C0F234810022D94B11F0F9FE0C4655
S315080017300B46D84902466FF035008C4246DC251523
S31508001740D549C4F31304A5F2FF3521440544D3480B
S3150800175001F48011484005EB115540EA0403104690
S3150800176000221946CD4B11F023FDA31C82468B4659
S31508001770C3F31303022B32DC0022002312F038F9DC
S31508001780002800F0CE80002D00F09281284611F046
S315080017905DFE06460F46AAA3D3E9002311F0C0FE54
S315080017A004460D4630463946A7A3D3E9002311F06F
S315080017B0B7FE02460B462046294611F0FBFC41ECD3
S315080017C0100B09E0B34900208C42B8DD10461946D3
S315080017D011F0F0FC41EC100B07B0BDE8F08F0022C9
S315080017E04FF0804311F0E6FC02460B465046594638
S315080017F0DFF8B88211F0BEFF06460F46284611F0FC
S3150800180025FE32463B46A044CDE90401304639461A
S31508001810CDE9026711F084FE02460B46CDE90023A6
S3150800182011F07EFE06460F4689A3D3E9002311F080
S3150800183077FE89A3D3E9002311F0BCFC32463B4668
S3150800184011F06EFE86A3D3E9002311F0B3FC3246ED
S315080018503B4611F065FE84A3D3E9002311F0AAFCE8
S31508001860DDE9002311F05CFE81A3D3E90023CDE96D
S3150800187000013046394611F053FE7FA3D3E9002311
S3150800188011F098FC32463B4611F04AFE7CA3D3E998
S31508001890002311F08FFC32463B4611F041FE0B4601
S315080018A00246DDE9000111F085FC7D4B06460F4630
S315080018B01B1B43EA0803002B5BDD0022794B5046CD
S315080018C0594611F02DFE52465B4611F029FE804618
S315080018D08946002D64D142464B463046394611F0BA
S315080018E069FCDDE9022311F01BFE02460B46404661
S315080018F0494611F05DFC02460B465046594611F022
S3150800190057FC41EC100B07B0BDE8F08F002200230E
S315080019100020654911F02EFF41EC100B07B0BDE819
S31508001920F08F59A3D3E900235046594611F0F8FD24
S3150800193002460B4600205B4911F03AFC06460F4664
S3150800194052465B465046594611F0EAFD02460B469A
S315080019503046394611F0E4FD06460F46002D56D1AD
S3150800196002460B465046594611F022FC41EC100B34
S3150800197032E7002D40F09F8002460B4650465946F6
S3150800198011F016FCDDE9022311F0CAFDB3E711F0E8
S315080019900FFC0022002311F0EDFE41EC100B1BE7B3
S315080019A027A3D3E90023DDE9040111F0B9FD424676
S315080019B04B4604460D463046394611F0FBFBDDE939
S315080019C0022311F0ADFD06460F461FA3D3E90023F7
S315080019D0DDE9040111F0A4FD02460B4630463946FE
S315080019E011F0E8FB02460B464046494611F0E0FB7B
S315080019F052465B4611F0DCFB02460B46204629465A
S31508001A0011F0D6FB41EC100B07B0BDE8F08F284665
S31508001A1011F01CFD8046894609A3D3E9002311F07D
S31508001A207FFD04460D464046494607A3D3E90023F1
S31508001A3011F076FD02460B4630463946D6E700BF1A
S31508001A400000E0FE422EE63F763C7935EF39EA3D66
S31508001A5044523EDF12F1C23FDE03CB966446C73FCF
S31508001A60599322942449D23F935555555555E53FE8
S31508001A709FC678D0099AC33FAF788E1DC571CC3FF3
S31508001A8004FA97999999D93F555555555555D53FBE
S31508001A9000005043FFFFEF7F645F09000000F03F3E
S31508001AA051B806000000E03F000050C386EBF9FF7E
S31508001AB09FED0D0B90E6DDE904890DA3D3E900231C
S31508001AC04046494611F02CFD32463B4604460D4633
S31508001AD05046594611F06CFBDDE9022311F020FD52
S31508001AE006460F469FE700BF000000000000000002
S31508001AF00000E0FE422EE63F0348044B834202D034
S31508001B00034B03B1184770476C2303206C2303204B
S31508001B1000000000064B0749C91A891048BF013161
S31508001B20491003D0044B0BB101481847704700BF52
S31508001B306C2303206C2303200000000010B5064C1C
S31508001B40237843B9FFF7D8FF044B13B10448AFF322
S31508001B5000800123237010BD84FD022000000000D0
S31508001B60D408040808B5054B1BB105490548AFF369
S31508001B700080BDE80840FFF7CDBF00BF00000000A9
S31508001B8098AF0220D4080408A3F5803A704700BF2E
S31508001B90174B002B08BF134B9D46FFF7F5FF002197
S31508001BA08B460F461348144A121A18F0C8FA0E4BF9
S31508001BB0002B00D098470D4B002B00D098470020EB
S31508001BC0002104000D000D48002802D00C48AFF390
S31508001BD0008012F0DDFC2000290016F07AFB12F0D6
S31508001BE033FB00BF000008000000000000000000F2
S31508001BF00004002000040020EC210320000000005F
S31508001C00000000002DE9F04F2DED068B09EE103A85
S31508001C10036889B003F1010A4FEA4A0B0B60804654
S31508001C2058460C46914612F021FB0290E060584651
S31508001C3012F01CFB20610646584612F017FB60613D
S31508001C4007464FEACA0012F011FB20624FEA8A00E3
S31508001C5012F00CFB0546584612F008FB0090584651
S31508001C6012F004FB029B01902BB126B11FB115B1EE
S31508001C70009B03B1A0B9284612F000FB009812F0A9
S31508001C80FDFA019812F0FAFAC84BC9481B68D968D8
S31508001C9012F0C0FB002009B0BDEC068BBDE8F08F42
S31508001CA0D8ED028AF5EEC08AF1EE10FAD8ED019A5F
S31508001CB005DA2721BF4BC04AC04812F09FFAF4EE56
S31508001CC0E98AF1EE10FA03D42821BD4BBA4AF3E7A4
S31508001CD0B0EE680AFEF7BCFAB0EE408AB0EE690AC2
S31508001CE0FEF7B6FA07EE90AA30EE480AB8EEE77A9B
S31508001CF02A46C0EE077A002303959A4550DC4846E3
S31508001D0011F0A4FB0022AF4B11F00AFCB7EE007AE3
S31508001D10F8EEC97A77EEC77A804617EE900A8946B2
S31508001D2011F0A6FB02460B464046494611F022FD35
S31508001D3011F0D8FE08EE100AC8EE887A17EE900A57
S31508001D4011F096FBA04B002211F034FA11F082FE36
S31508001D50002381466060984618469B46A360049512
S31508001D60D04560DB0221584612F066FA022104903B
S31508001D70A061584612F060FA049B0590E0610BB129
S31508001D80002877D1284612F079FA009812F076FAE8
S31508001D90019812F073FA854B8C481B68D96877E767
S31508001DA0013307EE103AF8EEC76AB0EE487A06EE47
S31508001DB0A77AA2EC017AA0E7013207EE902AB8EEDC
S31508001DC0E70A20EE080A06900592FEF741FADDE9D1
S31508001DD00520049BD3ED007AB4EEE70AF1EE10FA7B
S31508001DE0EAD90099A2EB090321F81890019921F87C
S31508001DF018300BBB029926F8183021F818304FF026
S31508001E00040327F8183038B9304606EB480E7045F3
S31508001E100BD101200BF1040B049B9146043308F106
S31508001E20010804939CE74A46C7E7B0F900C00CF1DD
S31508001E30040C20F802CBEAE7B9F1000F09F0010E0D
S31508001E40B8BFCEF1000E9E44BEF1010C48BF0EF19C
S31508001E50020C029B2CF0030C09EBD9790CF1040C4B
S31508001E6029F0010926F818B023F8189027F818C0A1
S31508001E70E344D1E7B0EE680AFEF7EAF94FF0000846
S31508001E80F0EE409AD04513DB284612F0F7F9009891
S31508001E9012F0F4F9019812F0F1F919EE102AA36874
S31508001EA0934240F39D80414B49481B68D968EFE649
S31508001EB0009B33F91890019B33F918300793029B5E
S31508001EC033F9187036F91830A9EB0707B8F1000F7F
S31508001ED023D0039A12ED01AA4FF0000B1F44049B6E
S31508001EE003EB47030693059B03EB47070BEB090335
S31508001EF000EE103A079B9B4512DB002BACBF09EBA3
S31508001F00030209F10002A36808F101089A42039B3B
S31508001F10C8BFA26004330393B4E7B0EE69AADBE74F
S31508001F20B8EEC00A039B20EE080AD3ED008AFEF736
S31508001F308FF938EEC00A78EECA8ADFED267AC0EE47
S31508001F4028AA6AEEA77A17EE900A11F091FA0022EB
S31508001F501C4B11F02FF941EC100BFFF74DFB51EC20
S31508001F60100B11F077FD069B0BF1010B23F8020B02
S31508001F701AEE900A069311F07BFA02460B460020E9
S31508001F80154911F015F90022144B11F0C9FA00226F
S31508001F900C4B11F00FF941EC100BFFF72DFB51EC30
S31508001FA0100B11F057FD27F8020B9FE7FC220320C0
S31508001FB0D8CE0108FCCE01081DD001081ACF0108A9
S31508001FC098CF01080000E03F0000F83FC6CF01089F
S31508001FD0EFCF0108000080450000F03F0000B04048
S31508001FE0012058E6836973B505460C46164653B96B
S31508001FF0C36A43B13A4B3B481B68D96812F00AFAE0
S31508002000002002B070BDB4220021204618F097F8CF
S31508002010324621462846FEF73FF920B9304B32486A
S315080020201B68D968EAE7204650F81C1B00F0C4F97B
S3150800203020B12B4B2D481B68D968DFE7A36A3246C7
S315080020405B08013304F12C0105F10800FFF7DAFDFE
S3150800205020B9234B26481B68D968CFE7E26A04F102
S31508002060500105F1180000F0A7F820B91C4B2148CB
S315080020701B68D968C2E704F18402A96805F144001F
S31508002080FEF7A2F804F1A80105F1580014F0E0F9EA
S31508002090A36A04F16801B3FA83F3C3F11903019340
S315080020A0B4F8543005F12C000093E36A626E00F030
S315080020B0FBF820B90A4B10481B68D9689EE704F15B
S315080020C07C0105F13C0014F014FB20B9044B0B48C5
S315080020D01B68D96892E7204614F0F1FA012090E7C8
S315080020E0FC22032038D001086DD001088ED00108E3
S315080020F0A8D00108CDD00108F7D0010823D10108DE
S315080021002DE9F74F0646002408464BF2721E4FF497
S3150800211000484FF6FF7A01927268DFF898C000927D
S31508002120C3F10009019A944202DB03B0BDE8F08FBF
S31508002130326850F8241092B3002BB4BF21FA09F183
S315080021409940012933D9B1FA81F50122C5F11F0752
S315080021500F2F02FA07F2A1EB0202D5BF0F3DC5F118
S315080021600F05AA402A415512691C3CF815B03CF8DF
S315080021701110A2EB4525A1EB0B0169435A4402EB6A
S3150800218021420025414602EB0742E2FB0E15009A62
S31508002190090C41EA0541914001F50041090C5145F8
S315080021A00A4628BF524620F814200134BAE700210F
S315080021B0F5E700BF48D1010838B5034610461A6846
S315080021C00C460A600AB9012038BDD3ED037A9FEDA3
S315080021D0167A67EE877AFCEEE77A5A684A6017EE4F
S315080021E0902AD3ED027A67EE877AFCEEE77A4A817F
S315080021F017EE902AD3ED047A67EE877AFCEEE77A33
S3150800220017EE903A0A818B810861042112F014F8BE
S31508002210054660610028D6D1044B05481B68D96875
S3150800222012F0F8F82846CFE700008046FC22032083
S315080022304CD2010807EE102A012208B5C368B8EE89
S31508002240477A02FA03F38A4007EE902A00EE103A1C
S31508002250F8EE677AD0ED010A2DED028BB8EE408ACA
S3150800226087EE270AD0ED027AF1EE600A30EE270AE9
S3150800227012F08AFCDFED0B7A28EE000ABDEC028B21
S31508002280B4EEE70AF1EE10FADFBFF6EE007A30EEAA
S31508002290270ABDEEC00A10EE103ACCBF47F6FF700B
S315080022A018B208BD00FEFF462DE9F84F0E46016834
S315080022B005460B9F3160002956D0FA20C6E901234E
S315080022C011F0D4FF0446F06040B9284B28481B6833
S315080022D0D96812F09FF82046BDE8F88FEB6800220F
S315080022E0DB1B0C3B3361BDF828602846F61B3146DC
S315080022F0FFF7A0FF02272080012231462846FFF774
S3150800230099FF4FF0010B3B46608007F1FF39202FFC
S315080023100BFA09F23146284614BF03FA09F94FF0B9
S31508002320FF3902EB520AFFF785FF524680463146CF
S315080023302846FFF77FFF4A46824631462846FFF77A
S3150800234079FFAAEB080AA0EB0800C0EB8A0A013756
S31508002350A0EB0A00212FA4F80480A4F806A04FF0E9
S31508002360020324F8080FD0D10120B5E7FC22032088
S315080023706DD20108F8B5D0E902760446002305684F
S31508002380BB4210D1F21A5200B34288BF0022002184
S3150800239005EB430017F0D3FE294662680548BDE8F9
S315080023A0F8400DF09BB931F81300904025F813005A
S315080023B00133E5E7B8AF02202DE9F04F41F6F07397
S315080023C02DED028BA1F110029A42054689B000F262
S315080023D0FC80202915D909232024013B4FEA44040F
S315080023E001D0A142F9D866003046C5E9021411F0B9
S315080023F03DFF286038B9192009B0BDEC028BBDE84D
S31508002400F08F2024EFE7A00011F030FF6860002865
S31508002410F1D0304611F02AFF6D4B074618600028A8
S31508002420E9D0304611F022FF6A4B064618600028AC
S31508002430E1D007EE904A9FED687AF8EEE77A002336
S31508002440C7EE278A650807F1020A00F1020B019315
S31508002450DDED017AB8EEE78A28EE288AB0EE480A5A
S3150800246012F034FC10EE100A11F002F802460B4680
S31508002470CDE902010020594910F09AFE0022584B76
S3150800248011F04EF80022574B11F04AF811F02AFBCA
S3150800249007EE900AF8FE677AFDEEE77A17EE903AAD
S315080024A0B0EE480A2AF8023C12F0CCFB10EE100AED
S315080024B010F0DEFF01F10043059304900022DDE9E8
S315080024C00401474B11F02CF80022464B11F028F86E
S315080024D08946804611F006FB07EE900ADDE90201FF
S315080024E0F8FE677AFDEEE77A17EE903A00222AF8A8
S315080024F0043B3A4B10F05EFE0022394B11F010F8FF
S315080025000022384B11F00CF811F0ECFA07EE900A9D
S31508002510F8FE677AFDEEE77A17EE903A2BF8023C5A
S3150800252009F100430793CDF81880DDE9060111F09B
S31508002530D9FA07EE900AF8FE677AFDEEE77A17EE03
S31508002540903A2BF8043B019B01339D4201933FF7D8
S315080025507FAF4FF48073244AB5F5807F93804FF0A0
S315080025600103C2E903761460936024D012D8402D83
S3150800257023D007D81D4B1E49102D08BF0B46002037
S31508002580536139E7802D1AD0D3211A4B1A4A1B48B2
S3150800259011F034FEB5F5006F13D007D8B5F5007FF6
S315080025A011D0B5F5806FEFD1154BE8E7B5F5805F2B
S315080025B0EAD1144BE3E7144BE1E7144BDFE7144B7E
S315080025C0DDE7144BDBE7144BD9E7232014E700BFFC
S315080025D0B4AF0220B0AF0220DB0FC9400000F03FC5
S315080025E00000E03F0000E040B8AF02206C66030838
S315080025F07C660308F5D2010808D301083FD3010811
S315080026001C660308FC6503083C6603085C66030849
S315080026104C6603080C6603082C66030800B54FF4DD
S31508002620756299B00021194817F089FD0023184AE8
S3150800263014211360174ACDE905331360164A0B9324
S3150800264013602822CDE90021029200220492134A3F
S31508002650134B039205220792124A0C930892099289
S31508002660114B124A0D930A9201231522CDE90E2326
S3150800267006234FF47A5268460D491093FFF7B2FCC9
S31508002680B0FA80F0400919B05DF804FB2CC60220A8
S3150800269090B002208CB0022088B002200000FA45D3
S315080026A03333733F6F12833B0000A042CDCC4C3DC1
S315080026B0D0AF0220B1F5007F30B515D100230B4A03
S315080026C00B4D116830F81340194401336400B3F513
S315080026D0007F25F81140F4D10020136803F5007334
S315080026E0C3F30B03136030BD2120FCE78CB0022036
S315080026F07CD502202DE9F0430024274E87B0274DCC
S31508002700274B2A681B689A4209D1002C41D0002021
S31508002710244A13682344136007B0BDE8F0834FF4D6
S3150800272000782B68204FDFF8889007EB430703AB48
S315080027303A4600934946434604A813F06CFFDDE980
S31508002740033C07EB4307A8EB0308BCF1000F0ED0C8
S3150800275000230598154A984213D113680134184482
S315080027604FF4F563B0FBF3F103FB11001060B8F109
S31508002770000FDCD12B6803F50073C3F30B032B6042
S31508002780BDE711683CF813E0194426F811E0013357
S31508002790E1E71B20C0E700BF2CC6022090B002204C
S315080027A08CB0022084B002207CD5022088B002209A
S315080027B0D0AF0220B1F5F56FF0B53BD1002A39D07C
S315080027C000252C461C4F1D4E3B682344B3FBF1FCE9
S315080027D001FB1C3336F8133001349D42B8BF1D4641
S315080027E0B4F5F56FF0D1AA1A22EAE272A91A0129FC
S315080027F0B8BF012100256FF07F0C3B682B44B3FB63
S31508002800F4FE04FB1E3336F813309B1AC3EB03237E
S3150800281093FBF1F3803B6345B8BF63467F2BA8BFA4
S315080028207F2343550135B5F5F56FE6D10020044BF6
S315080028301860F0BD2120FCE788B002202CC60220D3
S3150800284084B0022010B501214FF47A5001F0DAFD68
S31508002850044648B94FF40071064A074801F0D6FE07
S31508002860044618B101F03AFF204610BDFFF7D6FE20
S31508002870FAE700BF256901087CF5022008B5024879
S3150800288001F020FAFEE700BFAED30108884208B57A
S3150800289002D1B0F1004F1FD080FB0101002911DBE6
S315080028A010F1804041F10001C00F40EA4100002AC2
S315080028B0C2F1000113DD4FF4B371134B134A1448E8
S315080028C011F09CFC134BC01861F100010029EBDAEA
S315080028D06FF00043C018E5E76FF00040E7E71F32E6
S315080028E004DA40F267110C4B084AE8E701238B40EB
S315080028F0013B03EA00025B1003EBD07308419A42DE
S31508002900C8BF013008BD00BFB6D30108C4D301084B
S315080029101ED40108010000C0A5D401082DE9F0471E
S315080029202DED068B81468AB08846DDE9187419466E
S3150800293010461E46154615F09EFF3B7F80F00100A7
S31508002940092B207040F08A8097ED027AF7EE006A2C
S31508002950C6EE877AEB680DF10C0A5B426362F36890
S3150800296029465B422363FB685046E363AB68A36270
S31508002970B368C4ED107A636315F0C7FF504613F0C9
S31508002980E8FF6064CDF800A03A46484698F800107B
S3150800299002AB0AF009FC00285BD1029B84F8483098
S315080029A0039B84F8493096ED028A95ED02AAB4EEA7
S315080029B0CA8AF1EE10FA4FF0140378FE0A7A17EE77
S315080029C0900AE36110F054FD02460B4610F0F2FB44
S315080029D08046894618EE100A10F04AFD42464B46D4
S315080029E010F0C8FE41EC190BB86810F041FD002242
S315080029F0284B10F095FD02460B464046494610F016
S31508002A00B9FE41EC180B1AEE100A10F031FD4246D9
S31508002A104B4610F0AFFE261D04F10C0541EC100BD9
S31508002A20314628460AF0FCFDB0EE490AF0EE690A7E
S31508002A3004F1080104F110000AF0F2FDB0EE480AAC
S31508002A40F0EE680A04F1180104F114000AF0E8FD32
S31508002A5000200AB0BDEC068BBDE8F087012BF7D144
S31508002A6098F80030012B03D10023E3640A4B04E0F5
S31508002A70032B04D10023E364084B2365E8E7022B04
S31508002A8004D1074BE3644FF07E53F6E76FF4000377
S31508002A90EBE700BF00003041FFFF7F7F0000C0402A
S31508002AA0000080BFCB682DE9F74305460E460BB9F3
S31508002AB0FFF7E4FE0B69002BFAD0C46800222368EE
S31508002AC020469B699847814660B9214B0093B723F6
S31508002AD06C6928461F4A2049A0470125284603B0A5
S31508002AE0BDE8F08323680122314620469B69984752
S31508002AF0804620B9194B00936C69BA23E9E7236825
S31508002B00002231462046DB699847074620B9144B10
S31508002B1000936C69BD23DCE7F3684A46CDE90003F8
S31508002B20284643463169FFF7F9FE05460028D5D100
S31508002B302368494620465B6A9847236841462046EB
S31508002B405B6A98472368394620465B6A9847C5E713
S31508002B503DD50108B4D4010826D501084FD501088A
S31508002B6061D50108002313B50446CDE90033044AAC
S31508002B70044B054915F0E9FF204602B010BD00BF19
S31508002B80A52A00088D2B0008296901082DE9FF47A9
S31508002B90D1E903A904460D46BAF1000F01D1FFF7A2
S31508002BA06DFE002215F0F3FF01222946074620464E
S31508002BB015F0EDFF002280462946204615F0E9FF6C
S31508002BC00646007A01280CD1204653464A4629462D
S31508002BD0CDE90186009714F021F9002004B0BDE87C
S31508002BE0F087092809D153464A4629462046CDE9A1
S31508002BF00186009714F08AF9F0E765690AF066FA23
S31508002C00337A024602492046A8470120E6E700BF74
S31508002C1073D501082DE9FF471446DDE90E7E1A46ED
S31508002C20DDE90C63D1ED025A616892ED025A0C682F
S31508002C309FED1E7A0021DFED1E6ADDF840C00434E0
S31508002C400DF10C080DF104090DF1080A614506DBC2
S31508002C500C97317804B0BDE8F0470AF0A5BAB4EC91
S31508002C60016A25EE866AC6EE057A67EE807AF4EE84
S31508002C70C77AF1EE10FACDED017A4CBF45464D46BE
S31508002C808DED037AD5ED007AF4EE667AF1EE10FA58
S31508002C90CDED026AC8BF5546D5ED007AF3EE677AE0
S31508002CA017EE905A2EF811500131CFE700E07FC792
S31508002CB000E07F472DE9F04FCC6805460E46AFB0D9
S31508002CC00CB9FFF7DBFDD1F81080B8F1000FF8D08A
S31508002CD0C76800223B683846DB6998473B6802228A
S31508002CE031469B698346384698473B6800223146F9
S31508002CF09B698246384698473B6881460122314699
S31508002D0038469B6998470C90B9F1000F09D16F4B6B
S31508002D10009376236C6928466D4A6E49A0470120C0
S31508002D20BBE0BBF1000F04D16B4B00936C697723B2
S31508002D30F1E70C9B23B9694B00936C697823EAE7A2
S31508002D40D9F814305A6822611A6962619A68DB6890
S31508002D500D920E9323620C9BE2615B695A689E682A
S31508002D600B92DB686262DBF814200F939168D268D5
S31508002D70A364D9F80C30E1625B42E366DBF80C30F9
S31508002D8022632367D8F80830666410932365D8F859
S31508002D90043011936365D8F8143063661293D8F833
S31508002DA010301393A36698F800305A1E14935342B2
S31508002DB0534184F85830139BDDE90E12009314989A
S31508002DC0119B14F05EFA129B32460D9915900093EA
S31508002DD01498109B14F055FA129B013E5E43109B03
S31508002DE00138013603FB00660D9B139AF61A0F9BF2
S31508002DF01199013B5343159A0133013A01FB0233FA
S31508002E000E9A99F81C009B1A26EAE67623EAE373DB
S31508002E1076105B100928E665236640F0D68004F133
S31508002E201006304614F04BFE04F134030E9304F1F9
S31508002E303803AA6B08F10C080D93002854D0002318
S31508002E4023700B9B284659000F9190470F99BAF1AA
S31508002E50000F37D000239FED227AE0640B9A9A423E
S31508002E601EDCAB6B28469847E0630F90304614F09B
S31508002E7045FE0B9B064604930F9B9FED1A0A039388
S31508002E800D9B494602930E9B2846CDE900830C9A72
S31508002E905B46FFF7BFFE002878D02FB0BDE8F08F5D
S31508002EA0DAF8102002EB8302D2ED007AF8EEE77A20
S31508002EB067EE877AF3EE677A17EE902A20F81320E2
S31508002EC00133CBE7C4F84CA0CBE700BF02D6010814
S31508002ED08FD5010826D5010861D5010813D6010842
S31508002EE000000038000000470B9B28469E0031462C
S31508002EF090473146AB6BA067284698470B9BE0671F
S31508002F00CDE90703A36F494606930D9B284605930B
S31508002F100E9B0C9A049317AB039316ABCDE901836A
S31508002F20CDF800B053460AF0C3F90028B5D10123FD
S31508002F302370E36E1CAA2493236F18A92593236D87
S31508002F4024A82793636D2693636E2B93A36E2A9307
S31508002F50E36D2993236E2893636B2C93A36B2D93B0
S31508002F6023691893E3691993236A1A9363691B9370
S31508002F70636C1D93A36C1E93E36A2193236B2293C0
S31508002F80636A239320AB0DF06FF90646002E2EDDFB
S31508002F90314628462B6C04F10C02984700287FF42A
S31508002FA07CAF3B68494638465B6A98473B68384673
S31508002FB05B6A0C9998473B68594638465B6A984756
S31508002FC0BAF1000F29D1002067E701281DD1022395
S31508002FD0237098F80C30012B03D100236360124B41
S31508002FE004E0032B07D100236360104BA3604FF066
S31508002FF0FF33E360D5E7022B04D10D4B63604FF036
S315080030007E53F3E76FF40003E8E76C690AF05EF8AD
S31508003010084902462846A04781E63B685146384695
S315080030205B6A9847CFE700BFFFFF7F7F0000C0407D
S31508003030000080BF25D6010830B585B00C46054688
S3150800304008990AB9FFF71AFC1268A2610029F9D093
S315080030500A68A262002BF5D0E1681B680029236480
S3150800306002DB436C9847606704F1100014F071FCAA
S3150800307070B100230293074B03900193064B284631
S3150800308000936C694FF48A73044A0549A0470120E6
S3150800309005B030BD60D6010867D601088FD501088E
S315080030A046D601082DE9F04F2DED048B16461D4630
S315080030B0B1F96030B7B00993B1F95C3091ED019A76
S315080030C00A93B1F95430D1ED029A0B93B1F9503005
S315080030D01AA80C93B1F96830459C0D93B1F9643080
S315080030E011460E9315F05BFD0EB9FFF7C7FB336863
S315080030F0294621A8109315F052FD002DF5D02B680E
S31508003100449928A80F9315F04AFD449B0BB11B68F8
S31508003110449321462FA815F042FD002CE5D02368DC
S3150800312019931A9B042BE0D1219B042BDDD12F9BED
S31508003130042BDAD100232FAA19461AA814F092F8FC
S315080031400323129000212FAA21A814F08BF8449B80
S315080031501E9C059043B100220123289828A9824283
S3150800316029DB059A9A42C0D11C9B13931D9B149385
S31508003170239B1593249B1693259B039394FBF3F3A8
S31508003180002BB2D0039A02FB1344002CADD1059A4A
S3150800319092FBF3F30893002BA7D0319B1793329B2E
S315080031A01893129BA34240F39F800A9B5B420693A7
S315080031B00023049314E051F8045F01326B43CEE711
S315080031C04FF00009099B5B420793189B4B4500F398
S315080031D08980049B0C9A01330493069B1344069337
S315080031E0179B049A9342EBDC0134DAE7089B4FF00D
S315080031F0000A95FBF3F3DFED3F8A039A069E5343D5
S315080032001193159B53452CDC449B002B67D003EB8D
S31508003210850393ED008A38EE288AB4EE489AF1EED3
S3150800322010FA39FE088AF4EE489AF1EE10FA4B467F
S3150800323000952146049A2FA848BFB0EE698A13F074
S31508003240DFFF199B013503EB800080ED008A059BA3
S31508003250AB42CBDC079B0B9A09F101091344079390
S31508003260B3E74FF0000B079F169B5B4504DC0E9BEC
S315080032700AF1010A1E44C4E756EA07032AD4149B36
S31508003280BB4227DD139BB34224DD4FF000081EE046
S31508003290119B32464344214600931AA83B4613F035
S315080032A0AFFF109B524603EB800090ED008A5B4609
S315080032B0CDF80080294621A813F0A2FF0F9B08F13C
S315080032C0010803EB8000D0ED007AE8EE278A039B1D
S315080032D04345DDDC0D9B0BF1010B1F44C4E79FED55
S315080032E0058A98E70025B2E7002037B0BDEC048BC5
S315080032F0BDE8F08F00000000002313B50446CDE9B1
S315080033000033044A044B054915F01FFC204602B059
S3150800331010BD00BFB52C000883730108EF710108C2
S315080033202DE9F04FCC6807460E4695B00CB9FFF765
S31508003330A5FA0B690393002BF9D0C56800222B6800
S3150800334028469B6998472B68012231469B69814626
S31508003350284698472B68022231469B6983462846A9
S3150800336098472B688046002231462846DB699847ED
S315080033708246B9F1000F0BD16D4B00934D237C6942
S3150800338038466C4A6C49A047012015B0BDE8F08F55
S3150800339020B96A4B00937C694E23F1E799F81C60C3
S315080033A006F0F706012EEFD1B8F1000F00F09F8066
S315080033B041460CA815F0A9FA00220C990CAB8A42D2
S315080033C0C0F2908099F81C30092B72D1039B5246A3
S315080033D019780AAB0093384609AB09F0E5FE0028D0
S315080033E0D3D100220023CDE90C230CABCDE900A3F1
S315080033F05A46434649463846FDF772FB0028C4D16B
S31508003400D9F81030D9F81410A36004A814F026F8D7
S3150800341004F10C0C04AB0FCB8CE80F00D9F80C3078
S315080034205B42E361BBF1000F63D0DBF81030DBF8D9
S315080034301410236204A814F011F804F1240C04AB48
S315080034400FCB8CE80F00DBF80C30DAF814105B426F
S3150800345063630023C4E90E36DAF8103004A823643F
S3150800346013F0FCFF04F1440C04AB0FCB8CE80F00FF
S31508003470DAF80C309DED0C0B6365FCF7B9FF10EE1E
S31508003480103AA4F85830099B04F1080084F85A3019
S315080034900A9B84F85B3014F03AFB84F8600050BB52
S315080034A020469DED0C0B0BA90AF050F80B9B5B42CE
S315080034B063602B68494628465B6A98472B685946D5
S315080034C028465B6A9847B8F1000F04D02B68414636
S315080034D028465B6A98472B68284651465B6A984790
S315080034E0002052E753F8040F0132464367E7464681
S315080034F068E75B469BE7B8F1000FDAD0D8F81030DA
S31508003500384603937100BB6B9847074600283FF47B
S315080035103BAF01463246039802F0BAFF00287FF413
S3150800352033AF94F86030A763002BC2D1B8E700BF69
S3150800353002D6010874D6010826D5010861D5010806
S315080035402DE9F04F2DED028B012AA1B01C46DDE9CD
S315080035502C762E9D15D0032A18D0F7EE007ADFEDCB
S315080035604C8A022A9FED4B8A47FEA88AFFEE007A0C
S3150800357007FE888A214604A815F011FB4CB9FFF707
S315080035807DF9DFED438A9FED448AF3E7F1EE088A79
S31508003590F9E7236839460BA8039315F000FB002FBB
S315080035A0EDD03B68314612A8029315F0F8FA002EC2
S315080035B0E5D0294619A8376815F0F1FA002DDED0AE
S315080035C0199C2B68013C214619A8019313F02FFF7B
S315080035D00B9D0090A91E0BA813F0AFF92146814652
S315080035E019A813F0AAF981450446C8D1691E0BA883
S315080035F013F0A3F9002302469C461846DFED266A17
S31508003600009961453DDD0025019901EB8009039983
S3150800361001EB8308294621E0BAEC016ABBEC017A82
S31508003620E6EE077A0EF1010E7245F5DC0FB307EBED
S31508003630810E9EED007A77EE877AF4EE487AF1EEFF
S3150800364010FA48BFF0EE487AF4EE687AF1EE10FA0E
S3150800365078FEA77AE9EC017A01311544A1420BDA22
S31508003660029EC2464FF0000EDFED0B7A06EB850B85
S31508003670DAE7B0EE667ADEE70CF1010C2044134473
S31508003680BEE7002021B0BDEC028BBDE8F08F00BF7D
S31508003690FFFF7F7FFFFF7FFF00000000002313B5B9
S315080036A00446CDE90033044A044B054915F04DFAA2
S315080036B0204602B010BD00BF213300086939000852
S315080036C01D7401082DE9F04F92F86070E1B01446B8
S315080036D0DDE96A981E466C9D08905FB11F7A092F2E
S315080036E008D1CDE96B85CDF8A89161B0BDE8F04F5A
S315080036F013F0CFBEB8F1000F01D1FFF7BFF8D8F825
S315080037000070002F00F08B8029462FA815F047FA85
S315080037102F9B022BF1D1309B494636A8DDF8C4B061
S31508003720099315F03CFA369936A8013913F005F9CC
S31508003730314682463DA815F032FAE269CDF874A002
S315080037402A92626D099B2C92626B30462B9294F9F1
S315080037505A201A932D9294F95B201EAF2E92226856
S31508003760169262680124CDE91EA44FF0000A52425F
S31508003770CDE926341792CDE9204BCDE9244BCDE986
S31508003780284BCDE91B44CDE92244CDE918AA13F00C
S315080037907AFE8346484613F076FED8F80030002DA8
S315080037A0ABD02A682AA9069226AACDE9043222AB0A
S315080037B0CDE90203CDE900B71AAB16AA18A80CF092
S315080037C009FD50B3089B3046D3F814B013F05BFEDE
S315080037D00646484613F057FE2B6816AA069326ABEC
S315080037E00593D8F800302AA9049322ABCDE9020341
S315080037F0CDE900671AAB18A80CF0ECFC564BCDE9DE
S31508003800020A0193554B08980093554AE4235549F3
S31508003810D847204661B0BDE8F08F0020FAE7E36993
S3150800382031460B93636B44A80C93636D0D93236821
S315080038300E9363685B420F9394F95A30089394F990
S315080038405B30099315F0ABF9304613F01CFE494678
S3150800385010904BA815F0A3F9484613F014FE4146FC
S31508003860119052A815F09BF9294659A8D8F800B026
S3150800387015F095F9002D3FF440AF4B9E2B68012EAD
S3150800388014937FF73AAF599C002C7FF736AFDDE9E2
S31508003890083293423FF731AF013C214659A813F04D
S315080038A0C6FD2146129059A813F047F8B11E0546E1
S315080038B04BA813F042F885423FF71FAF711E4BA87D
S315080038C013F03BF83C460646B946BA46129B5345A2
S315080038D0A3DD4FF00008149B47464B440A932BE0A0
S315080038E01EF9012B0C9913921CF9012B01330A447A
S315080038F015920B99139A0A441146159A01FB020070
S315080039009E42EDDCBBF1000F02D05BF8273018446D
S31508003910DDE90E1209F0E2FD0D9B01371844089BFC
S31508003920B0449842B8BF1846099B9842A8BF1846A3
S315080039300A9B03F8010B0A93BD4208DD109B03EBB3
S31508003940040E119B03EB080C00231846D8E70AF16E
S31508003950010AA9443444B9E7F2D6010807D7010891
S3150800396074D6010846D601082DE9F043D1F810901F
S3150800397004460D4685B0B9F1000F01D1FEF77EFF6A
S31508003980002215F004F9012229460646204615F0BC
S31508003990FEF8022229460746204615F0F8F80022C6
S315080039A080462946204615F0F4F8EA680346002AB8
S315080039B0E4D0307A01280BD0092816D0656909F0B9
S315080039C085FB337A02460D492046A847012009E0BF
S315080039D099F800202946CDE9018320463346009709
S315080039E0FFF7AEFD05B0BDE8F083CDE901832946B2
S315080039F0334620460097FFF765FEF3E773D50108BF
S31508003A00D0F8BC2038B5052A06D8002300F1900462
S31508003A109A4205D100200AE0064800F053F9FEE76D
S31508003A2054F8045F8D4203D12A3350F8230038BD79
S31508003A300133EDE7AED3010820292DE9F04105460B
S31508003A400F461446984607D11F4815F000F8BDE8FA
S31508003A50F0411E4814F0FBBF03681B68984740B145
S31508003A601B4814F0F4FF39461A48BDE8F04114F033
S31508003A70EEBFD5F890C0BCF1040F06D939461648F2
S31508003A8014F0E5FF05211548EFE74FF01C0E0FCCA3
S31508003A900EFB0C5E0EF104060FC6D5F8BC3094E892
S31508003AA0070086E807000CF10102CEF81870C5F881
S31508003AB0902005EB83020133C2F89470C2F8A880FF
S31508003AC0C5F8BC30BDE8F0812BD801085CD80108E0
S31508003AD071D80108A0D80108C1D80108F2D8010890
S31508003AE0014B1868704700BF24B20220014B1868C2
S31508003AF0704700BF20B20220014B1868704700BF0C
S31508003B001CB2022030B5244D89B0D5E8AF4F14F069
S31508003B10010411D1284616F0E3F968B11F48204B75
S31508003B20204A21490360C0F89040C0F8BC4016F00E
S31508003B30D2F9284616F0E0F901A8FFF7DDFB01AA3D
S31508003B4003211A4B1548FFF777FF01A8FFF70AF874
S31508003B5001AA0021164B1148FFF76EFF01A80AF0CB
S31508003B60A3F901AA2821134B0C48FFF765FF01A802
S31508003B70FFF794FD01AA09210F4B0848FFF75CFFE0
S31508003B8001A800F031FA19210C4B044801AAFFF7E5
S31508003B9053FF024809B030BD94B0022098B0022005
S31508003BA064D90108EC210320BF740108978701082E
S31508003BB03D870108D9860108D5CF00087DD00008C1
S31508003BC02DE9FF412F4CD4E8AF3FDB070BD4204645
S31508003BD016F086F938B12C4A2C492D4816F07BF98F
S31508003BE0204616F089F92A4B2A4E33602A4B1A6862
S31508003BF0D7189B58FB1A1A88042A04D99B8813B12C
S31508003C00FB58032B04D02549214814F02BFDFEE769
S31508003C10FFF778FF8046224DD5E8AF4F14F0010430
S31508003C2015D1284616F05CF988B11E4B424639462E
S31508003C300093CDE901441C4B1C4814F096FE124A29
S31508003C401B491A4816F047F9284616F055F9174839
S31508003C50184D286009F06AFE044620B116493068F6
S31508003C6014F000FDFEE70146286809F035FD134B00
S31508003C7021461860286809F045FD114B186004B004
S31508003C80BDE8F08118B20220EC210320BD740108BA
S31508003C90F021032028B2022044DC010805D90108D6
S31508003CA058B1022098AB0200000400205CB1022043
S31508003CB00F8A010824B2022022D9010820B2022064
S31508003CC01CB2022038B5094B04461B7863B107F0CD
S31508003CD0E1F80546204616F090FA2146024628469F
S31508003CE0BDE8384014F0E6B838BD00BF50230320BD
S31508003CF02DE9F0470B6804460F46C56892B013B124
S31508003D001B68012B11D00122CDE902323C4B0193ED
S31508003D103C4B00932F23656920463B4A3B49A847FD
S31508003D200124204612B0BDE8F0874B6813B11B6822
S31508003D30012B09D00122CDE90232314B0193344BD4
S31508003D40009365693023E7E72B68002228469B69BC
S31508003D509847064640B92F4B00933223656920469B
S31508003D60294A2D49A847DBE743691B68002B04DC71
S31508003D702A4B009365693323F1E72B6800223946FD
S31508003D802846DB699847804620B9254B0093656924
S31508003D903523E4E7D7F80C90B9F1000F04D1214B8D
S31508003DA0009365693723DAE7CDF800903B69024648
S31508003DB031462046FCF72CFF3146044604A814F089
S31508003DC0A4FD41460BA814F0A0FD049F0BAA013FD1
S31508003DD0394604A813F0B1FB3B46824639460BAA7E
S31508003DE004A813F03FFA2B683146C9E90EA05B6AAE
S31508003DF0284698472B68414628465B6A984790E7C5
S31508003E0056DA01081DDA010878D9010846D60108EC
S31508003E102DDA010802D6010826D501083EDA01087E
S31508003E2061D5010858DA01082DE9F04F2DED048B0C
S31508003E300C460E6885B0013E3146009091462046F4
S31508003E401A461D4613F079FB33462A46314607467D
S31508003E50204613F007FA00260446B046DFED299AF5
S31508003E6003AAB84504DB05B0BDEC048BBDE8F08FAA
S31508003E7009EB860B5846B0EE698A0021B500A142C7
S31508003E808DED038A0FDB129B4FF0000A1D442B466B
S31508003E90DFED1D8AA24514DB0023A3422ADB08F1C5
S31508003EA001082644DDE70346D3ED007AF4EEC87A26
S31508003EB0F1EE10FAD8BF1346043093ED008A0131AB
S31508003EC0DDE70193009BBBEC019AD3E900010FF0F3
S31508003ED009FE39EE489A00EE100A20EE090A10F09B
S31508003EE017FE019B78EE808AA3EC010A0AF1010A03
S31508003EF003AACFE795ED007AC7EE287A0133E5ECF9
S31508003F00017ACAE7FFFF7FFF00000000F0B5002234
S31508003F10A5B00C46054614F03AFE2146074600228F
S31508003F20284614F036FEE46806460CB9FEF7A6FCE9
S31508003F3014AD0FCC0FC50FCC0FC50FCC0FC594E829
S31508003F400F0085E80F00387A07282DD0092817D0E2
S31508003F5001283ED1394606A814F021FE31460DA89F
S31508003F603C6814F01CFE002EE0D03368224600930D
S31508003F7006A90DAB14A8FFF757FF002025B0F0BD22
S31508003F80D6F800C0367A1A9D179C092E38682299E9
S31508003F90CDE9015C169B239A009402D10CF01CFA19
S31508003FA0EBE70CF027FAE8E71E9B386804931F9B9B
S31508003FB0DDE922120593DDE91634002EB6D0356800
S31508003FC0029504ADCDE900450CF022FA0028D4D0BC
S31508003FD0ACE709F07BF83A7A0146024814F037FD57
S31508003FE00120CBE773D50108002313B50446CDE9B4
S31508003FF00033044A044B054914F0A7FD204602B0D5
S3150800400010BD00BFF13C00080D3F000829750108E6
S3150800401080B555488AB014F013FB544814F010FBC9
S3150800402028220521524808F081FF524814F008FB5F
S31508004030FEF708FC18F04BFB01210446084617F06A
S315080040409FFD204618F03EFB4B4D4C4E4C4F4FF013
S3150800405008090DF118080022C82311461046CDE9B3
S31508004060009817F02BFBFEF745FBFFF73FFD12F014
S315080040704EFC0028EFD1FFF733FD09F04DFD04464D
S315080040800028E8D1FFF738FD0028E0D002692B6840
S3150800409092F90010CDE90344F15492F90100F118A0
S315080040A04871052092F9022001338A7293FBF0F2D7
S315080040B002EB82029B1A2B60304B059403AA93F9F4
S315080040C0001093F901C001348C4493F90210032CB3
S315080040D0614493F903C003F105038C4413F9011CE9
S315080040E0614491FBF0F142F8041BE8D1DDE90312C3
S315080040F08A42CCBF14460C46059BCCBF4FF001083C
S315080041004FF000089C42BCBF4FF002081C4657F807
S315080041102800019400901B4808F008FF1A4813F07D
S3150800412047FD1A4813F044FDB8F1000F05D1642C79
S315080041300ADC174814F084FA89E7B8F1020F10D0A0
S31508004140272C06DC1348F5E70F4813F02EFD124816
S31508004150F0E70D4813F029FD0C4813F026FD0F482B
S31508004160E8E70F48E6E700BF73DA01089CDA0108BA
S31508004170C7DA0108F8DA01082CB2022085FD022008
S315080041809CDB010823DB01082CDC010814DC010890
S3150800419042DB01084DDB01085BDB01085FDB010838
S315080041A049DB010800B58FB00AAB02220893002349
S315080041B04FF40071CDE906323322CDE902210A4ACD
S315080041C0CDE9043301921422084900920848094AA5
S315080041D005F048FF9DF828301BB19121064813F0D9
S315080041E07CFA0FB05DF804FB30B2022066DB0108EA
S315080041F030BA02201140000871DB0108064B1B6823
S315080042001A7A022A04D812B11B68044A1360704746
S31508004210032AF9D0704700BFF4210320C8BA022048
S3150800422070B51F4DA2B00BAC0FCD0FC495E80F00AB
S3150800423084E80F0000244FF47023CDE90244049467
S31508004240019313AD01AE0FCE0FC5164BCDE907444A
S3150800425009942B60144B18AD069306AE0FCE0FC506
S315080042602022124B12482B60124B13A91D93124B96
S315080042702094CDE91E23114B0BAA2193104B06F06F
S31508004280C1FE044618B1BA210E4813F026FA0021D9
S315080042904FF4E13013F005FA204622B070BD00BF96
S315080042A0DCDB01083C00015B01000F004400015BF8
S315080042B0E4BB022094FD022000010100082203202D
S315080042C0CCBA0220A8DB010829B9074B186803688D
S315080042D04BB107F05BBE012905D1034B186803688B
S315080042E00BB113F0C6BE70471C22032008B504495B
S315080042F0044808F039F9BDE80840FFF791BF00BF48
S315080043002022032010BC0220014806F0B5BF00BFDA
S31508004310E4BB022008B5054813F044FC044813F032
S3150800432041FCBDE80840034813F03CBC2CDC0108FE
S3150800433014DC0108FCDB01087FB5254A0828138828
S31508004340ADF80030ADF80430ADF80830ADF80C30F3
S315080043504FF42063ADF810305388ADF814300ADCFA
S3150800436000280EDD013807280BD8DFE800F00C1509
S315080043700A1A0A0A0A1E202821D0402823D0102803
S3150800438017D0E12116E001220421684602F082F9DD
S31508004390002007B05DF804FB042101220DEB0100A3
S315080043A0F4E70122042102A8F0E70122042103A868
S315080043B0ECE7CA21074813F090F90E20E9E7012235
S315080043C0042104A8E2E70122042105A8DEE700BFCC
S315080043D030350308C434030808B5064818F056FCF7
S315080043E013F0E6F84020FFF7A7FFBDE8084000F005
S315080043F049BA00BF70420308014818F047BC00BF1D
S3150800440070420308F0B54B1E012B07460E468DB0C9
S3150800441000F29080DFF858C103AC65460FCD0FC493
S315080044200FCD0FC42B6844482360BCF82430BF0165
S31508004430ADF80030BCF82630ADF80430BCF82830AA
S31508004440ADF8083018F022FC3C4818F01FFC002292
S315080044500121684602F01EF9042100220DEB010035
S3150800446002F018F90022042102A802F013F9052324
S315080044708DF80C3001238DF820304FF44073012E4F
S3150800448003A92F4808BF8DF82B60ADF8283005978B
S3150800449005F082F80D222B4B1A622B4A1A634FF04D
S315080044A003125A6302F500325A6202F03FFB0021FA
S315080044B0264802F0C3FA044618B1012420460DB076
S315080044C0F0BD234A012ED37823F03C0343F034038E
S315080044D0D370D37C23F03C0343F03403D37412D156
S315080044E001461C4802F0AAFA0028E6D11A4AD378EF
S315080044F023F03C0343F03403D370D37C23F03C030E
S3150800450043F03403D37418F0E2F80121054608464F
S3150800451017F036FB284618F0D5F8104B104A1E70CF
S31508004520002313700F4A13700F4A137001220F4BA2
S315080045301A70C3E72124C1E77042030860420308E2
S3150800454000000A5000C80350030004001CBC0220E7
S315080045504822032018BC022028220320B4FD02208A
S31508004560B8FD0220B7FD0220B6FD0220B5FD0220E7
S3150800457034350308184B73B51B78002B28D0174D14
S315080045802C783CBB164A174E13681748334003432A
S315080045901360136915493340034315489160136145
S315080045A091610094134B1449006802F0F3FA134B17
S315080045B01B78012B07D1124800942346114A124949
S315080045C0006802F0E7FA012300202B7002B070BDE4
S315080045D01120FBE70220F9E7B5FD0220B6FD02200F
S315080045E0482203200F80FFCFF07F00307EFD022097
S315080045F01CBC02206547000878220320B4FD02206F
S3150800460018BC02202822032068220320184B2DE913
S31508004610F0411B7804460D4616461BB3154B1B780E
S3150800462013BB154F3B78FBB9DFF8608098F800306C
S315080046304B43B3F5006F19D8104B1B780BB9FFF72E
S3150800464099FF98F8003000205D430D4B1D600D4B17
S315080046501C6004EB45045C600B4B1E6001233B7039
S31508004660BDE8F0811120FBE70220F9E72120F7E7F2
S31508004670B5FD0220B8FD0220B7FD0220B6FD0220D6
S3150800468024BC022028BC022034BC0220B4FD02202F
S3150800469010B50C4C237893B10B4B186816F03EF8FE
S315080046A00A4B1B78012B03D1094B186816F036F80C
S315080046B00020084B20701870074B187010BD022098
S315080046C0FCE700BFB6FD02201CBC0220B4FD022098
S315080046D018BC0220B8FD0220B7FD022030B5002420
S315080046E01B4B85B0DA8C1B4DADF804209A8C1B8DBC
S315080046F0ADF80820ADF80C30FFF7CAFF284604F0DD
S31508004700B3FE224621466C6501A801F0C3FF224686
S31508004710214602A801F0BEFF2246214603A801F061
S31508004720B9FF0D4B186802F0DBF90C4B186802F05C
S31508004730D7F917F0CCFF05462146012017F020FAD5
S31508004740284617F0BFFF2046054B1C7005B030BD44
S315080047503435030800000A501CBC022018BC02208D
S31508004760B5FD0220F8B53B4D2B78002B42D03A48D0
S3150800477011F0010F00F1100308BF1946374E384BE8
S3150800478032681C6818BF0146A2422CD2CB786FF358
S315080047900513CB70334B1B6803EB42038B60A31ADC
S315080047A0B3F5006F0B8817D940F2FF7402F5006263
S315080047B064F30E130B803260C37803F03003302B9A
S315080047C008D1C37C03F03003302B03D100232B70B0
S315080047D0FFF75EFF0120F8BD671EBA1A62F30E13D3
S315080047E00B803460E8E70A681F4B13430B601F4BC6
S315080047F08B60E1E71E4B1B78002BEBD0C9431648AC
S3150800480001F0010300EB0314E2781D01C2F3011263
S31508004810032A0FD1124A46591168164A0139C1F3BB
S315080048200A01324042EA01124251134A52F8233031
S31508004830A360CFE7114A1268002ACBD0104908486E
S3150800484009780068B0FBF1F10B4850F8230090474F
S31508004850C0E700BFB8FD02204822032020BC022082
S3150800486024BC022030BC0220F07F00307EFD0220EE
S31508004870B7FD02200F80FFCF28BC022034BC0220DF
S31508004880B4FD02202DE9F047544E96B0354609ACE2
S315080048900FCD0FC42B6806F1140523600EAC0FCD9F
S315080048A00FC495E80F00DFF84C8184E80F004C48E8
S315080048B018F0ECF9404618F0E9F94FF48073494FBF
S315080048C0ADF83C30484B38460B9309A90EAB0D930F
S315080048D004F054F904214FF4E065B6F834A00DEB62
S315080048E001000122ADF804A001F0D4FEB6F8369016
S315080048F00022012102A8ADF8089001F0CBFE368F00
S315080049000122042103A8ADF80C6001F0C3FE0122C0
S31508004910042104A8354CADF8105001F0BBFE344B09
S315080049204FF44870C4F8C8344FF00213C4F8C434BE
S3150800493003F58033C4F8CC341C23C4F8B43408F027
S3150800494035F808A8ADF8205001F018FF142008F033
S315080049502DF808A8ADF8205001F0E0FE232008F055
S3150800496025F808A8ADF8205001F008FFB921384607
S3150800497013F0CCF908A8ADF8205001F0CFFE0022BC
S3150800498005A81146ADF814A001F084FE002206A879
S315080049901146ADF8189001F07DFE0122002107A806
S315080049A0ADF81C6001F076FE0122002108A8ADF8DA
S315080049B0205001F06FFE384603F098FD002340466C
S315080049C0C4F8B434C4F8C834C4F8C434C4F8CC340D
S315080049D018F05FF916B0BDE8F08700BF6035030828
S315080049E07042030800C00850E070720000C003500F
S315080049F002000100744203080348044A0449121AD3
S31508004A00921012F05DBE00BFB4010008B4010008A0
S31508004A10EC21032008B5154B83F30A8800F030F81B
S31508004A20FFF7EAFF124B13498B4212D30020124BB1
S31508004A3012498B4218D3FDF7ABF8186850F8224094
S31508004A40586840F82240013298688242F5D30C3300
S31508004A50EAE70022F8E71C6844F8220001325C689D
S31508004A60A242F8D30833E4E70022F8E70000002062
S31508004A70DC080408E8080408E8080408E808040844
S31508004A804FF48041144B154A70B59A60D3F88820C4
S31508004A90134D42F47002C3F88820124A05F50054F3
S31508004AA091664FF0FF3222666FF4003262660D227D
S31508004AB0A2660222C3F8D020BFF34F8FBFF36F8FD1
S31508004AC04FF44036002006F093F90020E66006F021
S31508004AD05DF92E6170BD00BF00ED00E00000000822
S31508004AE00080004400900050014B1860704700BFDA
S31508004AF08C220320054B1860054B1B6F03F0070338
S31508004B00032B01D115F05CBD704700BF942203202A
S31508004B100080005038B504460D4601B118B9372152
S31508004B20034812F0DAFD23682B60256038BD00BF04
S31508004B309A35030838B504460D4601B118B945211A
S31508004B40044812F0CAFD236813B92B60256038BDE6
S31508004B501C46F8E79A35030810B5044618B95621D5
S31508004B60044812F0BAFD206818B1036823600023D0
S31508004B70036010BD9A35030838B504460D4601B1E1
S31508004B8018B98B21064812F0A8FD23682BB1AB4251
S31508004B9004D12B68236000232B6038BD1C46F4E73C
S31508004BA09A3503084FF0BA420123054802F58051A9
S31508004BB04B60086203490968D160034A137070475D
S31508004BC001000C1F98220320B9FD02204FF0BA41BC
S31508004BD0074BCA681A600123064A53604B6813F0EC
S31508004BE00203FBD14FF0FF311162034A137070477D
S31508004BF0982203200020005DB9FD02204FF0BA423A
S31508004C00D369126A10B5134013F0F8501EBF01207D
S31508004C10114A1070DC070ED54FF0BA410A695007E1
S31508004C20FCD50E4A4C6910682044106088695168A2
S31508004C30014401205160590341BF08490A6802F13D
S31508004C4080720A601A0341BF04494A6802F18072F9
S31508004C504A60034AD36110BDBAFD022038BC02205F
S31508004C600020005D0023044A04491370044A0548DD
S31508004C701360054A00F0B8B9BAFD0220CD4B00080A
S31508004C8044BC0220A54B0008FD4B000808B500F0FF
S31508004C900FFA4FF0BA430A4AD969136841F201502C
S31508004CA00B4313604FF47D32064BDA61064B1A78D4
S31508004CB0002A4FF0000208BF10461A7008BD00BF50
S31508004CC044BC02200020005DBAFD022009230E4ADA
S31508004CD070B5C0F810311368054601330E461360E7
S31508004CE0FFF7D4FF044660B900F0D0F94FF48A7292
S31508004CF02846064900F0AEF91EB1BDE87040FFF738
S31508004D00C5BF204670BD00BF40BC02206400005DE0
S31508004D100729F8B505460C4610EE107A10EE906A8B
S31508004D2004D940F20711044812F0D7FC05EB8403B6
S31508004D3025F824705E80F8BDFA3503082DE9F84F8A
S31508004D40042980460D4693469946BDF82840BDF885
S31508004D502C70BDF83060DDF838A004D94FF4917195
S31508004D60344812F0BAFCB4F5806F04D940F2231126
S31508004D70304812F0B2FCB7F5806F04D94FF492713F
S31508004D802C4812F0AAFCB6F5806F04D940F225111A
S31508004D90284812F0A2FC0D9B03F50063B3F5805F6B
S31508004DA004D34FF49371234812F097FC0AF5006375
S31508004DB0B3F5805F04D340F227111E4812F08DFC2C
S31508004DC00F9B03F50063B3F5805F04D34FF494712A
S31508004DD0184812F082FC184B0F9A013E03EA024269
S31508004DE0C6F3090616430D9A013C03EA0A4AC4F3B8
S31508004DF0090403EA02431C43013F4FEA093303F45B
S31508004E004053C7F309071C4347EA0A0708EB05138B
S31508004E1019F0040F05F10205C3E90A7618BF44F430
S31508004E2080442B0108EB05156C6048F803B0BDE813
S31508004E30F88F00BFFA3503080000FF0F2DE9F0418F
S31508004E40072905460E4614461F469DF8208004D9B4
S31508004E504FF4B5710A4812F040FCDDE90623240533
S31508004E601A43B8F1000F01D044F000440C2303FBA9
S31508004E700651C1E92C72C1F8B840BDE8F08100BFFF
S31508004E80FA3503082DE9F041072906460C4615466A
S31508004E9098469DF8187004D940F27D11214812F001
S31508004EA01CFC013DABB2B3F5806F04D34FF4BF7160
S31508004EB01C4812F012FCB8F1070F04D940F27F1112
S31508004EC0184812F00AFC072F04D94FF4C071154888
S31508004ED012F003FC0C21079B06EBC40245EA0335D6
S31508004EE0089B15671B03536701FB0862B845D2F890
S31508004EF0B8004FEA440406D10323A3400343C2F88B
S31508004F00B830BDE8F0810123A3400343C2F8B830A6
S31508004F10022201FB0766D6F8B830A2401343C6F84A
S31508004F20B830EEE7FA350308F8B500210C25044633
S31508004F30D0F8743200F50976DFF854C0D0F8680264
S31508004F408B4217DA05FB030393F8BB20002142F0D6
S31508004F50800283F8BB20FFF7B9FE4FF48A72D4F8B3
S31508004F606C3283F00103C4F86C3202FB0343C4F8C5
S31508004F706832F8BD05FB0107D7F8B82056F804EFE4
S31508004F8002EA0C0242EA0E02C7F8B8200131D7E756
S31508004F900000FFFF8B1E012B03D8044B1B6823B1AF
S31508004FA01847012901D8024BF8E770475CBC022074
S31508004FB060BC022010B517F08AFB044600210120C8
S31508004FC016F0DEFD204617F07DFB0022014B1A7015
S31508004FD010BD00BFBBFD0220024B03C883E80300D7
S31508004FE00020704750BC022038B5114C2378E3B92D
S31508004FF0104B114D1960114B28601A604FF0804212
S315080050000F4B10489A66FFF7E7FF1C2005F0BEFE17
S315080050102B6803B198470C480C4907F0A5FA0123F9
S31508005020002023700A4B187038BD1220FCE700BF19
S31508005030BCFD02205CBC022060BC022058BC0220D9
S315080050400090005050BC022048BC02206436030879
S31508005050BBFD02200B4B10B51B7873B10A4B1B78AE
S315080050606BB1002392089A4201D1002010BD50F876
S31508005070234041F823400133F5E71120F6E70E20D7
S31508005080F4E700BFBCFD0220BBFD022010B517F0F7
S315080050901EFB01210446084616F072FD204617F04D
S315080050A011FB0122014B1A7010BD00BFBBFD022087
S315080050B0064B1B7843B14FF0BA4213695B07FCD520
S315080050C0034A1378002BFCD1704700BFBCFD0220B1
S315080050D0BBFD022008B5054B1B682BB1984718B1D4
S315080050E0BDE80840FFF766BF08BD00BF58BC0220F0
S315080050F00048704764BC02200048704764BC022020
S31508005100F0B5044601258C4205D88D4203D8002007
S3150800511015601C60F0BD0020DFF828C01CF8017B74
S31508005120B4FBF7F607FB164EBEF1000F05D1B442E5
S3150800513007FB05F504D03446E5E701300B28EDD129
S315080051400120E5E76C3603082DE9F04F174687B0CE
S3150800515004460D469846FFF7CBFF17F1800F064623
S3150800516002D1B8F17F0F04D0A02D12D82544A5424C
S3150800517003D1002007B0BDE8F08F94F900309F42B4
S3150800518002DD27700134F2E79845B8BF84F800803D
S31508005190F8E74FF0000940F20A2A3B463A46002152
S315080051A0304612F0AEFA434642460121304612F026
S315080051B0A8FA4B464A4649463046CDE90199CDF804
S315080051C000A0FFF73BFE40F20B232F4A0121CDE951
S315080051D00032304640F2D5122C4BCDF80890FFF736
S315080051E02DFE01212A4B40F2D512CDE90131304678
S315080051F00221284BCDF800A0FFF720FEB5F5006F79
S315080052002B4628BF4FF4006323F0030B4FEA5B0AD3
S315080052101FFA8AFA2246002130460593CDF800A0E7
S31508005220052312F0A2FA0523224601213046CDF8BD
S3150800523000A012F09AFA0223059A0021304600933C
S31508005240CDE901990123C2F38F02FFF71BFE012165
S315080052503046FFF73BFD00288CD1A5EB0B059F2DAB
S315080052605C44CBD8002D84D0254414F9013B9F42D9
S3150800527004DD04F8017CA542F7D17AE79845B8BF62
S3150800528004F8018CF7E700BF0000A0210001022006
S315080052900000B021000103302DE9F04F2DED028BFF
S315080052A0044687B0002800F00281FFF721FFD4EDFD
S315080052B0017AF8EEE70AD4ED027A60EEA70AD4ED91
S315080052C0047AB8EEE78AD4ED057AE368B0EE600AA8
S315080052D0002128EE278A05460593D4F824A0D4F899
S315080052E00090D4F8188012F03AFAD4ED020A012197
S315080052F0B0EE600A284612F032FAF0EE480AB0EE2E
S31508005300480A0221284612F02AFAD4ED050A032192
S31508005310B0EE600A284612F022FAE36904211A461A
S31508005320284612F008FAD4ED080A0521B0EE600AFC
S31508005330284612F014FA002640F20E2340F2D7123D
S31508005340314628460093CDE901665C4BFFF776FDAA
S3150800535040F21F2340F2D712012128460093CDE9D7
S315080053600166574BFFF76AFD4FF4A77202212846DC
S31508005370544BCDE901660096FFF760FD0122524BBA
S315080053800321CDE90132284640F2D7124F4B009649
S31508005390FFF754FDBAF1010F46DC38D1626899F976
S315080053A0003094ED056A134407EE903A059B22698E
S315080053B093F90030B8EEE77A134407EE903AF8EE20
S315080053C0E77AD4ED026A67EE867A47EE267A94ED96
S315080053D0077AD4ED086AB8EEC77A07EEA67A17EE0A
S315080053E0100A0EF045F841EC100B0FF045FD51EC94
S315080053F0100B0EF077FB9FED367A07EE900AF4EE67
S31508005400C77AF1EE10FA45DD7F2388F8003094F963
S31508005410293094F92820616AA06907B0BDEC028B8F
S31508005420BDE8F04FFFF790BEBAF5006F5746A8BF24
S315080054304FF4006727F0010BC7F34F0705234A46C9
S3150800544000212846009712F090F9052301212846E5
S31508005450059A009712F089F9052342460221284643
S31508005460009712F082F90323009300232846194671
S315080054703A46CDE90166FFF705FD01212846FFF703
S3150800548025FCA8B9059BD9445B440593D844AAEBE7
S315080054900B0A7FE79FED0F7AF4EEC77AF1EE10FA62
S315080054A056BFFDEEE77A802317EE903AADE7212046
S315080054B007B0BDEC028BBDE8F08F00BF06010060A7
S315080054C007030270060007600000F0220605047054
S315080054D00000FE42000000C32DE9F04F036895B0B6
S315080054E00593436A066D0693836A42680793C36AFF
S315080054F0856B0893036ED0F814B00993C36DD0F882
S315080055003C900A938369DFED576A0B9383680BFB1C
S3150800551001FA0C93036B0D93436C00694B43F41A21
S3150800552024EAE474F71A9B1B234453430744AF4207
S31508005530A8BF2F46019302FB05F3002502FB00F1E5
S31508005540119302FB04F30E9713911293059B9D4248
S3150800555003DB002015B0BDE8F08F00200B9B129EE0
S3150800556053440493584574DB0199139B0135194438
S31508005570DA440191EAE74FF000080C9B7344029362
S315080055800D9B63440393904547DB01379644944447
S315080055900E9B9F42EFDBB9F1000F0BD039F81030A4
S315080055A0F2EE677A07EE103AB2EE477A77EE277A86
S315080055B0F3EE677A089BF2EE677A33F8103001301B
S315080055C007EE103AB2EE477A67EE277AF3EE677A75
S315080055D0F2EE677AFDEEE77A17EE901AADF8083024
S315080055E0099B1944069B9942B8BF1946079B9942DD
S315080055F0A8BF194607EE901AF8EEE77AF3EE677A2F
S31508005600F2EE677AFDEEE77A17EE901A049B03F836
S31508005610011B0493119B1E44A4E7029BF2EE677AD2
S3150800562013F9011B08F101080293039B0F9113F963
S31508005630011B109103930F990A9B1944109B594318
S3150800564007EE101AB8EEC77A47EE267AF3EE677AAF
S3150800565099E740F20003B446274607EE903ADDF88C
S3150800566004E095E7000000382DE9F04F2DED048B96
S31508005670436CD5B02D93836D81463993436D90ED78
S31508005680178A3A93036DD0F840A01F93C36C90F81D
S3150800569048401593836811911093036B3B93C36B32
S315080056A00B93C36A3C9340F20003ADF84A31836911
S315080056B0479300235393FFF71FFDD9F864308046BC
S315080056C020932CB91F9B159A13431CBF2123539370
S315080056D0399B012B02D13A9B012B07D021235393E7
S315080056E0119B002B40F0AA80539878E1119B002B60
S315080056F040F0A480539B002BF6D1D9F804304046DD
S315080057000993D9F81430D9ED188A0A93D9F80C30C8
S31508005710BAEEE88A1693D9F8343000272193D9F8D7
S315080057201C30B3EE488A2E93D9F800302F93D9F857
S3150800573010300F93D9F838301793D9F820301893CA
S3150800574012F0F2F8099A0F9B08975343139302EB4A
S31508005750D2735B101293139B0F9A03EBD3735B10F0
S315080057603F93169B5343099A5343409340F20023B1
S3150800577009EE103A089B2F9A93427CDB219A169BD6
S315080057809B1A159A134493FBFAF3179A4E930F9B99
S315080057909B1A1F9A13442D9A93FBF2F30A9A4D9378
S315080057A0189B5343179A1493099B53432493249A9B
S315080057B0219B5343099A33932D9B53434B93139B36
S315080057C00B9A03FB0AF34C93BDF828301E930B9BE8
S315080057D0002B1E9B08BF012344930DF5A57318BF24
S315080057E01346189A49932E9B53430A9A53434F9349
S315080057F000230E9340F2002309EE103A0E9B189AE6
S315080058009342C0F2F180119B002B3FF46DAFFFF776
S315080058103DFA5390002840F0E280DDE92E13594303
S31508005820189B0A98594399F92420414399F9283035
S31508005830D9F81800FFF788FC539055E73B9A109B58
S3150800584013430B9A13433C9A1343D8070BD52123CA
S315080058505393209B0BB92123539340F2031183489A
S3150800586011F03BFF40E7209B002BF4D0539B002B05
S315080058703FF443AFF1E7139A099B404613433B4372
S31508005880D9074BBF9346DDF8FCB0099C129C4CBF68
S3150800589000260126BBF5006FA8BF282353ADA8BF75
S315080058A0539311F0B7FFD8F8680206950125BDF89D
S315080058B03C20BDF858300D920192109A002EA1B2E4
S315080058C00C9300930E9114BF05232B4602913A447C
S315080058D00021CDE90445CDF80CB011F0C3FF53AB58
S315080058E0D8F86802CDE905530E9B209A02930D9BC2
S315080058F0002E01930C9B29460093CDE903B414BFEF
S315080059000623022302EB470211F0ACFFB0EE490A68
S315080059100021D8F8680211F01CFF002E49D0F0EEDD
S31508005920480AB0EE480A2946D8F86802FFF7F0F99F
S3150800593053AD2A464046169911F039FF2A46404685
S315080059400F9911F034FF2A462146404611F02FFFE1
S31508005950474B40F2CD11474A40460093019540F225
S315080059600D2311F063FF404611F0C7FF0222002104
S31508005970404611F0DDFF02220121404611F0D8FF12
S31508005980404611F0BAFF01220021404611F0D0FF2F
S3150800599001224046114611F0CBFF404611F0ADFFFB
S315080059A0539B73B1119B002B3FF49EAE40F27911C5
S315080059B055E7B0EE480A2946D8F8680211F0C9FE3C
S315080059C0B6E7119B2BB9089B01330893409B1F44EC
S315080059D0D0E64046FFF7A8FA53900028F3D055B012
S315080059E0BDEC048BBDE8F08F0E9B2D9A1F995A4388
S315080059F01F9B1798D31A8A1A22EAE27219920F9AEB
S31508005A001999D21A9042D4BFC1EB0001C1EB020129
S31508005A10002B27DB0E984D9C179D9542D8BF204634
S31508005A202790279A0E98121A01320B92099A4A431E
S31508005A3019993492399A01FB02330B994193DDE99E
S31508005A404B320129D8BF1346139A2C931343469316
S31508005A5000230C930C9B2E9A93420DDB279B013354
S31508005A600E93CBE60E9A2792DBE700BF773603083C
S31508005A700000E021050001600C9B159A0AFB03F360
S31508005A80991AD31A169A219823EAE373521A90425E
S31508005A90D4BFC3EB0000C3EB0200002908905BDB10
S31508005AA00C994E98219C9442D8BF01462891289A71
S31508005AB00C99521A259201320D92259A002A77D00E
S31508005AC00B9A012A74DD089A924566D047DDAAEB3F
S31508005AD0020B0D9A012A68DC01260D9A1799B24223
S31508005AE0A8BF32464A92149A0D9872433092721E93
S31508005AF02292309AB2F5006F229AB8BF00222692F7
S31508005B0001325092199A01FB032209994A432499B2
S31508005B10114348910B990129D8BF014689B2429190
S31508005B203B998A1843920C9A15990AFB02F2521A63
S31508005B303A9903FB0123309A3193149BB2F5006F0F
S31508005B40B8BF1346369300231293129B4A9A934280
S31508005B5032DB289B01337CE70C9A2892A7E7089A40
S31508005B60089992FBFAF20AFB121B1646BBF1000FC4
S31508005B700ED00D9A0136012AAAEB0B0BADDD0A46AB
S31508005B805A4406FB0AF19142A7D028225392A4E769
S31508005B900D9A012AA1DD089AF3E70D9A012A07DD75
S31508005BA0524601264FF0000BEBE752460126E8E77E
S31508005BB001264FF0000B90E7129B0D9A9342C4BF43
S31508005BC028235393259B129A01339B1A93FBF6F2CB
S31508005BD006FB1233002B18BF0132012A0B9B1B92BE
S31508005BE009D1012B45DD00231093109A089B134415
S31508005BF01B9A534307E0012B38DCBBF1000F32D167
S31508005C00089BCDF840B02993509A1B9B0F99534394
S31508005C103D931B9B319A73433293109B013B002B98
S31508005C203E93CCBF4FF4877300234593419B01FBFA
S31508005C300233099A18995343129A23930C9B1344D7
S31508005C400E9A01FB03230A9A53431D9300232A93B2
S31508005C502A9B2F9A934211DB129B01331293319B95
S31508005C605344319371E728235393C9E7CDF840B0DD
S31508005C70BBE7089B299300231093C5E7309BB3F530
S31508005C80006F12DB149BB3F5006F0EDB1D9B002B18
S31508005C904FF02803539303DA0A9B002BC0F299812D
S31508005CA0329B149D229F1C9311E01D9B369D002B51
S31508005CB0BCBF282353930A9B269F002B3D9B1C930E
S31508005CC001DA28235393002D01DA28235393DDE9BB
S31508005CD033321343469A1343489A1343239A13437A
S31508005CE0DB0700F17B810122349B03EBD3735B1046
S31508005CF02B932C9B03EBD3735910339B03EBD37372
S31508005D005B103893249B03EBD3735B1037933F9B4D
S31508005D10012440461A925191359311F07BFD1A9B46
S31508005D20D8F86802002B53AB0693359BBDF8AC2018
S31508005D3051990493BDF8A4300391359223990292A0
S31508005D400193209A429B02EB410200934FF0000117
S31508005D5014BF06230223059411F084FD1A9BD8F874
S31508005D606802002B53ABCDE90543379B21460493C4
S31508005D70389B439A0393359B0293BDF820300193D1
S31508005D801E9B009314BF0523234611F06BFD53ABEE
S31508005D900193449B499A00930223D8F8680219464E
S31508005DA011F099FD53AB01931E9B032100933C9A76
S31508005DB00223D8F8680211F08EFD53ABCDE90543EE
S31508005DC00A9B1D99CDE903531E9BBDF8705002939B
S31508005DD0BDF82C30479A0193009523460A44D8F813
S31508005DE06802042111F03EFDB0EE490A0021D8F8F8
S31508005DF0680211F0AEFC1A9B002B00F0F980F0EE59
S31508005E00480AB0EE480A2146D8F86802FEF780FF2D
S31508005E10B8EEE80A0024B3EE400A0221D8F8680270
S31508005E2011F097FC40460A9953AA11F0C0FC53ABEF
S31508005E30412140468C4A019300944EF62C4311F0BA
S31508005E40F5FC40460B9953AA11F0B1FC40461B9944
S31508005E5053AA11F0ACFC4046089953AA11F0A7FCC6
S31508005E6040462B9953AA11F0A2FC53AB40F2D71126
S31508005E707E4A4046CDE900437D4B11F0D7FC4046AB
S31508005E8011F03BFD02222146404611F051FD022247
S31508005E900121404611F04CFD404611F02EFD0B9BAA
S31508005EA0012B04DC01222146404611F041FD109BDE
S31508005EB0002B04DD02220021404611F039FD1A9B11
S31508005EC0002B00F09D80109B4A219D1E53AB019329
S31508005ED0002340460093674A459B11F0A7FC6B1EBA
S31508005EE01A934FF04F63002D53AC009340F2CD1137
S31508005EF0CCBF4FF48773002340465F4A019411F0E4
S31508005F0095FC002F0FDD22463946404611F04FFC1E
S31508005F1000224046CF2311460194009211F086FCD8
S31508005F20404611F0EAFC002753AC3B464121404667
S31508005F304D4A0194009711F079FC1A9B012B61D107
S31508005F4019462246404611F032FC3B463A46394647
S31508005F504046CDE9007411F069FC404611F0CDFCCD
S31508005F6002223946404611F0E3FC404611F0C5FCD2
S31508005F7002220421404611F0DBFC0B9B012B04DDB9
S31508005F8001220021404611F0D3FC404611F0B5FC31
S31508005F9004224046114611F0CBFC01224046114628
S31508005FA011F0C6FC04220221404611F0C1FC04226D
S31508005FB00321404611F0BCFC404611F09EFC539B61
S31508005FC0002B3BD0119B002B3FF48EAB40F2663181
S31508005FD045E4329B149D229F1C9372E6339A2C99B2
S31508005FE03892249A139B3792349A2B9200228FE682
S31508005FF0B0EE480A2146D8F8680211F0AAFB07E76E
S315080060003E9D6CE7B1DD22464046A91E11F0CFFB46
S3150800601022464046012111F0CAFB3A4639463B461C
S315080060204046CDE9007411F001FC404611F065FCCC
S3150800603002223946404611F07BFC8EE7119B5BB97C
S315080060402A9B409A01332A93239B134423934F9AFE
S315080060501D9B13441D93FBE54046FEF765FF5390D1
S315080060600028EDD0BBE400BF000004500607055029
S315080060700E7E080000000550050302702DE9F04F5A
S315080060802DED048B04468DB040B1D0F82CB0BBF191
S31508006090000F05D03621CE4811F01FFB21208DE1D7
S315080060A0036ADFEDCC8A13F0010F14BF4FF4806248
S315080060B04FF400629A42C0F2EB80FFF719F8D4ED6C
S315080060C0057AB8EEE78AE36C276A0793B4F8503086
S315080060D017F0010609EE103AE36B05460593236CA3
S315080060E028EE288A0693BDF814A0BDF8189040F04B
S315080060F0B88007EBD7784FEA6807C8F34F08CDE9A9
S3150800610000A805233146226811F03FFB052301212B
S31508006110CDE90098A269284611F037FB226B002AC0
S3150800612000F0AE80A38E009302231946284611F08C
S315080061301CFBCDE900A90123A26B0321284611F017
S3150800614024FBDFEDA40A0021B0EE600A284611F010
S3150800615006FBF0EE480AB0EE480A0121284611F07F
S31508006160FEFAB0EE490A0321284611F0F2FA042194
S315080061702846079A11F0D3FA4FF0000840F22D236B
S315080061804246414628460093CDE901884346FEF734
S3150800619055FE914B40F2D712012128460093CDE9CE
S315080061A001888E4BFEF74AFE40F2D7120221284696
S315080061B0CDE901888A4BCDF80080FEF73FFE002E18
S315080061C063D14A2203212846CDE90166854B00960C
S315080061D0FEF734FE4FF0040800264FF0010B824B01
S315080061E05FFA88F840F2D71241462846CDE9013BC6
S315080061F000967E4BFEF722FE334652463146284627
S31508006200CDE90166CDF80080FEF73CFE42F20203B6
S315080062104A4659462846CDE9008302963346FEF794
S3150800622031FE022120232846CDE9001302965B465B
S31508006230BAB2FEF727FE59462846FEF747FD00285C
S3150800624040F0BC80DDE90510414394F9533094F9D8
S315080062505220A06B0DB0BDEC048BBDE8F04FFEF7E5
S3150800626073BF1FFA87F8CDE900A8012359462268AB
S3150800627011F08BFA0123CDE900981946A2694AE77D
S3150800628001235B4A009302234FE74FF00308A3E775
S31508006290FEF72EFFD4ED057AB8EEE78AB4F850304B
S315080062A0054628EE288A09EE103AE36BF0EE680AEE
S315080062B00793236CB0EE680A59460593E66C276A7D
S315080062C011F04DFAF0EE480AB0EE480A01212846C8
S315080062D011F045FA03212846B0EE490A11F039FAB9
S315080062E007F0010832460421284611F018FAB8F1D9
S315080062F0000F68D1052307EBD770401006934FF4BB
S3150800630080610BAB0AAAFEF7FBFE064600287FF45F
S31508006310C5AE314B014640F2D712CDE901000093D4
S3150800632028462E4BFEF78AFD40F2D7120121284651
S31508006330CDE901662A4B0096FEF780FDB8F1000FFD
S3150800634044D102214A222846CDE90188254BCDF8B9
S315080063500080FEF773FD032100264FF00108224B4B
S3150800636040F2D7122846CDE9013800961F4BFEF7B2
S3150800637065FD334631462846BDF82820CDE9016635
S31508006380CDF80080FEF77EFD22234146CDE9008345
S3150800639028463346BDF82C200296FEF773FDB24612
S315080063A0B346079B5B456EDC0598079994F953300D
S315080063B0414394F95220A06BFEF7C6FE0DB0BDEC22
S315080063C0048BBDE8F08F3846012397E70221C3E71F
S315080063D0E7360308000000380E7E08000600016054
S315080063E006070550000005500000D0230503045099
S315080063F060370308A36922684B440893236B324429
S31508006400002B3DD033F81830A16B08EE103A08EB94
S315080064100A03CB180993BDF82C3000210193BDF867
S31508006420283028460093069B11F0AFF9BDF82C30AA
S3150800643001210193BDF828302846089A0093069B47
S3150800644011F0A3F90123099A00930321284611F0B4
S315080064508CF9B0EE480A0521284611F07AF901218F
S315080064602846FEF733FCB9440028A7D108F10108ED
S31508006470059B4345BEDC0BF1010B9A443E4490E76D
S3150800648040F20003C0E74FF00009C846F0E700BF36
S3150800649058B1031F9FED137A0020DFED136A9FEDB5
S315080064A0136A01EB4202914200D17047D3ED017A9B
S315080064B0F8EEE77A67EE877AF4EEE67AF1EE10FA06
S315080064C003F104030CDCF4EE467AF1EE10FA48BF49
S315080064D02120F3EE677A17EE90CA21F802CBE2E79D
S315080064E02120F6E70000003800E07F4700E07FC77C
S315080064F0002307B52948019316F0C8FB4FF44073EB
S31508006500012204216846ADF8003000F0C3F80122E4
S31508006510234B0520C3F8442401A916F0B2FB002832
S3150800652039D1204BD3F8F02042F00102C3F8F0200D
S31508006530D3F8FC2042F08072C3F8FC201A4AA3F56F
S315080065405D431A60019B194A03F5D52303F2FC4300
S31508006550B3FBF2F3164A013B13610223C2F8F0308B
S315080065604FF48073C2F804334FF06043114AC3F8FE
S31508006570B02F114AC3F8802ED3F8002E42F4807249
S31508006580C3F8002EFF2283F82020D3F8002E22F429
S315080065908072C3F8002E03B05DF804FB704203084E
S315080065A000D0035000ED00E0FF030040F8590D004D
S315080065B0000004E055CEACC5090001004FF0604369
S315080065C0D3F8802E30B5D20715D501240B4D84405B
S315080065D0D5F8FC2042F08072C5F8FC20D3F8002ECE
S315080065E02243C3F8002E53F82020002AF0D003F8DF
S315080065F02010002030BD1120FCE700BF00ED00E0B0
S315080066002DE9F04104460C254FF00108124E0CB353
S3150800661014F001000BD0002024F0010405FB0062F1
S315080066205768002FF3D09168C0B2B847EFE7224603
S31508006630013020284FEA520201D0D307F8D508FACC
S3150800664000F20F2824EA0204E8D9103805FB006294
S31508006650B432E5E7BDE8F081E0BE022008B50C4893
S3150800666016F014FB272004F0ABFB28B1272004F012
S31508006670BFFB272004F08AFB282004F0A1FB28B1E1
S31508006680282004F0B5FB282004F080FB002008BD74
S31508006690704203082DE9F0410E469046044638B983
S315080066A093211C4811F019F822252846BDE8F081E7
S315080066B00F290DD803782BB1012B0FD0022B10D040
S315080066C0032B05D140F2FF736278D340DB070BD466
S315080066D09721104811F001F82125E6E740F2FF134B
S315080066E0F2E743F6FF73EFE70B4BD3F810532DB1E0
S315080066F09B21084810F0F1FF0225D6E715F0F0FFB8
S31508006700074642462046314603F0D4FF384615F080
S31508006710E2FFCAE76237030800C0035038B50446EB
S3150800672028B91548E42110F0D8FF222038BD03788F
S315080067302BB1012B0FD0022B10D0032B05D140F221
S31508006740FF736278D340DB070BD40B48E82110F0BF
S31508006750C4FF2120EAE740F2FF13F2E743F6FF738E
S31508006760EFE715F0BDFF0546204615F049F828461F
S3150800677015F0B1FF0020D9E76237030838B504469B
S3150800678028B91648FC2110F0A8FF222038BD037846
S315080067902BB1012B10D0022B11D0032B05D140F2BF
S315080067A0FF736278D340DB070CD40C484FF4807132
S315080067B010F093FF2120E9E740F2FF13F1E743F6D3
S315080067C0FF73EEE715F08CFF0546204603F00AFF37
S315080067D0284615F080FF0020D8E700BF6237030877
S315080067E070B50D46044600B131B9174840F22D116F
S315080067F010F073FF222070BD03782BB1012B10D047
S31508006800022B11D0032B05D140F2FF736278D340D7
S31508006810DB070CD40C4840F2311110F05EFF212042
S31508006820E9E740F2FF13F1E743F6FF73EEE715F0E9
S3150800683057FF0646204603F003FF2870304615F03A
S315080068404AFF0020D7E700BF6237030808B503F000
S3150800685027FF054B00F0553020F0A040C3F8200470
S31508006860BDE80840FFF7CCBE00E0035008B503F0CA
S3150800687017FF054B00F0AA3020F02040C3F820048B
S31508006880BDE80840FFF7BCBE00E0035013B5044658
S315080068900A4816F0FBF9A2780421B2FA82F22378A4
S315080068A052098DF8043063780DEB01008DF8053038
S315080068B0FFF7F0FE002002B010BD00BF70420308CB
S315080068C02DE9F04F9A46564B85B01B7806460F467B
S315080068D01546DDF83C909DF844B0DDF85080002B55
S315080068E000F09780072A00F296800E9B002B00F096
S315080068F09280B9F1000F00F08E80129BB3F5006FFD
S3150800690000F38980012803D1109B002B00F08380B7
S31508006910444B03EB05131B7B002B7ED0424C102205
S315080069200021684613F00BFC04EB45141022A7BBA4
S315080069303946204613F003FC43F210036380BBF18B
S31508006940000F03D1E37843F00303E370364A0E9B46
S3150800695002EB451CCCE90193129B6901581E9DF870
S315080069604C30C0F30A0003F003039B0643EA001EFB
S3150800697053582E48012E00EA03004EEA0003CDF8CC
S3150800698000A0535017D0B8F1000F2ED19CF8023052
S3150800699068F304138CF8023027E00021204613F030
S315080069A0CEFB4FF444736380BBF1000FCED1E3787E
S315080069B043F03003C9E713230CF1100ECCF80C3062
S315080069C09CE80F008EE80F006FF00301DCF81C202E
S315080069D0109B61F39F02012FCCF81C20CCF81430D1
S315080069E003D1CCF81890CCF8043000270D4A2901B9
S315080069F002EB051342F80180159A28465A60694643
S31508006A0022469F605E7302F0F7FA384605B0BDE885
S31508006A10F08F0748FAE70748F8E70748F6E700BFA0
S31508006A20BDFD022048C1022048C002200F80FFF3A6
S31508006A30028000F0018000F0078000F038B5124BA4
S31508006A4005461B78DBB1E0B115F04AFE0F4A002374
S31508006A501146147B54B92B6001251A0101EB031367
S31508006A601D738C5015F037FE204638BD0133082BB0
S31508006A7002F11002EDD115F02EFE0548F5E705489E
S31508006A80F3E70548F1E700BFBDFD022048C1022033
S31508006A90048000F0028000F0018000F038B515F09F
S31508006AA01FFE002305460B4A147B6CB90133082BDD
S31508006AB002F11002F8D102F021FA074B28461C70A1
S31508006AC015F009FE204603E0284615F004FE0348A3
S31508006AD038BD00BF48C10220BDFD0220058000F078
S31508006AE00D4B10B51B78044693B1072812D815F03C
S31508006AF0F7FD0A4B03EB04131A7B2AB100241C7317
S31508006B0015F0E9FD204610BD15F0E5FD0448FAE745
S31508006B100448F8E70448F6E7BDFD022048C102200C
S31508006B20068000F0028000F0018000F0154B13B5D6
S31508006B301868002301908DF8043015F0D1FD124B2A
S31508006B401C7824B115F0C7FD104802B010BD01220B
S31508006B501A7015F0C0FD0E4B01A81C731C7783F83C
S31508006B602C4083F83C4083F84C4083F85C4083F81B
S31508006B706C4083F87C4008238DF8073002F0F4F95E
S31508006B802046E2E7C6370308BDFD0220038000F071
S31508006B9048C10220F8B50D4D2D7885B1072810DCBF
S31508006BA00B4D060105EB0014277B67B1AB51002599
S31508006BB0069BA560636002F01FFA2846F8BD0548E3
S31508006BC0FCE70548FAE70548F8E700BFBDFD0220DF
S31508006BD048C10220028000F0018000F0078000F022
S31508006BE00A4A08B512785AB107280BD8084A02EBA0
S31508006BF000131B7B43B1002102F096F9002008BD63
S31508006C000448FCE70448FAE70448F8E7BDFD022013
S31508006C1048C10220028000F0018000F0078000F0E1
S31508006C200A4A08B512785AB107280BD8084A02EB5F
S31508006C3000131B7B43B1012102F076F9002008BD41
S31508006C400448FCE70448FAE70448F8E7BDFD0220D3
S31508006C5048C10220028000F0018000F0078000F0A1
S31508006C60184B2DE9F0411F6D5B6D1F4000D5FEE7FF
S31508006C7001260025144CDFF85880374218D02368BF
S31508006C80C8F85060A3B1A168284601316268A160BE
S31508006C909847637B012B0BD150B90C4B03EB45137B
S31508006CA01A7B60F341021A731A7F60F341021A775E
S31508006CB00135082D4FEA460604F11004DDD1BDE87A
S31508006CC0F08100BF0000045048C1022048C00220DD
S31508006CD000200450044BD3F88420D206FBD4D3F802
S31508006CE08400C0F3811070470040005038B5104B3F
S31508006CF00546D3F800310C4603F00303022B0BD0EC
S31508006D00032B0DD0012B0FD113F074FC032305B10F
S31508006D10286004B1236038BD13F0BEFC0923F6E7EA
S31508006D2013F06EFC0823F2E701230020EFE700BF0B
S31508006D300080005038B5104B0546D3F840310C4654
S31508006D4003F00303022B0BD0032B0DD0012B0FD11D
S31508006D5015F0B2FC0A2305B1286004B1236038BDDA
S31508006D6013F09AFC0923F6E715F0A9FC0C23F2E7C1
S31508006D7001230020EFE700BF0080005038B5104B14
S31508006D800546D3F860310C4603F00303022B0BD0FB
S31508006D90032B0DD0012B0FD115F08EFC0A2305B15C
S31508006DA0286004B1236038BD13F076FC0923F6E7A2
S31508006DB015F085FC0C23F2E701230020EFE700BF5E
S31508006DC00080005038B5104B0546D3F840320C46C3
S31508006DD003F00303022B0BD0032B0DD0012B0FD18D
S31508006DE015F06AFC0A2305B1286004B1236038BD92
S31508006DF013F052FC0923F6E715F061FC0C23F2E7C1
S31508006E0001230020EFE700BF0080005038B5124B81
S31508006E100546D3F880300C4603F00303022B0BD04B
S31508006E20032B0DD0012B0FD113F0AAFB0E2305B1AE
S31508006E30286004B1236038BD13F0E6FB0723F6E7A4
S31508006E4013F098FB0623F2E7044841F2142110F0E8
S31508006E5044FC00231846EAE700800050CA370308B6
S31508006E6038B51A4B0546D3F820010C4600F0070042
S31508006E70062821D8DFE800F028040C1410181C0096
S31508006E8013F078FB052305B1286004B1236038BDEB
S31508006E9013F0B0FB0323F6E713F0B6FB0723F2E77C
S31508006EA013F0A4FB0223EEE713F064FB0623EAE7DC
S31508006EB013F0A0FB0423E6E7054841F2912110F000
S31508006EC00CFC00231846DEE70123DCE700800050AF
S31508006ED0CA37030838B5194B0546D3F828310C4686
S31508006EE003F00703013B052B20D8DFE803F0031363
S31508006EF01B0F0B1713F03EFB052305B1286004B1E1
S31508006F00236038BD13F036FB0623F6E713F07CFB47
S31508006F100723F2E713F06EFB0323EEE713F06AFB91
S31508006F200423EAE713F062FB0223E6E7044841F28A
S31508006F30990110F0D2FB00231846DEE700800050C6
S31508006F40CA370308002337B50193194B0546D3F80A
S31508006F5020320C4603F00703042B1FD8DFE803F0A2
S31508006F6025030F141900002101A8FFF7B3FF122308
S31508006F700DB1019A2A6004B1236003B030BD13F045
S31508006F8043FB07230190F3E715F096FB0A230190CC
S31508006F90EEE713F081FB09230190E9E741F2560178
S31508006FA0044810F09AFB0023E2E70123E0E700BF5C
S31508006FB000800050CA370308F7B50027144B01971D
S31508006FC0D3F88041064604F00304022C0D4614D07B
S31508006FD0032C0DD0012C14D1394601A8FFF740FF28
S31508006FE010240EB1019B336005B12C6003B0F0BDCF
S31508006FF013F00AFB07240190F3E713F0F7FA019060
S31508007000EFE741F2E631034810F067FB3C46E8E754
S3150800701000800050CA37030838B5164B0546D3F822
S3150800702000020C4600F00700042819D8DFE800F033
S3150800703020030B0F130015F03FFB0A2305B1286048
S3150800704004B1236038BD13F027FB0923F6E715F0D2
S3150800705036FB0C23F2E713F0B3FA0F23800AEDE7A9
S31508007060054841F2A44110F038FB00231846E5E72D
S315080070700123E3E700800050CA37030838B5164BEA
S315080070800546D3F808020C4600F00700042819D86C
S31508007090DFE800F020030B0F130015F00DFB0A23A1
S315080070A005B1286004B1236038BD13F0F5FA092349
S315080070B0F6E715F004FB0C23F2E713F081FA0F2329
S315080070C0800AEDE7054841F2DC4110F006FB002393
S315080070D01846E5E70123E3E700800050CA370308AE
S315080070E038B5124B0546D3F850320C4603F0030365
S315080070F0022B0FD0032B05D0012B0FD115F0DCFA8C
S315080071000A2302E015F0DBFA0C2305B1286004B166
S31508007110236038BD13F0C0FA0923F6E7044841F2A4
S31508007120C90110F0DAFA00231846EEE7008000508D
S31508007130CA370308002337B50193184B0546D3F819
S3150800714060320C4603F00703013B032B1FD8DFE828
S3150800715003F0020E1914002101A8FFF781FE10237F
S315080071600DB1019A2A6004B1236003B030BD002135
S3150800717001A8FFF7DFFD1123F2E713F045FA07230D
S315080071800190EDE713F032FA02230190E8E741F2A5
S31508007190FD01034810F0A1FA0023E1E70080005042
S315080071A0CA370308002337B50193184B0546D3F8A9
S315080071B094320C4603F00703013B032B1FD8DFE884
S315080071C003F0020E1914002101A8FFF749FE102347
S315080071D00DB1019A2A6004B1236003B030BD0021C5
S315080071E001A8FFF7A7FD1123F2E713F00DFA07230D
S315080071F00190EDE713F0FAF902230190E8E741F26E
S315080072003011034810F069FA0023E1E700800050C6
S31508007210CA37030873B500240F4B0194D3F87032AC
S31508007220064603F00303012B0D4607D0022B11D0A7
S3150800723041F25B11094810F050FA04E0214601A812
S31508007240FFF778FD11240EB1019B336005B12C6060
S3150800725002B070BD1524F6E700800050CA3703084F
S3150800726008B5334B98424FD027D8324B984245D071
S3150800727017D8314B98423ED00AD838B12F4B98428E
S3150800728039D041F2BB312E4810F027FA002034E0FD
S315080072902C4B98422FD02C4B9842F2D12B4B586E40
S315080072A02BE02B4B98422CD003F5371303F5D86304
S315080072B09842E6D1254B986F1FE0264B98422FD06F
S315080072C00CD8254B984223D0244B984224D0244BE3
S315080072D09842D6D11D4BD3F884000EE0214B984234
S315080072E022D003F5740303F510539842C9D1174BFE
S315080072F0D3F8980001E0154B986D08BD134B186F2D
S31508007300FBE7124B586FF8E7104BD3F88000F4E709
S315080073100E4BD3F88800F0E70C4BD3F88C00ECE75B
S315080073200A4BD3F89000E8E7084BD3F89400E4E753
S3150800733080BA8C01405DC60080841E0040420F0062
S31508007340CA37030800093D00C0CF6A000080E00F75
S315080073500024F400007E560380D54302006CDC024C
S315080073600048E8010090D003B0F5207F10B52ED074
S3150800737009D8B0F5007F24D003D868B1B0F5C07F2E
S315080073800AD000241BE0B0F5607FFAD1124BD3F87F
S315080073908040C4F3011412E00F4B1C6F230B13F04B
S315080073A00E0FC4F303340AD0072C08D00F2C06D0CE
S315080073B0032C04D04FF42271084810F08EF9601C93
S315080073C010BD054BD3F89040C4F30464F7E7024BAD
S315080073D01C6FC4F38024F2E700800050CA37030804
S315080073E04FF4803238B5104B04469A6600200D4695
S315080073F0FFF7BAFF41F671320C4B6043DC69DA637A
S315080074005A6804F4803422F440125DB90849884267
S3150800741094BF00200120000502435A600CB10022E7
S31508007420DA6338BD0349F2E70090005000000350C4
S31508007430005A6202002D3101420938B504460D464C
S3150800744006D140F235310D4810F047F9002305E022
S31508007450531E022B0BD80A4B03EB820304F01F04BE
S3150800746045B103F580530122A2401A6038BD40F2A7
S315080074704331E8E703F50053F5E700BFCA370308C9
S3150800748060800050002130B5B0F5807F85B0044695
S31508007490CDE9001100F009816BD8002800F0D980E9
S315080074A0A0F12004602C74D8602C72D8DFE814F0A0
S315080074B0D100DE00D100DE00EE00EE00EE00EE00A8
S315080074C0EE00DE00F8007D000E019D007D00DE0066
S315080074D0DE00DE007100710071007100710071003C
S315080074E071007100DE00DE00DE00AF001801DE006C
S315080074F071007100710071007100710071007100F6
S3150800750071007100710071001D01EE00D100D100FB
S31508007510D10013017D007D00BB0022019200F3001B
S3150800752071007100710071007100C600D100710010
S31508007530EE00EE00EE00EE00EE00F300F300DE00D3
S315080075407100DE00DE0071007100710071007100CB
S315080075507100710071007100710071007100710095
S315080075607100710071007100710071007100710085
S31508007570CB00B0F5E06F00F0B3803BD8B0F5607F84
S315080075807FD01DD8B0F5007F66D008D8B0F5C07F8B
S315080075905FD040F2A4415C4810F09FF856E0B0F581
S315080075A0207F63D0B0F5407FF3D113F009F8044685
S315080075B04FF42070FFF7D8FEB4FBF0F464085EE0E1
S315080075C0B0F5B06F6CD00AD8B0F5806F5ED0B0F564
S315080075D0A06FDED100216846FFF7B4FC36E0B0F5AF
S315080075E0C06F73D0B0F5D06FD3D100216846FFF7CE
S315080075F013FD2BE0B0F5186F77D00DD8B0F5086FEE
S315080076007DD0B0F5106F66D0B0F5F06FC1D100210E
S315080076106846FFF7B3FB19E0B0F5286F6AD007D8BC
S31508007620B0F5206FB5D100216846FFF783FD0DE060
S31508007630B0F5406F2FD0B0F5486FAAD10021684643
S31508007640FFF7B0FD02E012F09BFF0090009805B02E
S3150800765030BD12F0B5FFF8E712F092FF0546204656
S31508007660FFF782FEB5FBF0F50095EFE712F0A8FFED
S3150800767004464FF42070FFF777FEB4FBF0F400944D
S31508007680E4E701A8FFF7C2FB019DE8E70021684689
S31508007690FFF7E6FBDAE700216846FFF71BFCD5E7AC
S315080076A000216846FFF788FCD0E74FF0E0230291F7
S315080076B01B695B0705D512F083FF0290029B0093B6
S315080076C0C4E703A902A8FFF735FBF7E700216846D8
S315080076D0FFF730FBBAE700216846FFF7CFFCB5E7AE
S315080076E000216846FFF76EFBB0E700216846FFF702
S315080076F0F7FCABE700216846FFF78CFDA6E768466E
S31508007700FFF7F4FAA2E700BFCA37030808B58020D6
S31508007710FFF7B8FE034B98429EBF4FF48032024BE8
S315080077201A6708BD005A620200A000501FB503463A
S315080077300020B3F5807F019000F0FB8000F28B807B
S31508007740662B7BD83C2B05D8243B092B5CD940F209
S315080077508951DDE03D3B292BF9D801A252F823F0E7
S3150800776055790008837900084F7700084F77000895
S315080077704F7700084F7700084F7700084F770008C3
S315080077804F7700084F7700084F7700084F770008B3
S315080077904F7700084F7700084F7700088D79000863
S315080077A0297900084F7700084F7700084F770008B7
S315080077B0BF7800084F7700084F770008D978000887
S315080077C09779000881780008797900084F770008CA
S315080077D04F7700084F7700084F7700084F77000863
S315080077E0F17800084F7700084F77000829790008D4
S315080077F029790008297900082979000829790008D3
S315080078007979000879790008092BA0D801A252F8DD
S3150800781023F000BF2979000829790008297900088A
S3150800782029790008297900084F770008197900088E
S315080078304F7700089F7800085F790008802B86D16B
S31508007840574B1B6F03F00703013B032B5ED8DFE89A
S3150800785003F05B545759B3F5F06F7BD024D8B3F5D2
S31508007860B06F59D011D8B3F5607F00F08180FFF46E
S315080078706EAFB3F5806F57D0B3F5A06F7FF467AFDF
S31508007880002001A9FFF75EFB4AE0B3F5D06F66D08A
S31508007890B3F5E06F75D0B3F5C06F7FF458AF00202D
S315080078A001A9FFF747FA3BE0B3F5186F6ED00BD87E
S315080078B0B3F5086F58D0B3F5106F7FF448AF0020C2
S315080078C001A9FFF7DBFB2BE0B3F5286F63D008D8D7
S315080078D0B3F5206F7FF43BAF002001A9FFF72AFC20
S315080078E01EE0B3F5406F47D0B3F5486F7FF42FAF6E
S315080078F0002001A9FFF756FC12E0052301930FE0CB
S315080079000323FBE70823F9E70223F7E740F2D6410A
S3150800791024480FF0E2FE03E0002001A9FFF74CFB24
S31508007920019805B05DF804FB002001A9FFF798FA55
S31508007930F6E74FF0E02302901B695B0705D512F0C6
S315080079403FFE0D230393039BD8E703A902A8FFF77D
S31508007950F1F9F8E7002001A9FFF710FAE0E700209F
S3150800796001A9FFF759FBDBE701A9FFF7BFF9D7E73D
S3150800797001A9FFF74BFAD3E7002001A9FFF7AAFAF6
S31508007980CEE7002001A9FFF71DFAC9E7002001A9E3
S31508007990FFF7A6FBC4E7002001A9FFF73BFCBFE7FA
S315080079A000800050CA3703084FF48032074B084955
S315080079B0586E03F580535A664B6A23F001034B62EF
S315080079C0C3035CBF034B5A66704700BF0080005074
S315080079D00000085000A0005038B5036804460F2B75
S315080079E004D940F68A317C480FF077FE63680F2B7E
S315080079F004D940F68D3178480FF06FFEA3680F2B37
S31508007A0004D94FF4396174480FF067FE237B0F2BB6
S31508007A1004D940F6933170480FF05FFE637B0F2B55
S31508007A2004D940F696316C480FF057FEA37B3F2BDE
S31508007A3004D940F6993168480FF04FFEE37B3F2B97
S31508007A4004D940F69C3164480FF047FE2369032B9E
S31508007A5004D940F69F3160480FF03FFE6369032B57
S31508007A6004D940F6A2315C480FF037FEE369032BD0
S31508007A7004D940F6A53158480FF02FFE8020FFF7AD
S31508007A8055FE032800F083804FF48012534B4FF0C5
S31508007A90A0615A6645F60E02514BC3F88020514A3A
S31508007AA091624FF4803102F5805291629A6DD20349
S31508007AB0FCD4996D11F08041FBD1D4E9000212057E
S31508007AC042EA0062E07B0243207B42EA0042607B96
S31508007AD042EA0032A07B42EA80121A619869D4E928
S31508007AE00452120642EA856200F000400243A07E74
S31508007AF0E57E0243207E42EA0042607E42EA002298
S31508007B009A611A6AE06922F00F0242EA8502364D46
S31508007B1000283DD11A6294F82420996A94F8200026
S31508007B20D200294042EA40120A4394F8211042EA58
S31508007B30011242F480329A622C49294A936D31EA3D
S31508007B400303FBD14FF08071264881621369A5684B
S31508007B5023F4700343EA055313614FF0004383612E
S31508007B6094F822300BB9224B996294F823303BB92A
S31508007B704FF480321E4B9A62194A936D5B00FCD40F
S31508007B8094F825301BB1164B1A4AC3F8802038BD25
S31508007B90024342F0080202281A6208D119614FF41A
S31508007BA00852996114484FF47F4110F064F80C4963
S31508007BB094F822308A6A94F820001B062A4043EA81
S31508007BC04013134394F8242043EAC20394F823206D
S31508007BD043EA02438B62D3E7CA3703080090005092
S31508007BE00040005A0050005AC7FFFEFE030001007D
S31508007BF00060005AF1A7FFFF3440005A014B93F981
S31508007C00000070475A230320436810B5072B044623
S31508007C1004D940F6E6512A480FF05FFDA368032B06
S31508007C2004D940F6E85126480FF057FD2378032B70
S31508007C3004D940F6EA5122480FF04FFD94F9013075
S31508007C40002B04DA40F6EC511D480FF046FD4FF4C0
S31508007C5000011C4A637851664FF4D151022002F59F
S31508007C60B832516218494F2B48604FF0010028BFBF
S31508007C704F2301F5805148601169C903FCD4217866
S31508007C8043EA01235361D4E901131B0143EA0123A3
S31508007C90617B0B43217B43EA41039360E37BA17B32
S31508007CA01B0143EA4113617C0B43217C43EA4103F0
S31508007CB05360A37C13B16FF4D153536210BD00BF58
S31508007CC0CA3703080090005000100250014B188074
S31508007CD0704700BF4E230320014B1880704700BF32
S31508007CE04C2303204FF4800208B5184B5A6602232A
S31508007CF0174A5360936813F48033FBD1012822D1C5
S31508007D0012F078FC134B984215D003F5122303F5AD
S31508007D10F863984213D0104B00EB8002400AB3FB7D
S31508007D20F0F3520A0A49CA620B6301234B62002226
S31508007D30074B5A6008BD45F67A13084AF2E745F636
S31508007D401A03074AEEE75362F1E700BF00900050B6
S31508007D500040025000F0490264666666D8B805001D
S31508007D60BBCF0500B0F5207F38B577D00ED8B0F573
S31508007D70007F61D003D890B3B0F5C07F2FD04FF401
S31508007D804671BDE838403D480FF0A7BCB0F5607FA6
S31508007D90F5D13B4A4C1ED2F8FC5015F080751EBF33
S31508007DA0D2F8FC3023F08073C2F8FC30032C04D9D7
S31508007DB040F2F72131480FF090FC324AD2F8803071
S31508007DC023F0300343EA0413C2F8803035B12C4A55
S31508007DD0D2F8FC3043F08073C2F8FC3038BD4C1E34
S31508007DE0012C0AD9102903D8274BCB40DB0704D42A
S31508007DF040F2CB2121480FF070FC0FF04BFF0FF03B
S31508007E0057FF4FF48031214B1E4A1967136F23F42D
S31508007E10704343EA0433136712F0D2FB0446FEF7B5
S31508007E2059FFC0F1020120460FF03CFF00F048F868
S31508007E30BDE83840FFF76ABC4C1E1F2C04D94FF426
S31508007E4043710E480FF049FC0E4AD2F8903023F0E1
S31508007E50F85343EA0463C2F89030BFE74C1E012C7E
S31508007E6004D940F2123105480FF037FC054A136F62
S31508007E7023F4806343EA84231367AFE7CA3703080A
S31508007E8000ED00E000800050100101000090005055
S31508007E9008B50121022000F0CBF94FF42070FFF756
S31508007EA063FA054B18700FF0F5FE0FF001FF4FF45B
S31508007EB08032024B1A6708BDBEFD022000900050B2
S31508007EC008B54FF4C070FFF7DDFABDE8084004496D
S31508007ED0884294BF012102214FF42070FFF742BF68
S31508007EE080F0FA0238B5044612F06AFB0546FEF73A
S31508007EF0F1FEC0F1020128460FF0D4FE0121002050
S31508007F0000F0EAF92CB1FFF7DBFFBDE83840FFF7D0
S31508007F10FDBB034B4FF420701978FFF723FFF4E7F6
S31508007F20BEFD02202DE9F0410546FFF799F9431EEB
S31508007F300333044604D940F6E2113B480FF0CDFB63
S31508007F404FF4C022394B5A6603F598335A68012A0A
S31508007F5004D137494A605A689207FCD48020FFF753
S31508007F60E5FB052807D10FF095FE0FF0A1FE4FF4AB
S31508007F7080322E4B1A672F4B24F040749D4239D01D
S31508007F802D4B9D4239D012F0F5FA8542064603D9A3
S31508007F900121284600F0A0F9284FFB6813F0060FC8
S31508007FA0FBD1D7F80880BC60BB68634013F4F81FA0
S31508007FB026D12846FCF798FD8020FFF7B7FB052851
S31508007FC014D112F0FDFAA842044604D940F63B2122
S31508007FD015480FF082FBFEF77DFEC0F10201204630
S31508007FE00FF060FEFFF76CFFFFF790FBAE4213D26F
S31508007FF0BDE8F08144F00074C5E744F08074C2E738
S3150800800040F62A2108480FF068FB8020C7F8088048
S31508008010FFF78CFB052805D0BDE8F04101210020BB
S3150800802000F05AB93546CCE7CA3703080090005025
S3150800803000E0015040420F0080841E0000000150FD
S315080080404E4B70B59842054673D041D8A3F5B70391
S31508008050A3F55863984265D033D8494B494E9842A0
S3150800806051D017D8002877D041F2DE1146480FF0D4
S3150800807034FB40F6867144480FF02FFB4FF400227C
S31508008080404B5A663E4B9D4276D000243F4A954265
S3150800809036D05DE03D4B984227D03D4B9842E3D120
S315080080A03C4BD3F8A040621E033224F040744CD9EE
S315080080B040F6867134480FF010FB4FF400237366C0
S315080080C0E4E7354B9842CFD1324BD3F8BC402CE08D
S315080080D0324B984231D0324B984232D0314B98428B
S315080080E0C2D12C4BD3F8C8401FE02A4BD3F8A04086
S315080080F0621E033224F04074DAD84FF40023736604
S3150800810044F0807424E0234BD3F8A040621E033267
S3150800811024F040742AD84FF400237366234643F0AC
S31508008120007415E01B4BD3F8B840621E154E033297
S31508008130BBE7184BD3F8C040F7E7164BD3F8CC404B
S31508008140F3E7144BD3F8D040EFE74FF400237366F8
S315080081504FF0B442946070BD40F686710A480FF03D
S31508008160BCFA4FF400232C467366F1E740F6867195
S3150800817005480FF0B2FACEE70023D0E7C0EA21019E
S3150800818040420F0000900050CA37030880841E0042
S3150800819000093D000080E00F0024F4000048E801D3
S315080081A0005A620280BA8C01024A536B0342FCD120
S315080081B0704700BF00800950044A4178536F23F482
S315080081C0407343EA01235367704700BF00400050DD
S315080081D00E4A10B51369044643F00403136113F0FD
S315080081E069FF0FF06AFD0A4B5B6E5B0142BF094BE4
S315080081F0094AC3F8202430BF0FF060FD04F0E2FA04
S315080082001CB9BDE8104012F0DBB910BD00ED00E066
S315080082100080005000E003500000FF0F034A017978
S31508008220D36E23F030030B43D366704700400050EB
S31508008230F8B50446244BD3F88420D006FBD4D3F8EB
S315080082408430C3F381139C423CD012F099F9012C77
S3150800825005460BD11D4B984204D940F29B711C4828
S315080082600FF03BFA012128460FF01CFD14F02FFAF7
S315080082704FF00072174B07465A6620460FF021FD4D
S315080082804FF48063104E621E93403367736E9A01F3
S3150800829003D4D6F884309B060AD5384614F012FA69
S315080082A0022C0FD12846BDE8F84000210FF0FABC91
S315080082B0D6F884309906E9D540F2B37104480FF030
S315080082C00CFAE3E7F8BD00BF00400050005A62020E
S315080082D0273803080060005010B50C4608B912F09C
S315080082E04FF9074B21461B783BB1064B984204D8F9
S315080082F00120BDE81040FFF79BBF0220F9E700BF49
S31508008300BFFD0220005A62020278034B01210020B9
S315080083101A70FFF7E1BF00BFBFFD02204FF0004211
S3150800832038B5244B244C5A664AF6CD33656C01465B
S3150800833005F00105236428BB0120FFF735FF6368B4
S31508008340DB0715D51D4B586008461D4B226BD20717
S315080083500CD4984208D1072415B1174B194A1A6448
S315080083600FF0B0FC204638BD0130EFE79842F2D056
S315080083700024F1E70132236B13F0080305D08A4283
S31508008380F8D1E8E700220E49F5E78A42E3D0202132
S315080083900A4A91620121A2F5805251600649084AAB
S315080083A0886A800603D49342D5D00133F8E793420E
S315080083B0DDE700BF009000500080095000A009507A
S315080083C040420F003254FFFF4FF0004238B5164BBB
S315080083D001465A664AF6CD33144C154A656C236431
S315080083E043780B205B0043F00103D363FFF7DCFE01
S315080083F063688A7823F4F87343EA02136360CA78D9
S315080084004B7943EA0223A3600A798B7943EA02236C
S3150800841023610878FFF782FFEB0744BF054B236407
S315080084200FF050FC012038BD009000500080095024
S31508008430004000503254FFFF0F2870B5044605D996
S3150800844040F6746112480FF048F90F244FF00042C5
S31508008450104B11495D6E03F580535A664AF6CD33C3
S315080084604E6C80200B64FFF79FFE0B6A23F00F0308
S3150800847023430B62F30744BF084B0B64002DA2BFCE
S315080084804FF00042064B5A660FF01CFC70BD00BF49
S315080084902738030800800050008009503254FFFF37
S315080084A000A0005008B50E4B984211D00D4B9842CB
S315080084B010D003F5804398420ED003F580439842C6
S315080084C00CD0094840F279310FF007F9002008BDB1
S315080084D05620FCE75720FAE76520F8E76620F6E716
S315080084E00000015B00C008508438030810B50FF07F
S315080084F0EEFB042300F5805100F500520B61136171
S315080085000B6113610B6113610B611361202341F247
S31508008510020103610023C360836041614FF4A02117
S315080085208361836541620549C36103628362C362ED
S3150800853043630365D164036310BD00BFFF3F0D03AA
S3150800854038B51B4B044698420D460FD0194B984236
S315080085500CD003F58043984208D003F5804398422F
S3150800856004D040F2691114480FF0B7F825B920462F
S31508008570BDE838400FF0ABBB012204F580535A60C2
S3150800858040F6FF71204605F00F020FF09CFBA26330
S3150800859078210FF098FB05F001036A0748BF43F0FE
S315080085A00203A26C02F003029A42FAD138BD00BF58
S315080085B00000015B00C0085084380308F8B505467A
S315080085C00C46164622B940F227216A480FF085F86C
S315080085D0694B9D420FD0694B9D420CD003F58043F1
S315080085E09D4208D003F580439D4204D040F22A21DB
S315080085F060480FF072F82CB92846FFF753FFFEF7CC
S3150800860041FF0446AB68D80741D5B44204D24FF4BB
S315080086100D7158480FF061F8B4FBF6F46F68013C29
S31508008620FF2C07F0010704D94FF40F7151480FF0DA
S3150800863054F824062FB92B6923F07F4323432B6173
S31508008640F8BD282128460FF03EFBAB6C990718D1D8
S31508008650AB6CDA0717D4AE6C16F0020615D140F2E9
S31508008660492144480FF039F828460FF030FB2B69AA
S31508008670314623F07F4323432B61BDE8F840FFF7DB
S315080086805FBF0526F0E70926EEE70626ECE76B68E6
S31508008690012B04D04FF4177136480FF01EF8AB6D56
S315080086A0DB07AB6848BF760003F0E003402B42D0F7
S315080086B009D893B1202B1AD040F29E21BDE8F84084
S315080086C02C480FF00AB8602B42D0802BF4D106EB69
S315080086D04603A34247D801230DE0B6EB141F04D97D
S315080086E04FF4217123480EF0F8FF102303E0B6EB90
S315080086F0D40F1AD8082373436401B4FBF3F4204F4C
S31508008700203CB7EBC40F4FEAC40604D240F2A921B5
S3150800871018480EF0E2FF28463E4001210FF0D3FA32
S315080087202E63BDE8F8400FF0CEBA40F28921114811
S315080087300EF0D3FFDEE70623B4FBF3F3B34201D30F
S315080087400623D8E740F28E210A480EF0C6FFF7E75F
S31508008750B6EB940F01D80423CDE740F293210548E0
S315080087600EF0BBFFF7E74FF4267102480EF0B5FF8F
S31508008770B1E700BF843803080000015B00C0085059
S31508008780F8FF7F002DE9F0419846436804460E46F7
S3150800879017461BB140F6FF710FF095FA2046FFF712
S315080087A0A5FEF189737B62690B43318A22F44C5228
S315080087B022F00F020B4313436361A26896F818C0B0
S315080087C0337B22F0804222F0E2024CEA0303134391
S315080087D072691343B268A3601AB9A36843F00043E9
S315080087E0A360F06904F58053002800F08F80857A2D
S315080087F0017A6D04D4F808E045EA81558D490EEAF8
S3150800880001010D43818801F4C0410D43417845EAD1
S315080088108105417B45EAC105817B45EA01158178D9
S3150800882045EA8125A560D4F80CE0D0E9041529436A
S31508008830814D0EEA05052943857941EA8521C579E1
S3150800884041EA4521E16001787C4D01291ED1E168A4
S3150800885041F00401E160AC4200F0B58078498C42F1
S3150800886000F0B38001F580418C4200F0B08001F53C
S3150800887080418C420CBF03214FF0FF31490101F1C1
S31508008880A04142F2944501F5703120E0032940F0F9
S315080088908F80E16841F00401E160AC4200F08D8010
S315080088A067498C4200F08B8001F580418C4200F0CC
S315080088B0888001F580418C420CBF03214FF0FF31BF
S315080088C041F29445490101F1A04101F570314FF09B
S315080088D0020E41F805E0417A996219B1E16841F45E
S315080088E00061E160C17A59B1E16841F40041E16093
S315080088F052498C426DD1017B524D01F00F016967D7
S31508008900616AC07B21F00301014361622FB197F8C8
S31508008910201000297BD001211962B8F1000F35D04B
S31508008920BCF1000F02D04FF4004199654349B8F8ED
S3150800893022508C4298F8211076D04148844275D04E
S3150800894000F58040844273D000F58040844213D1FC
S315080089500320112934BF4FF0010C4FF0020C3A4F97
S31508008960B5F5006F07F800C094BF4FF0010C4FF043
S31508008970020C364F07F800C0A06D294320F4F950C1
S3150800898020F01E000143A165012199650121596066
S315080089901AB120467168FFF711FE20463178FFF7B5
S315080089A0CFFDA36CDB4313F4405FFAD1BDE8F08139
S315080089B0023901297FF671AF4DE7002180E70121D1
S315080089C07EE702217CE7002158E7012156E70221CC
S315080089D054E71B498C4206D1017B1A4D01F00F0161
S315080089E0C5F880108CE71A498C4206D1017B154DD3
S315080089F001F00F01C5F88C1082E716498C4201BFB9
S31508008A00017B104D01F00F01C5F8981078E7E06971
S31508008A1097F8221097F8215020F0090029430143BE
S31508008A2041F00101D96178E7002092E7012090E73B
S31508008A3002208EE7E39BBDFFFFF9F0870000015B8C
S31508008A4000C0085000900350C4FD0220C0FD02205B
S31508008A500000095000400950174B70B5984204466B
S31508008A600D460ED0154B98420BD003F5804398421D
S31508008A7007D003F58043984203D0702110480EF0C2
S31508008A802CFE1DB972210E480EF027FE2B7B802B7B
S31508008A9003D176210A480EF020FE6B7B032B03D9FF
S31508008AA0792107480EF019FE002329462046BDE81D
S31508008AB070401A46FFF766BE0000015B00C008500A
S31508008AC0843803082B4B70B5984205460C4643D1AB
S31508008AD019B98C2128480EF000FE5620FEF726FE0E
S31508008AE00C2807D0A0F10903012B03D9A0F1110323
S31508008AF0012B3AD8637B032B03D9AD211E480EF010
S31508008B00ECFD237B802B03D0AF211B480EF0E5FD3F
S31508008B106369B3F1804F03D0B12117480EF0DDFD2C
S31508008B20238A23F400539BB2B3F5805F03D0B321A5
S31508008B3011480EF0D2FDA368013BB3F5165F03D3C7
S31508008B40B5210D480EF0C9FD002321462846BDE88B
S31508008B5070401A46FFF716BE8A2107480EF0BDFD7B
S31508008B601CB98C2104480EF0B8FD9E2102480EF06F
S31508008B70B4FDBFE70000015B84380308F8B5934BE2
S31508008B80044698420E460ED0914B98420BD003F5F8
S31508008B908043984207D003F58043984203D0E221E8
S31508008BA08C480EF09AFD1EB9E4218A480EF095FD10
S31508008BB0727BB3687AB1884A934203D9E62185481D
S31508008BC00EF08BFD3369D3B1DB7BC3B1E921814854
S31508008BD00EF083FD13E0814A934203D9EC217D48C8
S31508008BE00EF07BFD336953B11A7F42B1B1687C4AF6
S31508008BF05B7F914240F28280042B00F28280636898
S31508008C00356923B140F6FF7120460FF05CF820461F
S31508008C10FFF76CFC2269737BB17B22F087020B435A
S31508008C20134343F080032361002D6CD02369297F09
S31508008C3023F0F80343EAC1132978EA7B0B43297921
S31508008C4043EA4113697A43EA011343EA821323612B
S31508008C50E068D5E9053720F0F0403B4320F4702062
S31508008C600343287B697B43EA802343EAC133E360F5
S31508008C70A368F07B23F00303034343F00103A360D7
S31508008C806B88A06803F4C0430343A360A3686879AC
S31508008C9043EA8023A360AB79EF79606A1B013F0240
S31508008CA003F0700307F4E06720F4772020F4EE6001
S31508008CB03B430343287A000300F4E0400343687FFC
S31508008CC0000400F47020034363626369307B23F079
S31508008CD00F03034363616B89A36189BB0AB33B4BEB
S31508008CE09C4237D03A4B9C4245D003F580439C4280
S31508008CF052D003F580439C4260D012E0042B3FF625
S31508008D007EAFF32163E7A368F27B23F003031343E3
S31508008D1043F00103A3606369327B23F00F03134317
S31508008D2063612046D6E90112FFF748FC20463178F0
S31508008D30FFF706FCA36CDB4313F4405FFAD1F8BDDA
S31508008D40224B9C420CD1AB7B264903F00F034B67A1
S31508008D50002AE6D02B7C234A03F00F031367E0E7CB
S31508008D601B4B9C420DD1AB7B1E4903F00F03C1F888
S31508008D708030002AD5D02B7C1A4A03F00F03D3671C
S31508008D80CFE7194B9C420ED1AB7B164903F00F0374
S31508008D90C1F88C30002AC4D02B7C124A03F00F038A
S31508008DA0C2F88830BDE7114B9C42BAD1AB7B0D495E
S31508008DB003F00F03C1F89830002AB2D02B7C094A79
S31508008DC003F00F03C2F89430ABE700BF0000015B65
S31508008DD000C0085084380308002D31018096980099
S31508008DE03F4B4C00009003500000095000400950CA
S31508008DF0032838B504460D4605D8094B33F8103014
S31508008E00CB40DB0704D440F2854106480EF065FCEA
S31508008E10302301225C43044BAA401A5138BD00BFD7
S31508008E20A0390308E438030840D00350032838B5AE
S31508008E3004460D4605D8094B33F81030CB40DB07FE
S31508008E4004D440F2564106480EF047FC302301226E
S31508008E505C43044BAA401A5138BD00BFA039030829
S31508008E60E438030840E0035003282DE9F04104469E
S31508008E700D461746984605D81D4B33F81030CB409B
S31508008E80DB0704D44FF4B0711A480EF026FC37B14C
S31508008E9029462046B8F1000F20D0FFF7A9FF0F2179
S31508008EA0072D04EB440688BFA5F108034FEA06160A
S31508008EB0114895BFAB009B0004360C3607FA03F23F
S31508008EC0994030440EF02CFF7FB929462046B8F168
S31508008ED0000F06D0BDE8F041FFF78ABFFFF7A6FFEF
S31508008EE0DDE7BDE8F041FFF7A1BFBDE8F08100BFAF
S31508008EF0A03903084239030830C0035010B52320AF
S31508008F0001F026FF0024FF22064B21465C6520203F
S31508008F109A625C60FEF790FA2146BDE8104021206F
S31508008F20FEF78ABA00000450072838B504460D46ED
S31508008F3003DD772108480EF0D0FB1F2C03D99121B9
S31508008F4006480EF0CAFB064A064B002D08BF134614
S31508008F500122A2401A6038BDA8390308063A030858
S31508008F60401004504020045010B5044618B9912109
S31508008F701F480EF0B2FB23781B0613F0604F03D090
S31508008F8092211B480EF0A9FBE3780F2B03D99521F4
S31508008F9017480EF0A2FB01212020FEF74DFA012109
S31508008FA02120FEF749FA0122124B23205A60227823
S31508008FB012069A606178A27842EA01429A61FF2213
S31508008FC09A6200229A631A644FF000425A654FF07B
S31508008FD0FF3203F500531A6501F00AFF2320E178F2
S31508008FE001F014FFBDE81040232001F0CFBE00BFFA
S31508008FF0A839030800000450F8B50126C3B20728AB
S3150800900005460C46174606FA03F603DDDE21344804
S315080090100EF063FB1CB9DF2131480EF05EFB2368B6
S3150800902023F47C1323F00F031BB1E2212C480EF026
S3150800903054FBA37A1B0413F47C0F03D0E7212848BA
S315080090400EF04BFBE37A1B0513F07E6F03D0E92184
S3150800905023480EF042FB237B5B0513F0FE5F03D02B
S31508009060EB211F480EF039FB1E4B27F003071E6540
S31508009070AB00226803F1A04303F588235A60302227
S3150800908002FB05F0637B00F1A04000F58020036633
S31508009090E37AA27A1B0543EA0243227B43EA425358
S315080090A0C365076713F01CFB0F4B227A5E6502B196
S315080090B01E64627A02B19E632279A37943EA024367
S315080090C0084A93616179E37943EA014306498B616A
S315080090D0064B56639E64BDE8F84013F0FCBA00BF21
S315080090E0A83903080020045000100450000004505A
S315080090F010B50124C3B2072804FA03F404DD40F2CC
S315080091007B1107480EF0E9FA13F0EAFA054B5A6D97
S3150800911022EA04025A659C62BDE8104013F0DBBAE5
S31508009120A83903080000045010B50124C3B2072863
S3150800913004FA03F404DD40F299110A480EF0CDFA58
S3150800914013F0CEFA084BDA6A224208D15B6B9C43CD
S315080091500CBF0124002413F0BEFA204610BD0024DB
S31508009160F9E700BFA83903080000045070B50125C7
S31508009170C3B20728044605FA03F504DD4FF4E07187
S3150800918009480EF0AAFA13F0ABFA3022074B5E6BC9
S3150800919002FB04335C6E13F09EFA35420ABFC4F331
S315080091A00A100020013070BDA839030800000450D9
S315080091B0372808B507D820280BD8122850D03FD80A
S315080091C028B101284ED0B62128480EF086FA00208C
S315080091D035E021381628F6D801A353F820F000BF49
S315080091E0699200083D920008499200084D920008CD
S315080091F0C7910008C7910008C7910008C7910008E1
S31508009200C7910008C7910008C7910008C7910008D0
S31508009210C7910008C7910008C7910008C7910008C0
S31508009220C791000851920008C7910008C791000825
S3150800923055920008599200085D920008022008BD60
S315080092401428C0D10820FAE70420F8E70520F6E735
S315080092500620F4E70920F2E70A20F0E70B20EEE7FC
S315080092600720ECE70320EAE70120E8E7633A03086A
S31508009270142810B50C4632D005D801281FD012285C
S3150800928026D0204610BD21381628FAD8194BC340D7
S31508009290DB07F6D5042C0DD801A353F824F000BF3C
S315080092A0839200088392000883920008839200083C
S315080092B083920008F62110480EF00FFAE1E701291B
S315080092C0DFD00229DDD00029DBD040F20711F2E712
S315080092D001290BD004290BD04FF48B71EBE7022937
S315080092E004D0052904D040F22511E4E70024C8E794
S315080092F00124C6E70F007200633A030870B50546F5
S31508009300C2F3062602F0070479B90F2804D94FF4E8
S31508009310FC710F480EF0E1F944EA062444F44024AF
S3150800932006350C4B43F8254070BD032804D940F296
S31508009330FD1107480EF0D1F921463046FFF798FF90
S3150800934004463046FFF734FF163544EA0024E8E7BA
S31508009350633A030800800350B2F5805F70B505468E
S315080093600E4614460DD34FF40B7108480EF0B5F9A6
S3150800937024F0030202F1A04202F5603226B9156014
S3150800938001E0002AF4D170BD2D02F8E7633A03081C
S315080093900D4B984208D1A3F5D023C3F85812802361
S315080093A000F58050C3657047084B984204D1A3F571
S315080093B0D823C3F87412F2E7054B984204BFA3F505
S315080093C0E023C3F89012EAE700000A5000400A506A
S315080093D000800A5070B506460C46154622B940F27A
S315080093E0A6210C480EF079F924B94FF42070FEF73F
S315080093F049F804466D00013CB4FBF5F4064B25021A
S3150800940013EA042304D040F2CB2102480EF065F992
S31508009410F56170BDC03A0308070080FF38B5104BE8
S31508009420044698420D460CD003F58043984208D06E
S3150800943003F58043984204D04FF4397109480EF079
S315080094404CF9012204F580535A60EB43934003F02C
S315080094500A036361656115B904F50054626038BD95
S3150800946000000A50C03A03081B4B10B59842044640
S315080094700CD003F58043984208D003F58043984200
S3150800948004D040F25E4115480EF027F9012204F592
S3150800949080535A6040F6AA6341F2050263610023CD
S315080094A00F49A360E365E26004F500522361E361B6
S315080094B0E36491640849A3658C4203D123650023BC
S315080094C0636506E007498C42F8D001F580418C4275
S315080094D0F4D00123536010BD00000A50C03A0308B7
S315080094E0FFFF010000400A5038B5294B0446984250
S315080094F00D460CD003F58043984208D003F5804307
S31508009500984204D040F2813122480EF0E6F820460F
S31508009510FFF7AAFF012204F580535A602B8AA26836
S3150800952043F001031343AA7B43EA8223A360A3689B
S315080095302A7D43EA4273A360AB7C1BB12046E97CD3
S31508009540FFF726FFD5E901122B7B204643F480530B
S31508009550E360FFF73FFF6B7B0BB1102363616B7D05
S315080095601BB1A36843F48033A360AB7D1BB1A3682A
S3150800957043F40043A360EB7D2A7E1B07120503F024
S31508009580E04302F4E0021343A3652B78636138BD18
S3150800959000000A50C03A0308194B70B598420546B0
S315080095A00C460CD003F58043984208D003F5804357
S315080095B0984204D040F2164112480EF08EF8002365
S315080095C02678214623702846FFF78EFF94F8202038
S315080095D0A38B134394F8212043EA4203A27F43EA6C
S315080095E00213E27F43EAC20343F001036B652EB11F
S315080095F031462846BDE87040FFF710BF70BD00BF72
S3150800960000000A50C03A03082DE9F0470746DDE98D
S31508009610086491469A460D46DFF8DC8049B9082366
S3150800962023704FF4D963A360314BC4F80480E36018
S31508009630FEE762B1531E134249D00823237040F255
S31508009640CB63A3602A4BC4F80480E360FEE713F0FB
S3150800965047F84FF00409D1454B4638BF5346D7F86B
S3150800966008C0591E11EA0C0FC3F1000208BF0023F7
S3150800967002EA0C021A4415440AF1FF33CAF1000142
S3150800968029401D4018BF55467B6829440133A3EB82
S315080096900C05A1EB0C0C6545164D1BD20EB1C91A6B
S315080096A0316040F222731626C4E902352670C4F8E2
S315080096B0048013F010F840F2D763A3600C4B2670B1
S315080096C0C4F80480E36000242046BDE8F08713F060
S315080096D007F8C0E70023B96023704FF4E563C4F8C0
S315080096E00480C4E90235144612F0F5FFECE700BF22
S315080096F0A83B0308903B03081F3B030873B50C46B9
S3150800970016461D460BB90EF01BFB002306480093B0
S31508009710042201233146002C18BF20460195FFF785
S3150800972073FF02B070BD00BF9C2203201FB50C4B0F
S315080097301B78012B0AD110F0B5FF00280CBF4FF09B
S31508009740FF306FF0050005B05DF804FB684600F0D1
S31508009750ADF99DF80000003818BF01204042F2E735
S31508009760CD2103201FB510F09DFF58B9074B1B7874
S31508009770012B02D0684600F029F94FF0FF3005B0FA
S315080097805DF804FB6FF00500F9E700BFCD21032063
S3150800979030B585B0054610F085FF68BBBDB9182001
S315080097A00AF064FD044638B3012315490374002200
S315080097B06B462046626100F05FFA9DF80030E3B11F
S315080097C0237C012B18D120460AF058FD14E0AC681A
S315080097D064B918200AF04AFD044668B101232374C7
S315080097E02968074B002908BF1946E0E7EB68172BDD
S315080097F002D914F00303F2D00024204605B030BD88
S31508009800BD3B030830B585B0054610F04BFF58BB85
S31508009810ADB91C200AF02AFD044628B301231749CE
S3150800982003766A46204600F023FB9DF80030FBB11C
S31508009830237E012B18D120460AF020FD14E0AC68DF
S3150800984064B91C200AF012FD044668B10123237688
S3150800985029680A4B002908BF1946E2E7EB681B2B63
S3150800986002D914F00303F2D00024204605B030BD17
S3150800987015B16B6803F001036376F6E7C83B030886
S315080098802DE9F04F91B0834617460B9110F00AFF69
S3150800989090B9BBF1000F0FD09FB9C8200AF0E6FCBB
S315080098A0044648B14FF480600AF0E0FC05460028FB
S315080098B078D120460AF0E2FC0024204611B0BDE823
S315080098C0F08FBC68A4B9C8200AF0D0FC044600286A
S315080098D0F2D00126D7F814A0BAF1000F0FD14FF431
S315080098E080600AF0C3FC054660BB002EE4D0E0E7C2
S315080098F0FB68C72BE0D914F00306EBD0DCE73D691B
S3150800990045B950460AF0B2FC05460028EDD04FF09E
S31508009910010802E015F00708E7D1D7F80090284BB0
S31508009920BF69B9F1000F08BF9946002F43D07B1CC9
S3150800993043D0372F0BDDB8F1000FD6D028460AF0F2
S315080099409DFCD2E74FF001084FF4806AE5E7C7F1BE
S315080099503707FFB200220CAB1A4904F1980000F051
S315080099608BF99DF830200CAB002AE4D10893072325
S31508009970CDE90623144BCDE9042203EA9A03CDE97F
S31508009980022349460B9B5A462046CDE9007500F04E
S3150800999069FB9DF83030002BCDD184F8C18084F85E
S315080099A0C0608AE74FF001081F2746464FF4806AD1
S315080099B0DFF80C90CEE71F27CCE74027CAE700BFA1
S315080099C0CE3B0308D83B0308FEFFFF3F70B50446AD
S315080099D008B90EF0B5F9244B1E78012E09D01323C9
S315080099E02370224B636040F20343A360204BE3607D
S315080099F0FEE7204B1B884BB9092323701B4B63607A
S31508009A0040F20E43A3601A4BE360FEE71A4D2B782B
S31508009A104BB11F232370154B636040F21143A360BB
S31508009A20134BE360FEE712F061FE48B11F23237073
S31508009A300E4B636040F21443A3600D4BE360FEE7F0
S31508009A4011F09EFC0D4B0E4A18700E4B2E701870B6
S31508009A500D4B53F8303013600C4A136000F09CFC31
S31508009A60BDE870400EF06CB9CC210320E83B030832
S31508009A707A3C030882FD0220CD210320CA21032057
S31508009A8000C20220CB21032008C2022004C2022001
S31508009A9000231946044A0133402BC2E9001102F19A
S31508009AA00802F8D1704700BF08C2022070B5044604
S31508009AB008B90EF045F9564D6A68D2B12B68554E6D
S31508009AC04BB92346296B54489200FFF717FE3060BE
S31508009AD023780BB170BD33603268504B50491A6019
S31508009AE06B68504A1360504A9B0013600A681A4410
S31508009AF00A602A89BAB10C2623467243296B4B4859
S31508009B00FFF7FCFD4A4B18602378002BE2D1494B3E
S31508009B10494A18602B89424913807343474A1360A0
S31508009B200A681A440A606B6B454E336000F0FEFC07
S31508009B3002F09AFE054648B101232370414B636043
S31508009B404FF4DA73A360404BE360C3E712F04EFCB0
S31508009B5036683E4BB0420246186009D20923237084
S31508009B60384B63604FF4DD73A360374BE360FEE761
S31508009B703DD02B46002001210AF054F87043344B9F
S31508009B80B6F57A7F186009D90023324600200121EC
S31508009B900AF048F84FF47A7303FB00F500212D4BC1
S31508009BA01D602D4B19702D4B19702D4B19602D4BBF
S31508009BB019602D4B19702D4B19701A4B1A68C2B9BA
S31508009BC000222B4B1A7000F033FAFFF761FF1A4B8D
S31508009BD01B88B3B9204600F033FA2378002B7FF4AC
S31508009BE079AF0EF01CF90122224B1A7072E728464B
S31508009BF0C5E70A4B18680028E2D0920010F09FFAD1
S31508009C00DEE7204600F002F92378002BE2D061E770
S31508009C10B0220320E8C10220553C0308E0C1022017
S31508009C20C8C10220DCC10220D8C10220683C030852
S31508009C30E4C10220D4C1022080FD0220D0C1022046
S31508009C40CCC10220E83B0308823C0308ECC1022091
S31508009C50F0C10220F4C10220CD210320C92103202E
S31508009C6004C2022000C20220CB210320CA210320FD
S31508009C70C8210320CC2103202DE9F047054692464A
S31508009C801C460BB90EF05CF810F00CFDDFF864808A
S31508009C900646164F38B1202323705523C4E90237E8
S31508009CA0C4F80480FEE73DB90A2323705823C4E9A3
S31508009CB00237C4F80480FEE712F012FD814610222E
S31508009CC03146284610F03BFA094B281D2B60C5F88B
S31508009CD00CA00EF0A5F8484612F0FDFC702326707D
S31508009CE0C4E90237C4F80480BDE8F0871A3D0308C2
S31508009CF0464C4147A33C0308034B043040F8043C58
S31508009D00002383600EF08CB84E4F4E452DE9F8437C
S31508009D1080460F4614460AB90EF012F810F0C2FC37
S31508009D20054640B120232370344B6360A623A36005
S31508009D30334BE360FEE7334B1B78012B5AD1B8F15E
S31508009D40000F08D10A2323702C4B6360AF23A3604E
S31508009D502B4BE360FEE7D8F800202B4B9A4208D03D
S31508009D600C232370254B6360B223A360244BE36066
S31508009D70FEE712F0B5FC814667B1012F29D012F033
S31508009D80AAFC082323701D4B6360E723A3601C4BC2
S31508009D90E360FEE7D8F8043083B94046FFF7ACFF26
S31508009DA0484612F098FC3846C423144A2070C4E981
S31508009DB00123134B3846E360BDE8F88312F08BFCA9
S31508009DC02E20C723F1E702220021304612F0F0FDCB
S31508009DD03D46D8F804606F1C002EF4D14046FFF7C4
S31508009DE08BFF484612F077FCAFB210F01FFD3046E5
S31508009DF0E223DAE70220AA232F46D6E7A33C030884
S31508009E00103D0308CD210320464C4147F0B50025F7
S31508009E10124B1C68124B04F10C011E882B46721E4D
S31508009E2092B2AFB2BA4211D80C214A43A350A11834
S31508009E300C4A4B600B81D3809680146003700A4BE2
S31508009E4043605D238360094BC360F0BD41E903139A
S31508009E5021F8043C01350C31E3E700BFD4C10220E8
S31508009E6080FD022008C402203D3D0308A93D0308E1
S31508009E702DE9F843054614460AB90DF061FF10F0BE
S31508009E8011FCDFF864800646154F38B1202323708D
S31508009E905223C4E90237C4F80480FEE73DB90A2311
S31508009EA023705523C4E90237C4F80480FEE712F08C
S31508009EB017FC182231468146284610F040F92846F4
S31508009EC0084B40F8043B0DF0ABFF484612F003FC84
S31508009ED06C232670C4E90237C4F80480BDE8F88309
S31508009EE0313E03084D555458B83D0308044B0360EA
S31508009EF00023C0E90333037504300DF091BF00BF9A
S31508009F004E4F4E452DE9F04105460F4614460AB90F
S31508009F100DF016FF10F0C6FB064640B1202323704D
S31508009F203F4B6360A523A3603E4BE360FEE745B95C
S31508009F300A2323703A4B6360A823A360394BE36076
S31508009F40FEE72A68384B9A4208D00C232370344B14
S31508009F506360AB23A360334BE360FEE7334B1B78A8
S31508009F60012B58D112F0BCFB804667B1012F2CD0CB
S31508009F7012F0B1FB08232370294B6360F323A36017
S31508009F80284BE360FEE76B68ABB9286910B1294630
S31508009F9012F02FFE2846FFF7A9FF404612F09BFB5A
S31508009FA00022C32322701E4A3846C4E901231D4BEA
S31508009FB0E360BDE8F08112F08EFB2E22C623F1E79E
S31508009FC00222002112F0F4FC3E466868771C00283D
S31508009FD0F6D12F699FB12946384612F00AFE97F83E
S31508009FE0281097F827308B4209D0384612F00DFE14
S31508009FF0814228BF01463846C9B211F003FA2846FD
S3150800A000FFF774FF404612F066FBB7B210F00EFC7D
S3150800A0100022EE23C6E70222AF230746C2E700BFA7
S3150800A020B83D0308263E03084D555458CD21032054
S3150800A0300022024BC3E90022704700BFF8C1022084
S3150800A0400023054A13800370044B436040F61F0340
S3150800A0508360034BC360704782FD0220573E0308A6
S3150800A060C43E03082DE9F04F89B0CDE90423DDE9A4
S3150800A07013989DF848301A9C0393189B0546DDF8FB
S3150800A08054A0BDF864B006930CB90DF059FE10F053
S3150800A09009FB544F544E30B120232370F023C4E9F2
S3150800A0A002366760FEE735B90A232370F323C4E94D
S3150800A0B002366760FEE7049B33B90A232370F6234A
S3150800A0C0C4E902366760FEE7B9F1000F06D10A2334
S3150800A0D02370F923C4E902366760FEE7434B1B6821
S3150800A0E0534506D908232370FC23C4E90236676062
S3150800A0F0FEE7C24506D808232370FF23C4E90236C3
S3150800A1006760FEE7039B3F2B07D9082323704FF4AC
S3150800A1108173C4E902366760FEE7079028460DF0AA
S3150800A12083FE40F20B1307991BF0030FC4E90236AE
S3150800A1302170676007D01BF0020F04D048464FEA2B
S3150800A1408A020FF0FCFFDDE9040128F0070809EB95
S3150800A150880843464A46CDE900AB00F009FA81452E
S3150800A1600AD9322323704FF494736760C4E9023620
S3150800A17004900DF0E5FD0498039B286085F82730C8
S3150800A18085F82830069B28466B600023C5F80880AA
S3150800A190C5E91B336B67C5F81490C5F830A0A5F858
S3150800A1A034B00DF065FE12F09BFA044695F82700C8
S3150800A1B011F0BCF8284610F01BFC0D4A20461388FF
S3150800A1C0013313800B4B1B78012B04D009B0BDE873
S3150800A1D0F04F12F080BA12F07EFA09B0BDE8F04FDF
S3150800A1E010F024BB573E0308DA3E0308E43B030895
S3150800A1F082FD0220CD2103202DE9F04104460D46BB
S3150800A20009B90DF09DFD10F04DFA48B120232B70C9
S3150800A210564B6B604FF4DA73AB60554BEB60FEE759
S3150800A220544B1B78012B0AD002232B704F4B6B60C3
S3150800A2304FF4DC73AB604E4BEB60BDE8F0812CB994
S3150800A24012F04EFA4C4B1C6812F045FA12F048FA16
S3150800A25094F826308046072B08D8013B062B0DD8E4
S3150800A260DFE803F04B31310F4B313100FF2B73D050
S3150800A27012F031FABDE8F0410DF062BD204610F04B
S3150800A280E7FBE36A13B1204612F0CCFC20460DF03A
S3150800A290F0FD3A4A20461388013B13800DF0C4FDB1
S3150800A2A0FF23404684F8263012F015FA00232B7057
S3150800A2B02E4B6B6040F23123AB602D4BEB60BDE853
S3150800A2C0F04110F0B3BA94F82420082A09D80123DB
S3150800A2D0934013F4B17F07D113F0850F07D1042AF1
S3150800A2E014D00DF02DFD02E0204612F03AFB94F84A
S3150800A2F0263003F0FB03032BC3D104F1440011F00D
S3150800A300F7FF0028BDD00DF01BFDBAE7236A2046EB
S3150800A3101E6996F8277012F024FB96F8273096F8EF
S3150800A32028209A420CD094F827209A4208D1304621
S3150800A33012F06BFC96F82870874228BF0746FFB2D2
S3150800A340002384F8243096F82730BB42CFD039460C
S3150800A350304611F057F8CAE712F0BDF91F232B70E3
S3150800A360024B6B6040F2072364E700BF573E0308C1
S3150800A370D03E0308CD21032004C2022082FD02201C
S3150800A380B0FA80F0704790FAA0F0B0FA80F0704703
S3150800A39090FAA0F0704700BF72B64EF62250CEF281
S3150800A3A0000040F2FF01C0F200010170002080F3B6
S3150800A3B0098880F30A884CF21440C2F20200016848
S3150800A3C081F308884CF21040C2F20200016881F35A
S3150800A3D00A8812F04AFC42F2CB10C2F2030042F29B
S3150800A3E0CA11C2F203010A7802704CF20420C2F2C2
S3150800A3F002004CF20021C2F202010A680260002043
S3150800A40080F30B88106880F3098802F10802116846
S3150800A41081F30B88EFF3148040F0020020F004006B
S3150800A42080F31488BFF36F8FBDE8F04F0FBCBDE80B
S3150800A430005006BC62B608473A484FF080510160A2
S3150800A440704738484FF0805101607047302080F3DC
S3150800A45011884CF20422C2F202021168002901BFD7
S3150800A460314A136823F0010313600ED0EFF3098015
S3150800A4701EF0100F08BF20ED108A20E9F04F4CF2AD
S3150800A4800425C2F2020529680860744612F0EDFB3D
S3150800A4904CF20421C2F202014CF20020C2F2020080
S3150800A4A003680B6042F2CB12C2F2030242F2CA11EF
S3150800A4B0C2F203010878107044F0040E002080F3FD
S3150800A4C00B88002B0DD01868B0E8F04F1EF0100F5F
S3150800A4D008BFB0EC108A80F30988996881F30B8865
S3150800A4E01BE04CF21441C2F202010868A0F11C00FC
S3150800A4F080F3088840F20001C0F20011C16147F6F6
S3150800A5006961C0F6010181614BF2CD41C0F60101D6
S3150800A51041614FF6F97ECFF6FF7E002080F3118861
S3150800A5207047000004ED00E034EF00E00C4B0D49E5
S3150800A5301A680D4B1B6803F18043013B02EB83034A
S3150800A54023F007030B60094B1A604FF0E023D3F89A
S3150800A550343F03F04043B3F1404F00D0FEE7704765
S3150800A560E0C1022014C40220DCC1022010C402206B
S3150800A57010B5029C6FF0020C02EB84024FF0807457
S3150800A58022F0070242E9020415484FF0123442F855
S3150800A5900C0C4FF0033042E905044FF0023042E953
S3150800A5A007304FF0113342F8201C42E90A3C4FF0BD
S3150800A5B010314FF009334FF0083042E90C314FF0B3
S3150800A5C007334FF0063442E90E304FF00533104694
S3150800A5D042E910344FF0043340F8443D10BD00BF43
S3150800A5E0CDB4010810B5044620B940F23A21124804
S3150800A5F00DF073F823782BB1012B17D0022B18D046
S3150800A600032B05D140F2FF736278D340DB0704D4ED
S3150800A61040F23D2108480DF060F801226378217860
S3150800A6209A4030235943054B5A5010BD40F2FF1348
S3150800A630EAE743F6FF73E7E7793F030840E003508C
S3150800A64010B5044620B940F26E2114480DF045F8BD
S3150800A65023782BB1012B1BD0022B1CD0032B05D141
S3150800A66040F2FF736278D340DB0704D440F27121CD
S3150800A6700A480DF032F830222378534303F1A043F9
S3150800A68003F57033186C6378D84000F0010010BDEC
S3150800A69040F2FF13E6E743F6FF73E3E7793F030863
S3150800A6A0034BD3F82424D3F820041040704700BF86
S3150800A6B000C003502DE9F041037804460D461646BE
S3150800A6C02BB1012B21D0022B22D0032B05D140F22E
S3150800A6D0FF736278D340DB0703D45D2128480CF06A
S3150800A6E0FCFF284BD3F810331BB1602124480CF02B
S3150800A6F0F4FF0F2D0FD8DFE805F03A353535353537
S3150800A7003535353535353535353540F2FF13E0E71E
S3150800A71043F6FF73DDE7B42119480CF0DEFF4FF06E
S3150800A7200008204606B311F06BF80F2167782378E6
S3150800A730072F03EB430388BF083F4FEA031312486A
S3150800A74095BFBF00BF0004330C3308FA07F2B940BF
S3150800A75018440DF096FB85B9204656B1BDE8F04180
S3150800A76011F04EB8A846DCE7FFF73CFFDDE7A84640
S3150800A770DBE7BDE8F041FFF735BFBDE8F08100BF74
S3150800A780E03F030800C0035030C00350054B9A68E9
S3150800A7909107FCD45A689207F9D4DA69002AF6D1E7
S3150800A7A0704700BF00C00A5010B5074C6368DB0746
S3150800A7B004D44FF49F7105480CF08FFF11F07CF814
S3150800A7C00223236110BD00BF00C00A50474003089A
S3150800A7D008B5FFF7DBFF0122024B03F580514A60FB
S3150800A7E01A6108BD00C00A50044B10B55C68012CFC
S3150800A7F003D1FFF7D9FF024B5C6010BD00C00A50B9
S3150800A80000E00A5038B5074DFFF7C0FF6B680446ED
S3150800A810012B03D1FFF7E8FFFFF7B8FF2378EB60BA
S3150800A82038BD00BF00C00A5038B505460C4611F0C1
S3150800A8304DF8BDB96268237812B1127843EAC203AB
S3150800A840627843EA4203A26812B1127843EA821395
S3150800A850E27843EA8203226912B1127843EA422374
S3150800A860014A936438BD00BF00C00A5030B592480B
S3150800A8708BB012F00BFA20B14FF44E718F480CF0E2
S3150800A8802CFF6C468E4D0FCD0FC42B688D4A236066
S3150800A890FF238DF80130D2F84C3113F4802340F0B1
S3150800A8A0FE80D2F850218DF801309DF801306C46B3
S3150800A8B0FF2B08BF3F236846834D8DF80130FDF70F
S3150800A8C0A3F93220FDF702FA0FCD0FC40FCD0FC43E
S3150800A8D095E8030084E803007A4BD3F84C21120369
S3150800A8E040F1C180A3F5FE431C88B4F5807F28BFDC
S3150800A8F08C248DF81940FDF781F9044484F3080483
S3150800A90072488DF81840FAF7F5F86846FDF764F8C6
S3150800A9103220FDF7E1F96E48FDF704FB6D48FDF7B7
S3150800A9208FFB6D4812F0B2F920B140F2CB116348A3
S3150800A9300CF0D3FE694C0020FDF7D4F9FDF7A8FA10
S3150800A940236F002023F0070343F003032367FDF773
S3150800A950C9FA236F624923F474432367614BD3F81A
S3150800A960FC2012F0807240F08280D4F8803023F008
S3150800A970030343F00103C4F88030C1F88020574C24
S3150800A980D4F8203123F0070343F00203C4F820313A
S3150800A990D4F8283123F0070343F00203C4F828311A
S3150800A9A0D4F8803123F0030343F00103C4F880315F
S3150800A9B0D4F8403123F0030343F00203C4F84031CE
S3150800A9C0D4F8603123F0030343F00203C4F860317E
S3150800A9D0D4F8403223F0030343F00203C4F84032AC
S3150800A9E0D4F8003223F0070343F00203C4F8003218
S3150800A9F0D4F8083223F0070343F00203C4F80832F8
S3150800AA00D4F8503223F0030343F00203C4F850325B
S3150800AA10D4F8703223F0030343F00103C4F870320C
S3150800AA20D4F8203223F0070343F00103C4F8203298
S3150800AA30FCF7BAFF4FF0E0220020136943F0040345
S3150800AA401361D4F8603223F0070343F00103C4F816
S3150800AA506032D4F8943223F0070343F00103C4F8B4
S3150800AA6094320BB030BDD3F85041E4B241E7D3F885
S3150800AA70FC2022F08072C3F8FC20D4F8802022F053
S3150800AA80030242F00102C4F880200022C1F88020A7
S3150800AA90D3F8FC2042F08072C3F8FC206FE74FF031
S3150800AAA07E6393F89C2093F99C30002BFFF6FDAE4D
S3150800AAB08DF80120F9E600BF6442030897410308B0
S3150800AAC01C4203080080E00F30420308C0175302F7
S3150800AAD000B4C404C0EA21016C4203080080005097
S3150800AAE00090005000ED00E007B5094B18689A88F9
S3150800AAF09B7900906846ADF804208DF80630FDF77E
S3150800AB0063FC0C20FDF798FC002003B05DF804FBFD
S3150800AB105842030870B501F0A7FE0446E8B901F0EB
S3150800AB202DFF11F063FC4FF4167343430C4A03F5EB
S3150800AB30742303F23F23B3FBF2F30A490A480B6076
S3150800AB400A230268094D0E68013B45F8046B0E6836
S3150800AB5013F0FF033244F6D10260204670BD00BFF1
S3150800AB6040420F004CC402201CC4022020C402200C
S3150800AB70012208B5034B1A7012F03BF9024B186014
S3150800AB8008BD00BFCE21032018C4022010B511F05D
S3150800AB902DFC044611F093FD844207D912F035F9CD
S3150800ABA020B10122024B1860024B1A7010BD00BF7B
S3150800ABB018C40220CE210320F8B5224D2B7813B3F2
S3150800ABC012F017F9204B214E1B68C01A3060336803
S3150800ABD0D3B13368336011F009FC4FF41673584348
S3150800ABE01B4C00F5742000F23F20B0FBF4F43368E8
S3150800ABF0A34203D9C72117480CF06FFD3368A34257
S3150800AC0004D900232B70F8BD0123E3E71248134C3F
S3150800AC100378316854F82320114F511A3A68521AAA
S3150800AC2031683A6044F823100A210932B2FBF1F27E
S3150800AC300C4C0133DBB22260B3FBF1F201FB123399
S3150800AC400370DEE7CE21032018C4022048C4022080
S3150800AC5040420F0094420308CF21032020C402205B
S3150800AC601CC402204CC40220014B1868704700BF60
S3150800AC704CC40220F8B503213C2000F0C7F804268E
S3150800AC804FF480120D4C0E4B0E4F04F500555A66C4
S3150800AC903C206F676E672F672E6700F0A9F83C2087
S3150800ACA000F074F84FF0007204F580535F675E6732
S3150800ACB0AA624FF480529A62F8BD00BF0040005A5B
S3150800ACC000900050010000A0064B074A996D11F04C
S3150800ACD0050F01D0117811B10028F7D1704701206E
S3150800ACE0704700BF0040005AD0210320164B10B50C
S3150800ACF01C6F14F0040111D0144A116708219162DF
S3150800AD009B6DDA0701D4FFF741FF01F0C3FC01F0A0
S3150800AD10A3FC012011F086FB12F079F8E30706D5AB
S3150800AD2001220A4B1A67FFF747FF01F095FC14F05A
S3150800AD3000521CBF054B1A67002CBEBF4FF00042DD
S3150800AD40024B1A6710BD00BF0040005A0060005A47
S3150800AD505D2810B504460DD801220A49630904F096
S3150800AD601F04A240203341F82320BFF34F8FBFF3BF
S3150800AD706F8F10BD40F2251103480CF0AEFC002C75
S3150800AD80F7DBE9E700E100E0094303085D2810B5B1
S3150800AD90044608D801236109074A04F01F04A340A2
S3150800ADA042F8213010BD4FF4987104480CF095FC18
S3150800ADB0002CF7DBEEE700BF00E100E009430308DB
S3150800ADC05C2810B5044604D940F23B1106480CF03D
S3150800ADD084FC064B621153F8220004F01F04E0407D
S3150800ADE0C04300F0010010BD0943030800E100E07C
S3150800ADF0002808DB01224309034900F01F008240AE
S3150800AE00603341F82320704700E100E038B500F1CF
S3150800AE1010036D2B04460D4604D94FF4EF710E4806
S3150800AE200CF05BFC0F2D04D940F2DF110A480CF038
S3150800AE3054FC60B20028ACBF00F16040074B4FEAF3
S3150800AE400515EDB2ABBF00F5614000F00F0080F8C4
S3150800AE5000531D5438BD00BF0943030814ED00E034
S3150800AE6010B511F03DFC0A4B1A786AB901226FF049
S3150800AE7004041A7011F02FFC204605210134FFF74F
S3150800AE80C5FF5D2CF8D110BDBDE8104011F023BCFC
S3150800AE90D121032073B511F01AFC104D104B2E78F2
S3150800AEA01C6811F00FFC0FF0B5FC60B1FF2E0AD03C
S3150800AEB00020297801AA0CF014FC18B19121094840
S3150800AEC00CF00BFC019C2CB911F001FC064B1C681C
S3150800AED011F0F8FB204602B070BD00BF5B230320CB
S3150800AEE050C402209043030854C4022010B50446F7
S3150800AEF011F0EDFB024B1C6011F0E4FB002010BDC5
S3150800AF0054C4022038B50446D0F800311D68AB6C2D
S3150800AF105906FCD5002394F809111A4694F8080135
S3150800AF20FDF7A2FF002394F80B111A4694F80A01BC
S3150800AF30FDF79AFF94F81031DA0707D5002394F83D
S3150800AF400D111A4694F80C01FDF78EFF94F810318E
S3150800AF509B0707D5002394F80F111A4694F80E019B
S3150800AF60FDF782FF012205F500531A650422002128
S3150800AF701A652846094DFDF7E3FAD4F8040111F0DD
S3150800AF8088FE284604F58A71F9F7F6FD2B6813B989
S3150800AF90034801F0FBFA002038BD00BF58C4022060
S3150800AFA05CC40220012910B502D9022914D010BDAB
S3150800AFB0134B1C68A4F58A7414F58A7FF7D0D4F865
S3150800AFC0040111F063FED4F8003105211868FDF775
S3150800AFD0B7FAD4F81441EDE7094B1C68A4F58A744E
S3150800AFE014F58A7FE3D094F8973033B994F89530FE
S3150800AFF01BB9D4F8040111F04CFED4F81441EDE75E
S3150800B00058C402202DE9F0431D4613688FB01F6807
S3150800B01091F8313081468846144606AE1BB3DFF8F0
S3150800B02050C2BCE80F000FC69CE80F0086E80F0068
S3150800B0301822002168460FF082F8A3680893237B3C
S3150800B040012B13D0022B14D01BB1D9217D480CF04B
S3150800B05044FB0023ADF82630637B032B1FD8DFE8BB
S3150800B06003F00B25221BDFF80CC2DAE74FF4007356
S3150800B070F0E74FF44073EDE70023ADF828300123DD
S3150800B0808DF80630A37BCDF834D0042B11D8DFE831
S3150800B09003F01415151514004FF44053EDE7EB2192
S3150800B0A068480CF01AFB4FF48053E6E74FF4005358
S3150800B0B0E3E7FE2163480CF010FB00238DF800300F
S3150800B0C0614AD8F8383029461A60604A48465A60B4
S3150800B0D05F4A9A605F4ADA60424600F0AFFD06466C
S3150800B0E0002840F0A78023695B48C5F80431237E11
S3150800B0F085F80B31E37D85F80A31A37D85F809319A
S3150800B100637D85F80831A37E85F80D31637E85F861
S3150800B1100C31237F85F80F31E37E85F80E312368DD
S3150800B120C5F8003111F0B2FD01230422A17D607D2E
S3150800B130FDF79AFE0123217E0222E07DFDF794FEAB
S3150800B14085F81061206911F0A1FD98F8313038466C
S3150800B15006A9002B72D0FDF77FFC95F8103143F055
S3150800B160040385F810311421227D3C4B03EB421071
S3150800B170C0F8941494F816C0617D253241EA0C4152
S3150800B180C0F8AC14207EE17D03EB421341EA00418E
S3150800B1905960A37B03F0FD03012B0BD195F8103101
S3150800B1A0022243F0010385F81031A17E0023607E58
S3150800B1B0FDF75AFEA37B023B012B0BD895F81031FD
S3150800B1C0042243F0020385F81031217F0023E07E34
S3150800B1D0FDF74AFE95F81031DB0717D5A17E627E8A
S3150800B1E0237D42EA014241F29C415B0103F1A043FF
S3150800B1F003F570335A5041F2944202219950217F47
S3150800B200E27E03F5A55342EA01421A60144B1B6815
S3150800B2101BB91449144801F0A7F9114805F58A71B4
S3150800B220F9F778FC114A07F5005305213846DA6420
S3150800B230FDF786F930460FB0BDE8F083FDF742FC0E
S3150800B24091E700BFFD4303081D7F01084F7F0108F2
S3150800B250337F010805AF00087042030800C0035099
S3150800B26058C40220E82203205CC40220FF3F0D03D5
S3150800B27074440308944403080068D0F800311B6836
S3150800B280DA6CD20708D5012103F50052D1649B6C0C
S3150800B2909B0606D500F0BCBE40F2422101480CF0E0
S3150800B2A01CBA7047FD43030810B5002014460CF07D
S3150800B2B001FE022804D018B1C32102480CF00DFA89
S3150800B2C0204610BDB44403083021037D02464B4393
S3150800B2D003F1A04303F58023D86E07491B6F884204
S3150800B2E008D113F0020006D0106A136D1B1A5842D3
S3150800B2F05841704700207047D2210320302337B5C4
S3150800B300007D0DF10701434303F1A04303F58023B4
S3150800B310DD6E1C6F0FF022FA20B140F2F9310848B1
S3150800B3200CF0DBF99DF8070040B9064B9D4203D1A6
S3150800B33084F00204C4F3400003B030BD0120FBE7EB
S3150800B34030450308D221032037B504460DF107011D
S3150800B350007D0FF003FA20B140F2444111480CF089
S3150800B360BCF99DF80730A3B1256DD4E9122313441F
S3150800B3709D4201D8AA4204D940F24F4109480CF02F
S3150800B380ACF9D4E9120303449D4218BF284603B01A
S3150800B39030BD3022237D534303F1A04303F58023B8
S3150800B3A0DD6EE2E7304503082DE9F743D0E90434BA
S3150800B3B004F17C07D0F80C90013B064610220021C8
S3150800B3C038469DB2D4F874800EF0B9FE104BC5F31A
S3150800B3D00A0543EA0513C4E91F39012394F87800DE
S3150800B3E084F88C30C4F884803A460A4B009604F1F7
S3150800B3F06401FBF7CFFB38B140F28D31064803B044
S3150800B400BDE8F0430CF069B903B0BDE8F08300BFAE
S3150800B4100000103031B60008304503082DE9F04326
S3150800B42000F13806044685B01022002130460EF099
S3150800B43086FE4FF44473534D207DC4E90F55638748
S3150800B440FBF7CEFB20B140F2CA514F480CF045F944
S3150800B4501022002130460EF072FE4FF444736387C3
S3150800B4603023207DC4E90F55434303F1A04303F578
S3150800B4708023DB6EAB420BD1FBF7D2FB002876D0DC
S3150800B48040F2D351404805B0BDE8F0430CF025B969
S3150800B4900DF10B010FF062F920B140F2D9513A488B
S3150800B4A00CF01BF99DF80B30002B63D12046FFF7F3
S3150800B4B04BFF03A90746207D0FF072F920B140F231
S3150800B4C0E15131480CF009F9039B002B04DC40F2EA
S3150800B4D0E3512D480CF001F9039B04F11808013BD0
S3150800B4E01022002140469DB2D4F810900EF027FE97
S3150800B4F03022237DC5F30A0553432D0145F04075D7
S3150800B500C4E9065903F1A043276203F580231A6F9D
S3150800B51094F82410520862F3410184F82410196F34
S3150800B52094F8242028F0030861F3000284F8242004
S3150800B5301B6F626A9B0863F39F0248F0020362620C
S3150800B5406364009432462146104B207DFBF722FBAC
S3150800B55020B140F204610C480CF0BFF8207DFBF7DF
S3150800B5605FFB20B14FF4C16107480CF0B6F805B08F
S3150800B570BDE8F08394F844306FF3410384F844300F
S3150800B580DFE700BFD22103203045030891B5000844
S3150800B59092F8543037B5144633B1936D0BB1D06D6C
S3150800B5A09847002384F8543094F89A301BB3204601
S3150800B5B0FFF7A4FEF8B1236E132120465B6898476F
S3150800B5C01025236E20461B680DF10701984778B9A8
S3150800B5D09DF8073003F0FD02112A05D1A3F11102E7
S3150800B5E05342534184F8A030013D15F0FF05E8D1D8
S3150800B5F02046FFF713FF002384F8543094F8A1304F
S3150800B60083B10FF0EFF8023801280BD80121D4F8DE
S3150800B610C40011F078F8012804D040F29651034886
S3150800B6200CF05BF8002003B030BD00BF30450308BE
S3150800B63038B55569144695F88C3023B940F26A3105
S3150800B6400A480CF04AF8002305F1900085F88C307A
S3150800B650F9F782FA08B1FFF7A7FE63681BB1002164
S3150800B6602046A2689847002038BD00BF3045030829
S3150800B67038B50446007DFBF7B3FA20B140F22D41F8
S3150800B68008480CF02AF82046FFF71EFE0546207DDE
S3150800B690FBF7C6FA20B140F2324102480CF01DF819
S3150800B6A0284638BD304503087FB504460D4690F850
S3150800B6B0A1600FF097F802282DD185B35EBBD4F8A8
S3150800B6C0C43023B14FF405711D480CF006F81D4B24
S3150800B6D0684600930023019304F1C80302931823D4
S3150800B6E00393FEF755F8C4F8C40020B940F21D21AB
S3150800B6F013480BF0F2FF2046FFF7BAFF58B90121AD
S3150800B700D4F8C40010F0FFFF012804D040F222212B
S3150800B7100B480BF0E2FF84F8A15004B070BD002E70
S3150800B720F9D0D4F8C4000CF00CFB20B14FF40A7120
S3150800B73003480BF0D2FF0023C4F8C430EBE700BF80
S3150800B74030450308A24503082DE9F04F8DB004469D
S3150800B7509946089106920FF045F8022805461AD12F
S3150800B7604FF0FF31D4F8A40011F081F8002840F01A
S3150800B7708C8194F8A13073B14FF0FF332A4601212A
S3150800B780D4F8C40011F016F8012804D040F2CA31E2
S3150800B790AD480BF0A2FF0023C9F80030D9F80060C5
S3150800B7A0069B9D1B00F0D480089B9E1900F0D08054
S3150800B7B02046FFF75DFF8046002840F0C9802046F6
S3150800B7C0FFF7C2FD226D904240F2D980801A854269
S3150800B7D028BF054694F89AA0BAF1000F00F00F8129
S3150800B7E010F07EFF236D079020460993FFF786FD2C
S3150800B7F02F46099B834658198342D4F89C1040F07B
S3150800B800D980D4E9122313448B4208BFC4F89C207C
S3150800B810D4F89C108A4201D88B4204D840F242518F
S3150800B82089480BF05AFF079810F055FFDA46207D35
S3150800B830FBF7D6F920B140F2824183480BF04DFF61
S3150800B840207D0DF12F010EF089FF20B140F28641CF
S3150800B8507D480BF042FF2046FFF776FD236D8346B1
S3150800B86098429DF82F3040F2D98023B140F28E419C
S3150800B87075480BF032FFA26C236DAEB2934240F0CE
S3150800B880C580099304F1280823691022002140463F
S3150800B89007930EF054FC3021079B013EE362099B97
S3150800B8A0C6F30A062363237D36014B4328F00308B3
S3150800B8B003F1A04346F0407648F0020203F58023E0
S3150800B8C0A6621A67236DD4E912122B440A449342DE
S3150800B8D008BF0B469342236504D340F2DE415A481B
S3150800B8E00BF0FBFE236D9B4514D194F8A1305BB198
S3150800B8F00121D4F8C40010F03FFF012804D040F21B
S3150800B900EB4151480BF0E9FE0123204684F85430F8
S3150800B910FFF784FD207DFBF783F920B140F2F7415C
S3150800B92049480BF0DAFE94F89A303BB1BAF1000FA9
S3150800B93004D0236E112120465B68984747B1D9F891
S3150800B9400030069A3B449342C9F80030FFF426AF0C
S3150800B9500EF048FF022809D1D4F8A40010F0BBFF66
S3150800B96020B140F2E13138480BF0B7FED9F8003083
S3150800B970002B14BF00201B200DB0BDE8F08FD4E9C2
S3150800B98012310B449A4204D340F26A412E480BF016
S3150800B990A4FED4E912321344226D9B1A9D4228BF95
S3150800B9A01D46002D7FF416AF40F2165126480BF0BF
S3150800B9B094FE0FE701335A1E914210D1C4F89C3009
S3150800B9C013F8012C112A01D0132A14D1013FA2F130
S3150800B9D011014A424A41D04684F8A0200CE713F8E0
S3150800B9E0012C02F0FD01112906D1013FB8F1000F23
S3150800B9F03FF402AFEBE7D04606F8012BFCE62A46F1
S3150800BA003046216D0EF0ECFB2F4610E7238DC3F36D
S3150800BA100A12164466F30E13238553E7207DABB945
S3150800BA203023584300F1A04000F58020426E436E53
S3150800BA30C2F30A1223F4FF432A4423F0700343EAAD
S3150800BA40021343663EE700BF30450308104B0494D3
S3150800BA5003930023CDE90153012300935A46236932
S3150800BA6021680CF0EEF820B140F2CB4109480BF002
S3150800BA7034FE3022237D534303F1A04303F580238C
S3150800BA805A6E22F480125A661CE7284674E700BFED
S3150800BA9091B50008304503082DE9F84F90F8943021
S3150800BAA004460D461646002B40F0C3800EF09AFE5B
S3150800BAB00228074615D094F8998010F011FE94F8DC
S3150800BAC095300746BBB9384610F005FEDFF8689191
S3150800BAD02E44B54221D1236E012120469B68984702
S3150800BAE03FE04FF0FF31D4F8E00010F0C0FE002828
S3150800BAF0E1D0384644E094F89830002BE3D0002390
S3150800BB0084F8953010F0E3FD01218146084610F0CF
S3150800BB1037F8484610F0D6FDD5E794F89A306BB159
S3150800BB202046FFF7A5FD68B3D4F89C20236D9A42FA
S3150800BB3004D040F2CD2148460BF0CFFD94F8A03052
S3150800BB40002BC6D0236E2F462A785B68B8F1000F03
S3150800BB5067D1236E20465B683978013598470028F7
S3150800BB60B7D00EF03FFE022809D1D4F8E00010F055
S3150800BB70B2FE20B14FF456712F480BF0AEFD0020EF
S3150800BB80BDE8F88F10F0ACFD0746207DFBF728F8D6
S3150800BB9020B140F2D32128480BF09FFD2046FFF73D
S3150800BBA0D3FBA26C00F1FF3A924538BFE36C207DC7
S3150800BBB03CBF03F1FF3302EB030A94F854B0FBF7DA
S3150800BBC02FF820B140F2DF211B480BF086FDD4F890
S3150800BBD09C10BBF1000F22D0236D994204D04FF47C
S3150800BBE0397115480BF079FD384610F074FDA5E754
S3150800BBF0A26C9A4202D9E36C013B134499420BD0DA
S3150800BC0013F80129112A01D0132AF1D1A2F111033F
S3150800BC105A425A4184F8A020C4F89CA0E4E7534647
S3150800BC20ECE70A2A95D10D2120469847002890D09E
S3150800BC3097E70E20A4E700BF30450308F0B50C4689
S3150800BC40154606464FF48072002191B020460EF044
S3150800BC5076FA2746AC46BCE80F000FC7DCF800307A
S3150800BC6005F1140C3B6004F16407BCE80F000FC72C
S3150800BC70DCF80030EA6A3B60AB6AC4E9132395F83E
S3150800BC803020A36484F8992095F83320C4F89C30B2
S3150800BC90012384F89A2084F8A03084F85430AB6BDA
S3150800BCA0236695F8313084F898305D4B34607360BC
S3150800BCB05C4BB3605C4BF3605C4B73615C4BB3618C
S3150800BCC05C4B3361FAF732FF10B15B4B98420ED1E9
S3150800BCD0002107A8FAF7B2FE014640B9079B07A854
S3150800BCE02375FAF7ABFE28B1207DFAF7F9FE102086
S3150800BCF011B0F0BD079B84F87830504B7362504BF7
S3150800BD00B362012384F8A1304E4BCDE9083004F123
S3150800BD10A8030A931C2308A80B93FDF773FDC4F820
S3150800BD20A40018B9DE2148480BF0D7FC474B08A8F1
S3150800BD3008930023099304F1E4030A93FDF762FDCF
S3150800BD40C4F8E00018B9E4213F480BF0C6FC404BA4
S3150800BD500CA80C9300230D9304F1C8030E93182323
S3150800BD600F93FDF715FDC4F8C40018B9EC21364841
S3150800BD700BF0B3FC374B0127F361374B95F83210BC
S3150800BD8033620023204684F8963084F895700CF0C8
S3150800BD9034F9AB6B93F91100FFF72AF8AB6B93F9FB
S3150800BDA01100FEF7F3FF207DFAF71AFF00289ED14F
S3150800BDB02A4B0494CDE90203E36CCDE900732369A9
S3150800BDC0A26C2168207D0BF03CFF00288FD1302221
S3150800BDD0237D4FF48011534342F2640203F1A043DA
S3150800BDE003F580239950AB6B93F91000FFF700F821
S3150800BDF0AB6B93F91000FEF7C9FF04F190000BF046
S3150800BE006DFC3046FFF772F82046FFF707FB207DEA
S3150800BE10FAF706FF003818BF0120000168E700BFDF
S3150800BE2099BA0008B57F010849B700089D7F01083F
S3150800BE30A37F010861BE0008038000F0A9B60008C8
S3150800BE40AF7F0108B945030830450308C345030811
S3150800BE50A2450308FB7F0108A97F010891B50008E0
S3150800BE6070B50468054694F89430002B40F083803A
S3150800BE700CF0F1F80EF0B6FC022817D14FF0FF319E
S3150800BE80D4F8E00010F0F3FC20B140F26F213D48F1
S3150800BE900BF023FC4FF0FF31D4F8A40010F0E7FCB8
S3150800BEA020B140F2722137480BF017FCFEF7F2FF7B
S3150800BEB0854202D10020FFF719F8236E93F9100086
S3150800BEC0FEF796FF236E93F91000FEF741FF236EE7
S3150800BED093F91100FEF78CFF236E93F91100FEF714
S3150800BEE037FF94F8A1304BB1D4F8C4000BF029FF02
S3150800BEF020B140F28B2123480BF0EFFBD4F8A400C5
S3150800BF000BF040FF20B140F28F211E480BF0E5FBF5
S3150800BF10D4F8E0000BF036FF20B140F29221194820
S3150800BF200BF0DBFB207D0EF0F9FB20B140F29721E8
S3150800BF3014480BF0D2FB207DFAF7D2FD20B140F26F
S3150800BF409B2110480BF0C9FBFAF7A8FD38B10E4B38
S3150800BF50984204D040F29F210A480BF0BEFB00230A
S3150800BF60C5E90033C5E90533EB60236E2046BDE815
S3150800BF707040DB68184740F2662102480BF0ADFBBB
S3150800BF800F2070BD30450308058000F070B50568C0
S3150800BF902C7D2046FAF724FE20B140F26B11184892
S3150800BFA00BF09BFB3023174E03FB0463DA6E164B2C
S3150800BFB09A420FD12846FFF7A1F9B0B110F090FBCD
S3150800BFC00123124AA3405365A2F580529362536334
S3150800BFD010F081FB2046FAF723FE78B1BDE87040E1
S3150800BFE04FF4C37106480BF078BB2846FFF76CF987
S3150800BFF00028EFD10123A340B364EBE770BD00BF6F
S3150800C0003045030800000450D221032000200450C4
S3150800C01070B5044610F064FB94F895300546CBB924
S3150800C020236E9B6823B940F24A210D480BF055FB55
S3150800C0300126236E002120469B68984784F8956060
S3150800C04010F045FB0446002130460FF099FD2046C6
S3150800C05010F038FB2846BDE8704010F03CBB00BF26
S3150800C0603045030807B5684600F018FADDE900010F
S3150800C0700022034B03B05DF804EB00F045BA00BF9D
S3150800C08064C402202DE9F04F9B46531C05460E4614
S3150800C090174687B035D170B308244FF00008784B9F
S3150800C0A0CDF8148083F80080109B002B00F0DF8009
S3150800C0B0C3F80080002E00F0DC806B68B34240F2C3
S3150800C0C0D88010F00DFB073605AB26F007063A4672
S3150800C0D0CDE9008382465B46314628460CF05EF879
S3150800C0E0059F814607B1F8B9504610F0F4FA1920B1
S3150800C0F007B0BDE8F08F40F2A72162480BF0EDFAD1
S3150800C100CAE7531EB3F5007F01D21A4204D040F2A3
S3150800C110A2215C480BF0E1FA25B940F2A72159485B
S3150800C1200BF0DBFA3C46B8E7B7F8028029694FEA14
S3150800C130C802C0EBC8080139B8F1270F29617BD9B5
S3150800C140BBF1000F51D1864206F1080848D02246B5
S3150800C150394628460BF090FF04460590059B9844FF
S3150800C16040460CF017F8059906F10F004A88C308EF
S3150800C170A2EBD002A8F80220CA88A8F80430002A40
S3150800C18030D0D31A9BB201EBC202A8F806309380CE
S3150800C1908B88F608A380B8F804303A46E38041460F
S3150800C1A00023284666800CF044F8AB680833AB6079
S3150800C1B0237843F0010323702B6901332B616288CE
S3150800C1C0AB68504603EBC203EA68AB60934288BF8C
S3150800C1D0EB6010F080FA109B083400201C6087E79B
S3150800C1E03C46BBE7A8F80620D2E707EB080420463A
S3150800C1F003920BF0CFFF09F10701C9080598618082
S3150800C20008F10701C908A180C18899B1C900039A34
S3150800C210CE1DB21A02EB0903C3F3CF030144E38030
S3150800C2208B80A38808F1FF384FEAD808A0F8028067
S3150800C230C380BAE7E180F4E7BBF1010F1BD107F130
S3150800C2400803B3FBF4F204FB1233B3B122463946B2
S3150800C25028460BF011FF044623783A4643F00103BB
S3150800C26023702146012328460BF0E3FFA7E7222087
S3150800C2703EE721203CE78642E8D13C46ECE700BF92
S3150800C2805C230320CE45030807B5009313460A46E8
S3150800C29001460348FFF7F6FE03B05DF804FB00BF4E
S3150800C2A064C402202DE9F74F0C46054620B940F232
S3150800C2B0853172480BF011FA002C00F0DC80D5E9C4
S3150800C2C0056810F00DFA14F8087C34F806CCFB075C
S3150800C2D0009002D5BCF1000F06D1009810F0FBF9CA
S3150800C2E0012003B0BDE8F08FAB68D5F8109034F89C
S3150800C2F004ECA3EBCC0B09F10103A4F108010CF142
S3150800C3000102C5F808B02B61BEF1000F39D0A1EBC8
S3150800C310CE03D888B3F802A00190187807F0020770
S3150800C320C00723D41FBB0198A0EB0A07012F28D109
S3150800C3300CF10202ABF108075244C5F81090AF6041
S3150800C34034F802ECBEF1000F1DD114F8081C24F8CD
S3150800C35006EC6EF3000104F8081C013A5A801A78B4
S3150800C3606EF300021A700022DA8040E04FB114F82A
S3150800C370087C72446FF3410704F8087C00279F8005
S3150800C380DEE70B46DCE701EBCE0AD5E9007007EBE2
S3150800C3900009CA450ED314F8081C013A6FF30001C8
S3150800C3A004F8081C002124F8061C5A801A7861F340
S3150800C3B00002D7E711F83E10574611F001012FD0B9
S3150800C3C014F8081C013A6FF3000104F8081C002150
S3150800C3D092B224F8061C5A801A7861F300021A7081
S3150800C3E0C3F107023A44C2F3CF02DA80BA80002EBC
S3150800C3F03FD0B3423DD37288002A08BF1E46B8F123
S3150800C400000F06D0434504D8B8F80220002A18BF02
S3150800C41043460098C5E9056310F05DF9002060E71A
S3150800C420AEEB0C0EBEF1010FCAD1BAF802C0AAF8DB
S3150800C43002109444BAF80620CAB10AEBC2070021D2
S3150800C4402A69013A2A61AA68083AAA6014F8082CE7
S3150800C45024F8061C6FF3000204F8082C1A78A3F8CF
S3150800C46002C061F300021A70002FB9D17BE71746A4
S3150800C470E5E71E46C3E7222033E700BFCE4503089B
S3150800C48007B5009313460A46014603480BF050FECB
S3150800C49003B05DF804FB00BF64C402200249034AE6
S3150800C4A00160521A4260704770230320000008207A
S3150800C4B038B503690D4614460BB33AB999B90468F9
S3150800C4C024B940F239110F480BF007F92378D90738
S3150800C4D007D555B9E38893B104EBC3042378DA0783
S3150800C4E0F8D4204638BD8469EAE7012D07D1A38828
S3150800C4F02BB1A4EBC3042378DB07F8D4F1E70024B7
S3150800C500EFE700BF47460308F8B50D4617461C4631
S3150800C510064618B111B1042A00D823B940F28F1182
S3150800C5200E480BF0DAF800213046C4E90065C4E984
S3150800C5300211C4E905662161277761620BF02AFEBC
S3150800C5402369013DED08013375802361A368084618
S3150800C5500833A360E3680833E360F8BD4746030879
S3150800C5600048704764C4022038B54160044610F09C
S3150800C570AEF8054621460448F8F7CCFA2846BDE841
S3150800C580384010F09FB800BF8CC4022038B5054665
S3150800C59010F09DF8044629460348F8F7EDFA2046B8
S3150800C5A0BDE8384010F08EB88CC4022001480BF064
S3150800C5B095B800BF8CC4022070B510F088F8184EE4
S3150800C5C00546184810F062FB3378DBB900F04CF9E1
S3150800C5D0044620B1284610F075F8204670BD00F0D4
S3150800C5E0B3F9FFF7E3FF10F025FC0F4B1C600FF0C3
S3150800C5F0FDFE0E4B0E4A1860536F43F00103536756
S3150800C6000BF04DFE00F07AF80BF05FFE094B0024A4
S3150800C610186001232846337010F054F8DDE700BF90
S3150800C620DF2103207042030890C40220B8C4022008
S3150800C6300040005094C40220054B1B685843054B24
S3150800C64000F5742000F23F20B0FBF3F0704700BFFE
S3150800C650B8C4022040420F0010B5094B1B786BB1D5
S3150800C660084C237853B10FF0CBFC0023064A2370FD
S3150800C67013700123054A1370054A137010BD00BFD5
S3150800C680DE210320D9210320D8210320D421032029
S3150800C690D3210320034B1B7813B10122024B1A70D6
S3150800C6A0704700BFDE210320D921032073B5114E40
S3150800C6B00446337883420FD04FF400730E4DADF81D
S3150800C6C0043058B101A8FBF777FD4020FFF7B4FF07
S3150800C6D02B68181A2860347002B070BD8DF80500F2
S3150800C6E001A8FBF769FD4020FFF7A6FF2B68184451
S3150800C6F0F0E700BF5D230320BCC4022073B5002405
S3150800C70001A88DF80440FBF7FFFD2046254CFFF7EE
S3150800C710CDFFD4F80031244A03F0030313604FF425
S3150800C7208012224B224D5A664FF400325A660FF099
S3150800C730C9FB204B1B7863B3D4F8003103F003031D
S3150800C740022B1CD0032B1DD0012B1ED10DF052FF3E
S3150800C7500246F0B1184B194EDC6800231946C4F39B
S3150800C7600B04013404EB84040138E4FB060107F0EA
S3150800C77059FAFFF761FF2B6803442B6009E00DF0B7
S3150800C7808BFFE5E70DF03CFFE2E7E4210C480AF0F1
S3150800C790A4FF1F20FFF750FF2B6803442B6002B04D
S3150800C7A070BD00BF00800050C4C402200090005035
S3150800C7B0BCC40220E221032000C0015040420F0001
S3150800C7C0D24703080122114B10B55A67104B114C7A
S3150800C7D01B78A3B1022010F01CFB80B10FF00CFEF1
S3150800C7E068B1A36DD90302D5E36D9A0703D4094B43
S3150800C7F09B6DDB0704D54FF48032044B9A6210BD5B
S3150800C8000122054B1A70FEF7B3F9F4E70050005AF7
S3150800C810E32103200040005AE021032008B50AF06E
S3150800C820BBFE034B1868BDE808400BF0CCBA00BF46
S3150800C830D0C4022030B5094D8BB001AC0FCD0FC462
S3150800C8400FCD0FC42B68002101AA05482360FDF708
S3150800C85017F8044B18600BB030BD00BF5C480308DE
S3150800C8601DC80008D0C4022070B50FF039FF144E59
S3150800C87005463478FCB9134B1C60134B1C60134BEC
S3150800C8801C6000F02BF8012010F0D9FA0FF0A6FE74
S3150800C8900F4B0246186020B928460FF01CFF2320CC
S3150800C8A070BD234640F2E7310A4807F0BBF90A4B48
S3150800C8B018600123337028460FF00DFF0020EFE7BC
S3150800C8C0E6210320DCC40220D8C40220E4C40220E6
S3150800C8D0E0C4022018FCFFFFD4C4022010B50024CF
S3150800C8E086B01422214601A88DF800400DF027FCD9
S3150800C8F0012313488DF8043010F0C8F9BFF34F8FA1
S3150800C9006846FDF77FFF204601A98DF80440FDF72C
S3150800C9108BFF20460F210EF0F9FF0F2120460FF05E
S3150800C92003F8FDF755FF0EF0C7FF064B53209C6131
S3150800C930FEF75EFA5320FEF729FA06B010BD00BFCF
S3150800C9406442030800C00A5008B50A4810F09EF968
S3150800C95040F6015200210120FCF7D0FC4FF4A272E8
S3150800C96000210120FCF7F8FC4FF48072024B9A6410
S3150800C97008BD00BF6842030800D00A5008B5094838
S3150800C98010F084F940F6016200210220FCF7B6FC9B
S3150800C9904FF49E7200210220FCF7DEFC0022024BB7
S3150800C9A09A6408BD6842030800D00A5010B50446C8
S3150800C9B00DF006FE4FF47A729042B0FBF2F105D202
S3150800C9C03621BDE810400C480AF087BE0B4BB3FB76
S3150800C9D0F1F30B49884201D93C21F2E702FB04F046
S3150800C9E0B0FBF3F0022806D9BDE810400323B0FBDC
S3150800C9F0F3F0F3F7E5BB10BDF148030840420F001A
S3150800CA00E7CD9A3B2DE9F04F9B4691B00B1E0A9352
S3150800CA10AD4B904614BF8146994600241A9E9BF852
S3150800CA20000070B9444538BF224643464FF000001F
S3150800CA300A9928BF08F1FF32C847204611B0BDE859
S3150800CA40F08F25280BF1010B06D0224643460A999A
S3150800CA50651CC8472C46E2E700230DE02D2A2AD09C
S3150800CA60302A06D0303A092A4FF0000711D80A258D
S3150800CA7032E043F001038B46594611F8012B2B2A65
S3150800CA801CD0EBD8202A1CD0232A1DD02A2A2BD02A
S3150800CA9000279BF800202E2A64D19BF801100BF181
S3150800CAA00102A1F13000092843F4806351D800251A
S3150800CAB04FF00A0C26E043F00203DCE743F00403D8
S3150800CAC0D9E743F00803D6E743F01003D3E78B46CC
S3150800CAD005FB0722A2F13007594611F8012BA2F1EE
S3150800CAE030000928F3D9D4E756F8047B8B46002F83
S3150800CAF0BCBF43F002037F42CBE702460CFB05119D
S3150800CB00A1F13005104610F8011BA1F1300EBEF157
S3150800CB10090FF2D9114611F8010B6C282CD024D82C
S3150800CB20682830D06A2837D011468B461BF8010B87
S3150800CB30672875D857284BD8452807D085D9462859
S3150800CB4000F03181472880D143F4006343F0200385
S3150800CB503FE12A2907D156F8045B0BF1020225EAC0
S3150800CB60E575D7E75A460025D4E7742801D07A2810
S3150800CB70DAD143F48073D8E750786C28F9D143F4B6
S3150800CB804073911CD1E75078682802D043F080039F
S3150800CB90CBE743F0C003F4E743F40073C5E70A2A7A
S3150800CBA000F06281072A7FF450AF43F02103059312
S3150800CBB00823CDE903531023CDE9011356F8043BA6
S3150800CBC022460093484643460A990BF0A3FCFAE02E
S3150800CBD0A0F158020F2A3FF638AF01A151F822F00A
S3150800CBE051CC00084BCA00084BCA00084BCA0008BB
S3150800CBF04BCA00084BCA00084BCA00084BCA0008B3
S3150800CC004BCA00084BCA000851CC0008F1CD0008F1
S3150800CC1051CC0008CBCD0008ABCD0008CBCD000821
S3150800CC20A0F16902D2B20F2A3FF60FAF012149F2ED
S3150800CC30410C914011EA0C01B1D0782803F48061C7
S3150800CC4022D1002900F0908023F00D02102307E07E
S3150800CC50622803F4806220D142BB23F00C0202232F
S3150800CC6012F4007100F08380CDE907720022CDE945
S3150800CC70043206F1070A2AF0070A06950292FAE82C
S3150800CC800223CDE900233DE06F2812D123F00C02E0
S3150800CC9009B123F00D020823E2E7582816D1002A25
S3150800CCA039D123F00C0242F02002CFE723F00D021F
S3150800CCB0D5E7692823F0100230D023F01C0209B109
S3150800CCC023F01D020A23CBE75383010842BB23F056
S3150800CCD01002930527D5073626F00706B24671686F
S3150800CCE05AF8083B0A26CDE907720027CA0F002919
S3150800CCF0CDE904670695029202DA5B4261EB4101CF
S3150800CD00CDE900314346224648460A990BF045FCD0
S3150800CD100446564683E623F00D02C4E70029D8D018
S3150800CD2023F01102D5E7D00506F1040A01D53368C8
S3150800CD3002E0510613D53378CDE904720A22002B96
S3150800CD4002924FEAD37203950192B8BF5B420093F1
S3150800CD504346224648460A990BF0DCFBD8E71306F9
S3150800CD60E5D5B6F90030E7E723F00C026EE7D00503
S3150800CD7006F1040A06D5CDE90472CDE9023501911A
S3150800CD803368E4E7510608D53178CDE90235002342
S3150800CD90CDE90472CDE90013DAE7316812F0800FA5
S3150800CDA018BF89B2F1E743F02003CDE901730736CE
S3150800CDB026F007060095B6EC020B4346224648467F
S3150800CDC00A99F3F705FD044629E6672801D143F4D5
S3150800CDD00063CDE90173073626F007060095B6EC21
S3150800CDE0020B4346224648460A99F3F735FBEAE71B
S3150800CDF013F0020523D04FF0010A631C0B93224659
S3150800CE0043460A9916F8040BC8475DB354460B9A6D
S3150800CE101EE0434620200A99C8470AEB04020AF195
S3150800CE20010A5745F5D8002F07F1FF3308BF00233D
S3150800CE3007F1010A1C4408BF4FF0020ADDE7AA46BB
S3150800CE40EBE7551C434620200A99C8472A46013471
S3150800CE50BC42F6D3A7EB0A03574538BF00230B9A03
S3150800CE601A440B920B9CDAE53246002D52F8046BF5
S3150800CE7014BF29464FF0FF310B92324631441078E1
S3150800CE8008B18A4211D1A2EB060A13F480620C9209
S3150800CE9002D0AA4528BFAA4613F002030D931BD158
S3150800CEA0AAEB040322460F9308E00132E7E7531C76
S3150800CEB00E93202043460A99C8470E9A0F9BD3180B
S3150800CEC09F42F4D8A7EB0A03574538BF00230AF157
S3150800CED001021C4403EB020AA31B0E9304E01D4641
S3150800CEE0434622460A99C8470E9BF41816F8010BC2
S3150800CEF028B10C9B002BF3D06B1E002DEFD10D9B98
S3150800CF0093B12246AAEB040505E0561C43462020A9
S3150800CF100A99C847324653199F42F6D8A7EB0A031F
S3150800CF20574538BF00231C440B9E78E50FB41FB540
S3150800CF3006AA52F8043B02A90392009204484FF04D
S3150800CF40FF32FFF75FFD05B05DF804EB04B07047EC
S3150800CF503986010808B503461046112B30D8DFE894
S3150800CF6003F00D0915191D212311251B0F271F294C
S3150800CF702B17132D0A2300200B7008BD0123FAE78F
S3150800CF800B23F8E70723F6E71123F4E70223F2E772
S3150800CF901023F0E70323EEE70923ECE70423EAE787
S3150800CFA00D23E8E70523E6E70623E4E70823E2E797
S3150800CFB00C23E0E70E23DEE70F23DCE71223DAE78C
S3150800CFC000220A701A4602490BF04CFB0120D4E7EE
S3150800CFD0C04903082DE9F84F17469A4613680546CF
S3150800CFE001221B688B463846042198474FF00008F3
S3150800CFF00446C0F8008028460BF068FB08288146DE
S3150800D0002BD128460BF04FFB054630B34246042188
S3150800D0100BF08BFBC6B2731E042B88BF46464246EE
S3150800D0204946284626700BF048FBB0EB080018BFA7
S3150800D030012042460A21A07028460BF03EFBB0EBC1
S3150800D040080018BF01204246E070062128460BF06A
S3150800D0506CFB10B1012804D160700020CAF80040AA
S3150800D06008E0054958460BF0FDFA384621460BF00C
S3150800D0700FFB0120BDE8F88FE449030870B50546A3
S3150800D0801E461046136804222DED028B11461B68B6
S3150800D09098479FED0D8A044680ED008A28460BF0D6
S3150800D0A015FB09280AD128460BF0FDFA30B1B0EE77
S3150800D0B0480A04210BF0B5FB84ED000ABDEC028B8F
S3150800D0C00020346070BD00BF0000000012289ABF1F
S3150800D0D0024B53F820000248704700BF8C4A0308E9
S3150800D0E00E4A0308C0EE807A9FED117AF8FE677A39
S3150800D0F0F4EEC77AF1EE10FA13B50FDB9FED0D7A51
S3150800D100F4EEC77AF1EE10FA08D8FDEEE77A17EED4
S3150800D110903A00200B44136002B010BD064B074A34
S3150800D120009344694FF4B0730549A0470120F3E71B
S3150800D130000000CF0000004F504B0308D84A0308F0
S3150800D14026D50108D1ED027A92ED027A67EE877A42
S3150800D150F5EEC07AF1EE10FA73B51E460ADA0F4BF1
S3150800D1600F4A009344694FF4A9730E49A04701205A
S3150800D17002B070BD17EE900A06F07AF90446B06858
S3150800D1800D4606F075F90B4602462946204606F076
S3150800D190F1FA069BC3E900010020E9E7764B03088C
S3150800D1A0D84A030826D501082DE9F0412DED028B52
S3150800D1B01E46137F0446032B84B011D0092B2BD0AF
S3150800D1C0072B2DD0354B364A009344694FF4CC7360
S3150800D1D03449A047012004B0BDEC028BBDE8F081BC
S3150800D1E0FF250027012992ED028AD2F80C801BD16F
S3150800D1F0DFED2D0A4146B0EE480A204603AAFFF79E
S3150800D20071FF0028E7D1039BBB42ACBF3360376090
S3150800D2100C9B00201D60DEE77F256FF07F07E1E7A6
S3150800D22047F6FF75214FDDE703291FD1DFED1E0AFB
S3150800D2304146B0EE480A204603AAFFF753FF0028E6
S3150800D240C9D1F1EE080A039B03AABB42ACBF3360FF
S3150800D25037604146B0EE480A2046FFF743FF0028EC
S3150800D260B9D1039B9D42A8BF1D46D1E7022913D118
S3150800D270FFEE000A4146B0EE480A204603AAFFF729
S3150800D28031FF0028A7D1039BF7EE000ABB42ACBFCB
S3150800D2903360376003AADCE73760B9E7B14B0308A8
S3150800D2A0D84A030826D50108000000000080FFFFC1
S3150800D2B02DE9F04F97B00893209B04460493219BD1
S3150800D2C08B460993229B92460A93239B0B93249B96
S3150800D2D00C93259B0D93269B0E93279B0F93289BB8
S3150800D2E005930B78012B0FD00122CDE902326E4B44
S3150800D2F001936E4B0093E02344696D4A6D49A0473C
S3150800D300012017B0BDE8F08F1278012A08D0CDE9C0
S3150800D3100223654B0193684B00934469E223ECE7CB
S3150800D320DAF804203AB9654B0093ED234469604A5C
S3150800D3306349A047E4E7176827B9624B0093446935
S3150800D340EE23F4E73D68012D39DD0B7F092B06D066
S3150800D350072B04D05C4B00934469F223E7E79AF85D
S3150800D3601C30092B0AD0122B08D0584B20460093A4
S3150800D3706569F4234E4A5249A847C1E7059B9D4271
S3150800D3800CD0CDE90253524B0193524B0093F6232E
S3150800D39065692046464A4749A847B1E7DAF814308E
S3150800D3A0926803EB82035B68AB4208D0CDE902536F
S3150800D3B0494B0193464B00936569F723E9E7DBED93
S3150800D3C0027A049BCDED067AD3ED027A0026CDEDDE
S3150800D3D0077A07F10408059B9E4232DB9BF81C304E
S3150800D3E0032B1AD100220023CDE9142314AB019391
S3150800D3F0049B5246009359462046089BF3F770FB58
S3150800D40000287FF47EAF9DED140B0A9813A900F04F
S3150800D4109DF8139B0B9A5B4213609BF81C30092BF3
S3150800D42003D003F0FB03032B3CD120460D9B09993F
S3150800D4302093049A0C9B097817B0BDE8F04FFFF7C4
S3150800D440B3BE012D0698CCBFD8F80090D7F8049043
S3150800D45006F00EF8CDE91001484606F009F802462E
S3150800D4600B46DDE9100106F05BF8CDE910010798D7
S3150800D47005F0FEFF02460B46DDE9100106F07AF9D3
S3150800D48041EC100B14A913A800F060F8139B0E9A30
S3150800D49008F1040842F82630149B0F9A42F8263001
S3150800D4A0013698E700202CE7B74B0308D14B030851
S3150800D4B0D84A030846D60108EA4B0308044C030871
S3150800D4C026D50108184C0308334C03086D4C03088D
S3150800D4D0A84C0308B54C0308D64C030822EAE273A5
S3150800D4E0002A00FA03F3CCBF002252428B4202D133
S3150800D4F0B1F1004F24D083FB0131002913DB13F16E
S3150800D500804041F10001C00F40EA410001239340E9
S3150800D510013B03EA00015B1003EBD073104199420B
S3150800D520C8BF0130704708481B1861F1000100297F
S3150800D53004DA6FF000401B1841F10001D80FE3E749
S3150800D5406FF00040E2E700BF010000C0F8B5002216
S3150800D5502DED028B06460C46002351EC100BB0EE5F
S3150800D560408AF0EE608A06F043FA054628B10023A1
S3150800D57033602360BDEC028BF8BD2046B0EE480A46
S3150800D580F0EE680A07F028F80022134B51EC100B4E
S3150800D59005F0C6FF41EC100B07F06EFC51EC100BC2
S3150800D5A006F058FB4FF00042824275EB010703462E
S3150800D5B001DA0CF0A4FCA94208BF904202BF236816
S3150800D5C001332360226808BF4FF080431F32BCBF77
S3150800D5D0002323603360CDE70000E04138B5002220
S3150800D5E02DED028B05460C460C4B51EC100BB0EE9C
S3150800D5F0408AF0EE608A06F023FA08B90CF07FFC40
S3150800D60021462846B0EE480AF0EE680AFFF79EFF64
S3150800D6102368002BF2DBBDEC028B38BD0000F03F1F
S3150800D620F7B555EC104B07460E460022204629460C
S3150800D6300C4B06F0E7F908B90CF061FC0022002350
S3150800D6402046294606F0FCF90028F5D0384645EC70
S3150800D650104B01A9FFF77AFF019B002BECDC336026
S3150800D66003B0F0BD0000F03FA1289ABF024B53F863
S3150800D67020000248704700BFF45503088258030883
S3150800D68070B5044600F1A0060D46304600210BF0A1
S3150800D690E5FE0A4B6661E361094BE563A365094B41
S3150800D6A0E365094BA364094B2363094B2364094BC0
S3150800D6B0E364002384F8913070BD00BF43940108E9
S3150800D6C041890108498901083189010851890108F8
S3150800D6D0298901083989010838B5054600680C46C4
S3150800D6E00BF07FF9A042024605D8054821460BF003
S3150800D6F0AEF9002038BDD5F8983053F82400F9E77C
S3150800D700134D030838B5054600680C460BF074F946
S3150800D710A042024605D8054821460BF098F9002094
S3150800D72038BDD5F89C3053F82400F9E73E4D030878
S3150800D7302DE9F04F06464FF0000A8BB006F170004F
S3150800D7400BF08EFF504501DC002369E0356828465A
S3150800D7500BF001F90AF1010300EB830250F82330BC
S3150800D7600621D318284600930AF095FF044610B1FF
S3150800D7702C582B181C44F06E0BF0E6FD039000980D
S3150800D7800BF06FFB00274FEACA0304900193049B32
S3150800D7909F4202D10AF1010AD0E70A2100980AF04D
S3150800D7A07AFF20B1009B009A0344105818440137A9
S3150800D7B050F8273000EB87051D44042128460AF057
S3150800D7C06AFF50B155F800802368434507D841469B
S3150800D7D051480BF03CF9012322E08046F4E708F1B2
S3150800D7E0010304EB830B54F82330019A9B44D6F8C3
S3150800D7F080304FEA47199A58A9F120094A445846F1
S3150800D80071681C3200F0B8F970B1009058460BF0F8
S3150800D81085F9FFF729FF014640480BF018F9009BE8
S3150800D82018460BB0BDE8F08FD6F8802001995258FB
S3150800D8304A44D26912B941463948CAE7D2F814802F
S3150800D8400990B8F1200F4FF00E01284646D10AF08C
S3150800D85022FF00283AD14FF0000BCDF808B0062178
S3150800D86028460BF0B5F80BF01DFB08210590284655
S3150800D8700BF0AEF80BF016FB019AD6F880300021B3
S3150800D8809B58069003EB09081C22404607930CF0A8
S3150800D89056FC079B059A142143F80920069B28463F
S3150800D8A0C8F80430099BC8F81030029BC8E9053B44
S3150800D8B00BF08EF800283FF46AAF0368002B3FF49C
S3150800D8C066AF0BF0EFFAC8F8080060E72B582A187D
S3150800D8D0D118043152F803B00291C0E70AF0DBFE12
S3150800D8E028B14046FFF7C0FE01460E4871E770684A
S3150800D8F0414603689B68984728B94046FFF7B4FE37
S3150800D9000146094865E709AB2946039A0BF0EFF883
S3150800D910034600289FD083E76A4D0308944D030801
S3150800D920C14D0308E24D0308284E03082DE9F04FC0
S3150800D9300168044687B0C06E01F064FA014650B922
S3150800D94070480BF084F8012384F8913001252846A5
S3150800D95007B0BDE8F08F04F1700738460BF090FE6B
S3150800D9602046FFF7E5FE05460028F0D104F1A0069B
S3150800D970014630460BF072FD38460BF072FD05463F
S3150800D9800028E4D1012130460BF068FD384601F045
S3150800D990C9FA05460028DAD1022130460BF05EFDA9
S3150800D9A0D4F880202168E06E04F1940301F006FAA9
S3150800D9B005460028CBD1D4F8941030460BF03FFD2D
S3150800D9C0E76E20683B68D3F81C800BF00AF88100E4
S3150800D9D03846C047C4F8980080BB20680BF001F8A9
S3150800D9E0810049480BF033F8B0E7D4F880201B686B
S3150800D9F03846059203930AF0AEFF436806210433BE
S3150800DA0018440AF0E5FFD4F8983005F10109CDF875
S3150800DA1000B039460493059A50F82930039F4046CA
S3150800DA20B847049B4FEA850A43F80A00D4F89830A9
S3150800DA3053F80A30F3B929463448D3E7AB46276882
S3150800DA4038460AF0CEFFD4F86C80A842D8F80030E1
S3150800DA50CBD83846DD690AF0CFFF81004046A84793
S3150800DA60C4F89C00002834D120680AF0C5FF81005C
S3150800DA702748B7E74D46E2E7D4F86CA0D4F88020EB
S3150800DA80DAF8003038461B68059203930AF063FFFC
S3150800DA9043680821043318440AF09AFFD4F89C30E6
S3150800DAA005F10108CDF800B039460493059A50F8F7
S3150800DAB02830039F5046B847049B4FEA850943F828
S3150800DAC00900D4F89C3053F80930CBB929461148D7
S3150800DAD088E70025AB46276838460AF08DFFA84236
S3150800DAE0CAD820460AF0A6FF054600287FF42FAFBD
S3150800DAF001230321304684F890300BF0AFFC26E76B
S3150800DB004546E8E7454E0308684E0308B14E030844
S3150800DB10D64E0308204F030890F8913010B50446F6
S3150800DB2023B10A480AF093FF012010BD90F89030FF
S3150800DB3033B104F170000021BDE8104001F030BA9D
S3150800DB40FFF7F4FE0028F4D0EFE700BF464F0308BE
S3150800DB5000B5C1B002460B4668464FF4807100F026
S3150800DB6055F86846F6F7AEF80248F6F7ABF841B04E
S3150800DB705DF804FB805803082DE9F0410024146081
S3150800DB8007460E4690460AF0C9FFA128054606DD57
S3150800DB90014619480AF05BFF0120BDE8F0812028FC
S3150800DBA00FD0336801461B6830469847C8F800000E
S3150800DBB000BB002DAABF114B114953F82510114877
S3150800DBC0E8E73B68FB1A1A88062A0FD9DB88F91892
S3150800DBD063B1FB583268043330465268194490479B
S3150800DBE0C8F80000B0FA80F04009D6E706480AF0FF
S3150800DBF02EFFD1E72046D0E783580308F4550308DB
S3150800DC0082580308A5580308CC5803082DE9F04F95
S3150800DC10824690461C46002595B001F1FF3998F8D2
S3150800DC20003029460AEB050773B34D452CDA252B38
S3150800DC3008F1010240F0148198F80130662B5AD099
S3150800DC4009D8632B00F00F81642B19D0252B00F01F
S3150800DC5005819046E3E7752B2FD0782B36D0732BAA
S3150800DC60F7D13D4654F8043B013B894505DD13F8D9
S3150800DC70012F0231002A40F0FB80A5EB0A0519E0C6
S3150800DC80A9EB05030A2B05DC681C00233B7015B0BD
S3150800DC90BDE8F08F54F8040B39460028B8BF2D2389
S3150800DCA04FF00A02BCBF01F8013B40420AF0F2FEFF
S3150800DCB0C01B054408F10202CBE7A9EB05030A2BB2
S3150800DCC0E2DD0A22394654F8040BEFE7A9EB050210
S3150800DCD0092A05F10100D8DD302202353A700AEB2F
S3150800DCE005060AF800301022314654F8040B0AF0EB
S3150800DCF0D1FE801BDDE7A9EB050307EE903AB2EEED
S3150800DD000C7AF8EEE77AF4EEC77AF1EE10FABBD49D
S3150800DD10073424F0070407F12F03F4E802010193FE
S3150800DD2005F0E0FEC0F3C75300280393A3F17F0371
S3150800DD30B8BF2D2202933B46B8BF03F8012B002239
S3150800DD401A70029AC0F3160E802A0ED1019AD11AB9
S3150800DD50BEF1000F07D1484A18460AF085FE064666
S3150800DD60F61B3544A6E7454AF6E7454A04AE02F1EE
S3150800DD70080BB446106851680832ACE803005A45E7
S3150800DD806646F6D110681279CCF800008CF80420A3
S3150800DD907046002204AE16F9011B01322EFA01F173
S3150800DDA00D2A0844F7D131221A702E225A70002201
S3150800DDB09A70019A9E1CA2EB060BBBF1070FCFDDEA
S3150800DDC04FF0303208A9C3F80320A3F807200A2227
S3150800DDD00AF060FE5946304608AA0AF045FE302188
S3150800DDE0831BD3F1070E017036D10346184613F884
S3150800DDF0012D302A01D19E42F8D300230370019BDE
S3150800DE00204A191A0AF030FE019B83461E1A029B05
S3150800DE100A22002BBFBF2D238DF82030039B0DF15E
S3150800DE202101BABFC3F17F03029308A902980AF039
S3150800DE3031FE3146584608AA8FE712F801CD02F896
S3150800DE400EC01170A0EB020C6345F6DC23EAE373FF
S3150800DE50C3F107031844C8E70246F3E708F10202CC
S3150800DE6001353B70F5E654F8043B01353B7021E774
S3150800DE7005F8012BF9E600BF0359030807590308FB
S3150800DE800F5903080B590308044B1A681AB9044AB0
S3150800DE9004491A6011601868704700BFE8C4022078
S3150800DEA0E721032028590308002313B50446CDE9C2
S3150800DEB00033044A044B05490AF047FE204602B0DF
S3150800DEC010BD00BFC78B0108CD8B0108C18B0108A7
S3150800DED02DE9F04F8FB005939DF868309246DDE93D
S3150800DEE0187400220E460B9304900AF050FE314631
S3150800DEF00546012204980AF04AFE81460022314668
S3150800DF0004980AF046FE2B68D9F800200793069273
S3150800DF102369626A6E6808930A92D4E9005300225C
S3150800DF200393A369012409934368D0F800B0D6F88F
S3150800DF3000801868904217DC07EB84039B454FEA7C
S3150800DF4044024FEA84091AD20BEB02039F4234BFFC
S3150800DF50002301239BB91A469C4219D02BF813209B
S3150800DF6047F823200133F7E753F8041FA4FB01EC15
S3150800DF70BCF1000F40F0C5804C430132DAE70021BE
S3150800DF8058460CF0DCF84A46002138460CF0D7F81B
S3150800DF903246002398457EDC4FF000090DAB0A9AFD
S3150800DFA00193059B404600930699D317CDF8349004
S3150800DFB00AF089FE002800F0A4800D9B28EAE87282
S3150800DFC0494650469200043606930CF0B8F80023EA
S3150800DFD0524631464046CDF800900AF01BFE059B96
S3150800DFE0524631460A9000934046069B0AF012FEB6
S3150800DFF0079B0A9A314633F9122057F82030134402
S3150800E00047F82030524640460AF0E6FD0028DED1A1
S3150800E010804601228246069B434542DC52EA0A03B1
S3150800E02036D00B9B53BBBAF1000F52D0BAFA8AF31B
S3150800E0300399C3F13F0301F11F08B8F1200FA8BFE8
S3150800E0404FF020089845A8BF9846E917A8F120037D
S3150800E05005FA03F3C8F1200601FA08F1194325FA6F
S3150800E06006F6534605FA08F03143049205F08AFD90
S3150800E0700546039B049AA3EB080303934FF0000895
S3150800E08047F6FF79089EDFF8A0A05643444524D1F9
S3150800E0900FB0BDE8F08F52F8041F0029F8D00133FD
S3150800E0A078E7059B4FF0FF3053F828306FF00041B2
S3150800E0B056F823905346079205F064FD814520D80B
S3150800E0C0079A09FB0AF3A2FB092A08F101089A44F0
S3150800E0D0A1E7B2FA82F32033AAE757F828002946BF
S3150800E0E0039A801BFFF7FAF9099B18444845A8BF0D
S3150800E0F048465045B8BF50462BF8180008F10108A5
S3150800E100C4E7064B064A1893049B06495C699E2396
S3150800E110A44604980FB0BDE8F04F6047B459030809
S3150800E1203459030826D501080080FFFF2DE9F04F72
S3150800E1308FB005939DF868309246DDE918540022A1
S3150800E1400F460B9304900AF022FD39460646012233
S3150800E15004980AF01CFD81460022394604980AF004
S3150800E16018FD3368D9F80020079306922369626A76
S3150800E170776808930A92D4E9006300220393A36997
S3150800E180012409934368D0F800B0D7F800801868CE
S3150800E190904215DC05EB84039B454FEA84091AD2A5
S3150800E1A00BEB04039D4234BF002301239BB91A4697
S3150800E1B09C421AD00BF8032045F823200133F7E7D1
S3150800E1C053F8041FA4FB01ECBCF1000F40F0BF801C
S3150800E1D04C430132DCE72246002158460BF0AFFFDC
S3150800E1E04A46002128460BF0AAFF3A4600239845DE
S3150800E1F079DC4FF000090DAB0A9A0193059B40465E
S3150800E20000930699D317CDF834900AF05CFD0028E0
S3150800E21000F09D800D9B28EAE87249465046920018
S3150800E220043706930BF08BFF0023524639464046C7
S3150800E230CDF800900AF0EEFC059B524639460A9046
S3150800E24000934046069B0AF0E5FC079B0A9A394666
S3150800E2509A5655F82030134445F820305246404621
S3150800E2600AF0BAFC0028DFD1804601228246069BC6
S3150800E27043453EDC52EA0A0332D00B9B3BBBBAF15C
S3150800E280000F4ED0BAFA8AF30399C3F13F0301F19E
S3150800E2901F07202FA8BF20279F42A8BF1F46F11798
S3150800E2A0A7F1200306FA03F3C7F1200CB94026FAB2
S3150800E2B00CFC194306FA07F0534641EA0C0104928E
S3150800E2C005F060FC0646039B049ADB1B0393D846BD
S3150800E2D06FF07F09089F043D57435C44444524D1A9
S3150800E2E00FB0BDE8F08F52F8041F0029F8D00133AB
S3150800E2F07DE7059B4FF0FF3053F828306FF000415B
S3150800E30057F823905346079205F03CFC81451ED8E2
S3150800E310079A09FB0AF3A2FB092A08F101089A449D
S3150800E320A5E7B2FA82F32033AEE755F8040F314673
S3150800E330039AC01BFFF7D2F8099B18447F28A8BF89
S3150800E3407F204845B8BF484608F8010BC6E7064B84
S3150800E350064A1893049B06495C699E23A4460498BA
S3150800E3600FB0BDE8F04F6047B459030834590308A5
S3150800E37026D501082DE9F04F0E6891B0042E044603
S3150800E3801D46019201D00BF0BAFD1B68042BFADC7E
S3150800E3900A460123314602A808F0E8FA3146012365
S3150800E3A02A4609A808F0E2FADDE90B12DDE904A617
S3150800E3B00A9BDDF83490009394F90030022BE2D1E1
S3150800E3C0B4F90230012B1BD1B4F90430022BDAD18F
S3150800E3D00129D8D1012AD6D106FB0AF3DDF818B0EF
S3150800E3E007EE103A4FEA8B031F4600231C461D46CC
S3150800E3F0009A954233DA1A9A002002EB840826E03E
S3150800E400022BC0D1B4F90430012BE0E7D1ED006A44
S3150800E41077EEA67A01323944B242F7DB0EF1010EE5
S3150800E420B444D6450CDA0BFB0C01019A02EB8101C8
S3150800E4300022F1E79C464FF0000EDFED0A7AF0E77E
S3150800E440B8EEC76AC7EE866AE8EC016A0130484545
S3150800E450F0DB17EE102A01354C441344C8E711B017
S3150800E460BDE8F08F000000002DE9F04FC46888462B
S3150800E4709B46236805469B6992462046002285B03E
S3150800E4809847D8F800300646D3F80090B9F1020F3D
S3150800E49010D00223CDE90293384B0193384B0093F1
S3150800E4A02F236C692846374A3749A047012005B00B
S3150800E4B0BDE8F08FD8F804301A68012A09D001237C
S3150800E4C0CDE90223314B0193314B00936C6930231C
S3150800E4D0E8E72368414620469B699847074640B9BE
S3150800E4E02C4B284600936C693423264A2A49A047B0
S3150800E4F0DCE7007F022812D06E69FEF7E7FD0446C6
S3150800E5004846FEF7E3FD254BCDE902400193244B2F
S3150800E510284600931B4A35232249B047C6E7337F6E
S3150800E520092B1FD123680022DB69414620469847FC
S3150800E5300546B06804F09CFF8046A868894604F042
S3150800E54097FF0B4602464946404605F013F941EC4B
S3150800E550100B59465046FEF7F9FF23682946204610
S3150800E5605B6A98472368394620465B6A984723685A
S3150800E570204631465B6A9847002098E7AF4B030868
S3150800E580BB5903083459030846D6010856DA010868
S3150800E590CE590308E259030826D501080C5A030880
S3150800E5A0195A0308F25903082DE9F04F924699B013
S3150800E5B00022884604460AF0EAFA01220546414640
S3150800E5C020460AF0E4FA00228346414620460AF02D
S3150800E5D0E0FA0646DBF80400D8F810700BF0BCF831
S3150800E5E02B7A8146072B00F0AC80092B00F0998026
S3150800E5F0012B40F0B680DBF80030014607AA184622
S3150800E60004930AF00EFCD5F80480D8F800A0BAF1F5
S3150800E610040F28D19DF91C30022B24D1BDF91E30D8
S3150800E620012B1AD1BDF92030022B1CD13B78D3B16E
S3150800E63029460AA80AF0B3FA314611A82C680AF046
S3150800E640AEFA3368224600930AA911AB07A8FFF76A
S3150800E65091FE002019B0BDE8F08F022B03D1BDF959
S3150800E6602030012BE1E7002101222B680593D6E92A
S3150800E67000531E688E4238DC4FEA820B5A46002148
S3150800E68028460BF05CFD4A46002606AB0AAF019306
S3150800E690504604990097D31706960AF014FBB0B3B0
S3150800E6A0324BDDF8189008F10408029311ABCDE956
S3150800E6B0009352463B464146059803950AF0CAFA26
S3150800E6C028B30123B14518DC002BC2D005EB0B0299
S3150800E6D0AA42BED007EE903AD5ED006AB8EE677A40
S3150800E6E0C6EE877AE5EC017AF2E753F8040FA2FB47
S3150800E6F000C767B942430131BCE757F8042B58F8FD
S3150800E7002220A3FB020111B953430136DAE7184B5D
S3150800E710204600936569D023164A1749A847012061
S3150800E72098E7636CDAF808102046984700230090AB
S3150800E730CDE901A3414620460AAB11AAFFF7F6FC2C
S3150800E74087E7636CDAF8081020469847002300909C
S3150800E750CDE901A3414620460AAB11AAFFF7B8FB4B
S3150800E76077E72046636905499847D8E7D38B0108B8
S3150800E770245A03083459030826D501086E5B030892
S3150800E780F8B547F6FF741E464F4B15461A1A2DED77
S3150800E7900A8B0AEE902A221A0AEE102AF8EEEAAA3C
S3150800E7A0B8EECAAA6AEE80AA2AEE00AADFED477A70
S3150800E7B07AEE6ABA5B1A6BEEA7BA07EE903A631A54
S3150800E7C0B8EEE77A07EE903AF8EEE77A67EEA07ABF
S3150800E7D0B6EE00CAE7EE607A9FED3D7A6BEE8C9A4C
S3150800E7E0C7EE278A00249FED3B9ADFED3BCAB71E8A
S3150800E7F007EE904AB0EE6ABAF8EEE77AABEEA7BA39
S3150800E800B0EE4B0AA8470134B0EE408A39EE8B0ABF
S3150800E810A84707EE904AB0EE40BAF8EEE77AB0EEAF
S3150800E8206A0AABEEA70AA84768EE887AF8FE677AFE
S3150800E830B0EE677AA8EE807A28EE8BBA27EE0C7AC5
S3150800E840B8FE4BBAB8FE477A37EE4B7A27EE0C7A03
S3150800E850B8FE477A77EEC77AF4EEC97AF1EE10FA7F
S3150800E8602BD4F4EE6C7AF1EE10FA7CFEA77AFDEE64
S3150800E870E77A17EE903AB4F5007F27F8023FB7D14A
S3150800E880B0EE4A0AA84728EE800AB8FE400AB4EE57
S3150800E890C90AF1EE10FA13D4DFED0F7AB4EE670A5F
S3150800E8A0F1EE10FA37FE800ABDEEC00ABDEC0A8BFF
S3150800E8B010EE103AA6F80034F8BDDFED067AD6E772
S3150800E8C09FED040AF0E700BF0080FFFF0000003B51
S3150800E8D000008047000000C700FEFF4612280346D6
S3150800E8E00DD809280DD8022808D9012000FA03F204
S3150800E8F012F4127F20D008600020704718BB012050
S3150800E9007047A0F10A03082BF9D801A252F823F0A0
S3150800E91043E900084FE9000835E900084FE900080F
S3150800E92047E90008FFE8000847E90008FFE800088B
S3150800E9304BE900081020DEE712F4887F07D1072B81
S3150800E940DED10220D7E70420D5E70120D3E7082047
S3150800E950D1E700BF2DE9F3471D46036807465B6B01
S3150800E96088461646DDF828909847044638B911486F
S3150800E9700AF06DF80024204602B0BDE8F0870022B0
S3150800E9803B68CDE9009241460246D3F838A038469E
S3150800E9902B46D04708B10848EAE7002EEBD00C23EF
S3150800E9A05D4306EBC90673685A195B5923615368B8
S3150800E9B06361E0E7CB5D0308015E03082DE9F347D1
S3150800E9C0074640681D46036888469B682021164608
S3150800E9D00422DDF82890984701223B68CDE9009289
S3150800E9E004460246D3F838A041462B463846D04757
S3150800E9F038B10A480AF02BF80024204602B0BDE8D0
S3150800EA00F087002EF9D00C235D4306EBC906736820
S3150800EA105A195B59236153686361EEE74B5E030835
S3150800EA202DE9F74307460E461D4614464FF00009E2
S3150800EA3030460AF00BFB03684B4501D8002020E05E
S3150800EA4009F1010800EB880250F8280010440AF082
S3150800EA50F2FAC8B11DB155F82930013314D1204650
S3150800EA6001A90AF065FA60B9B86810220368019925
S3150800EA709B689847206038B90548019909F0E7FF6F
S3150800EA80012003B0BDE8F083C1460C34D0E700BFCF
S3150800EA908F5E03082DE9F04106460D460024A2F1D3
S3150800EAA00807284609F057FF03689C4201D300204F
S3150800EAB014E0013400EB840250F8240010440AF0F4
S3150800EAC0D0F9B36841011A681846D2F808800422BA
S3150800EAD0C04728B9044809F0BAFF0120BDE8F0810B
S3150800EAE047F83400DDE700BFBD5E03082DE9F04FA7
S3150800EAF01C4685B00F9D80468A46934600212022F3
S3150800EB0028460BF01CFB20460AF08DFA05F11C017D
S3150800EB1009F0E1FF0746002853D120460AF08BFA90
S3150800EB200E99A87720460AF09BFA002814BF0123FD
S3150800EB30022328616B77204603AA05F118010AF01B
S3150800EB40C4F9074600283CD10421204609F0A3FD54
S3150800EB5000283AD02218205810440AF0A3F9686110
S3150800EB600C21204609F097FD58B3235826181E4451
S3150800EB7030460AF044FA044618B303680BB3304625
S3150800EB800AF047FAE8B10368DBB163683046AB6060
S3150800EB900AF03FFA43683046EB600AF030FAD0F8DC
S3150800EBA00090BBF1000F12D0DAF8003004220C21D5
S3150800EBB050469B6898470446F8B92F4809F047FF1E
S3150800EBC00127384605B0BDE8F08F2C48C7E7D8F8C6
S3150800EBD0003004220C2140469B68984704460028CA
S3150800EBE0EBD0D8F800304846D3F808A009F02AFE3A
S3150800EBF0042201464046D0470AE0DAF80030484683
S3150800EC00D3F8088009F01EFE042201465046C04784
S3150800EC10606008B91A48D1E730460AF0F0F90AF0F8
S3150800EC2042F963684FF0000B9A462060C3F80090DB
S3150800EC30D9450ADC1021304609F02DFD00B13058BF
S3150800EC400123A0602B706C60BBE730460AF0E1F93F
S3150800EC5002688046304601920AF0D1F9019A0368A3
S3150800EC609A4208BF08EBCB08D8F804300BF1010B21
S3150800EC704AF8043FDCE700BFF35E03082061030897
S3150800EC80215F0308F8B516460023C2E9003346F8A3
S3150800EC90083F0F46144605460AF0C5F9314609F0FD
S3150800ECA01AFF064678B9394628460AF0D9F90421E2
S3150800ECB02060284609F0EFFC38B12A182858104475
S3150800ECC00AF0F0F860603046F8BD0148FAE700BF80
S3150800ECD0206103082DE9F04F81460D46002485B0D2
S3150800ECE00392284609F037FE03689C4201D30020A8
S3150800ECF01CE0013450F8243000EB840843441846DD
S3150800ED0002930AF0A3F90C220368D9F8080002FB5B
S3150800ED1003F701930368042239469B689847064619
S3150800ED2028BB3946184809F092FE012005B0BDE80F
S3150800ED30F08F02980AF08AF907F1010B50F82B10A8
S3150800ED4000EB8B0A8A4428460C2109F0A4FC60B122
S3150800ED5029182858014442465046FFF793FF08F100
S3150800ED600C0870B139460948DDE70146F3E78046E5
S3150800ED700027019B9F42DCD1039B043B43F8346088
S3150800ED80AFE75F46F5E700BF4F5F0308965F0308E6
S3150800ED9038B503680D46042224215B6B0446984760
S3150800EDA0054A0561C0E9002400220434C0E90622A8
S3150800EDB084600275026238BDC46003082DE9F0411B
S3150800EDC01D46037D04460E4617462BB90C4809F026
S3150800EDD03EFE0120BDE8F081036829461B6C826966
S3150800EDE098470028F6D123683A46D3F83C8031463E
S3150800EDF020462B68C0470028ECD12075EAE700BFFB
S3150800EE00B55F0308F8B5037D04460E462BB11C48CA
S3150800EE1009F01DFE00252846F8BD01230375806804
S3150800EE200422036808219B689847A368154AC0E925
S3150800EE300023E06020460AF079F90028EAD1A5689F
S3150800EE4030462B689F6809F086FD0168042228462B
S3150800EE50C900B847054608B90B48D9E723680246EA
S3150800EE6031462046DB6A98470028D3D123682A46CC
S3150800EE70314620469B6A98470028CCD0CAE700BF8F
S3150800EE800060030810610308556003082DE9F8437C
S3150800EE900546894690461F460AF057F90C26044649
S3150800EEA00022A9694E4300EB060C644508D10B2ADB
S3150800EEB00CD90C480C2109F0CAFD0120BDE8F883DD
S3150800EEC063680C34013308BF0132EEE74FF0FF33B5
S3150800EED040F80690C4E901383960AB69002001336F
S3150800EEE0AB61EBE783600308C0E90232002330B563
S3150800EEF0034DC0E90433C0E90051836130BD00BF4A
S3150800EF002C6103084369202B01D180697047A12B26
S3150800EF109ABF024A52F8230001487047F45503087D
S3150800EF20825803082DE9F84F04460025D0F81490B6
S3150800EF30E3691B689D4203D30020C4F8149024E0BB
S3150800EF402946A068656109F099FF002680464FEAC0
S3150800EF50C50A464501D10135EAE7236953F80A107F
S3150800EF6001EB4611D1F81CB0DBF808307BB16068BC
S3150800EF709847074658B15846FFF7C4FF3B4601462F
S3150800EF803246064809F063FD0120BDE8F88F314690
S3150800EF90E0680AF0DEF80136DBE700BF60610308C7
S3150800EFA0C3692DE9F74F1A68D0F814A091420446B0
S3150800EFB00F46416107D3244809F049FD0125284633
S3150800EFC003B0BDE8F08F806809F058FF0026804638
S3150800EFD0B346FF00464503D10025C4F814A0EEE762
S3150800EFE02369DD5905EB4615D5F81C904846FFF709
S3150800EFF089FF63680146586BCDE900B018B103680C
S3150800F0009B68984700902946D9F80C30606898475D
S3150800F0100546E06803685B699847012D0CD14846A8
S3150800F020FFF770FF2B4601463246084809F00FFDE8
S3150800F03068460AF01BFBC2E7002DF9D168460AF0BC
S3150800F04015FB0136C6E700BF96610308C8610308C9
S3150800F05010B504461046C4E902030023064AC4E96B
S3150800F0600433029BC4E90021A36110B109F073FCC3
S3150800F070E061204610BD00BF04620308F8B50446E7
S3150800F0800F468068194615461E4609F00DFF226987
S3150800F090A3699A4201D1B84204D00C4809F0D7FCBA
S3150800F0A00120F8BD3146A06809F0FEFE6269121A11
S3150800F0B0AA4205D229460648AB1A09F0C8FCEFE76A
S3150800F0C028442061A0610020EBE700BF38620308EE
S3150800F0D0A662030838B504460D468069114609F04C
S3150800F0E0E3FE6269121AAA4206D208482946AB1AF2
S3150800F0F009F0ADFC002038BDE36905444340E361EF
S3150800F100236AA56101332362F5E700BFE8620308B5
S3150800F11008B5D0E9072151EA020307D0B2FA82F20C
S3150800F1200348520909F093FC002008BD0120FCE7BA
S3150800F13031630308036810B51B690446984720B96C
S3150800F140044809F084FC012010BD23690020A3614E
S3150800F150FAE700BF7363030838B50D4604464069ED
S3150800F1601146401B09F0A6FE2369834207D91B1ADC
S3150800F17029460448EA1A09F06AFC002038BD60618D
S3150800F180FCE700BFB8630308C0E90321C0E905210D
S3150800F190002210B5034CC0E9072204604434C0E9D4
S3150800F1A0014110BD0C64030800B58BB00A46014640
S3150800F1B001A80AF041FB042224210DEB0200FFF707
S3150800F1C0CBFF0A4A026044324260039A8260049A7C
S3150800F1D0C260059A0261069A4261079A8261089A94
S3150800F1E0C261099A02620BB05DF804FB0C6403085D
S3150800F1F0F8B50E46D0E901148C4204DB0A4809F03A
S3150800F20026FC0120F8BDC168270101EB0415CE5183
S3150800F210C5E902234FF0FF336B6001230134846094
S3150800F22080F828300020EDE760640308014B03608E
S3150800F230704700BFF86403082DE9F0439BB0054604
S3150800F24000240AF075FB544EA968A14211DC00237C
S3150800F25050261F46994230DC00244FF050085022B1
S3150800F2602E2105A80AF06BFF0023D5F808909C46C6
S3150800F27059E0092C15DC04F13001C9B2EB6820010C
S3150800F28003EB0412D7680297926801926A6A52F8E9
S3150800F290242000921B582246304609F0D8FB013438
S3150800F2A0D2E7232C02DC04F15701E6E73D2C02DC09
S3150800F2B004F11D01E1E72A21E0E7E8686A6A4FEAF6
S3150800F2C0031C00EB031452F8232050F80C000133FA
S3150800F2D002449642B8BF1646E2689742B8BF174638
S3150800F2E0B8E7E8684FEA031E00EB03118A68A242F2
S3150800F2F018DCCA68A24215DB6A6A52F823104A1C4F
S3150800F30010D050F80E2008FB01F0114408FB01F15B
S3150800F31090FBF6F091FBF6F1944405AA02EB000E79
S3150800F32088421DDB01339945DBDC00231B498DF838
S3150800F33064301B4B2246092CC8BF19460CF2FF3312
S3150800F340002BB8BF0CF2FE739B120093154805AB51
S3150800F350013409F07CFBA74281DA1BB0BDE8F083D3
S3150800F3609EF800202E2A14D1092B06DC03F1300260
S3150800F370D2B20EF8012B0130D2E7232B02DC03F1BF
S3150800F3805702F5E73D2B02DC03F11D02F0E72A22BE
S3150800F390EFE72122EDE700BF7D640308BF4D0308B0
S3150800F3A082580308B864030870B50C460546164625
S3150800F3B00AF0BEFA002C02DBAB68A34206DC06485C
S3150800F3C02146AA6809F043FB012070BD6B6A00203C
S3150800F3D053F824303360F8E7C76403082DE9F84387
S3150800F3E005460068884609F0B6FA04686868A40005
S3150800F3F00368042221469B68984707462861C8B1D6
S3150800F40000263446D5F80090484609F0A4FA036861
S3150800F4109E4216D31823C5E9054444446868EC603F
S3150800F4205C430368042221469B68C5F81C809847FC
S3150800F430A860B0B90C48214609F009FB0120BDE8CF
S3150800F440F88347F82640484609F085FA013600EB66
S3150800F450860250F82600104409F0F8FD03681C449B
S3150800F460D2E70020EBE700BF1C6503082DE9F0474B
S3150800F4700568074688462846102109F00CF910B990
S3150800F4800020BDE8F0870026DFF8B4901021284652
S3150800F49009F001F900284FD02B582A18D118D3584B
S3150800F4A09E42EDD2013651F8263001EB860A9A447F
S3150800F4B00421504609F0EFF80028E7D05AF8003042
S3150800F4C00AEB0002D458D018172C2246494628BF02
S3150800F4D0172204300AF03BFE0028D7D1172CD5D1C5
S3150800F4E00C21284609F0D7F8044610B12C582B18D9
S3150800F4F01C440621504609F0CEF808B15AF8000017
S3150800F500431C04EB830254F8234004211444204688
S3150800F51009F0C1F870B1225823181344D968BA699A
S3150800F52010338A42C8F80030B0D0044809F08FFA80
S3150800F5300120A6E7C368FFDE0368FCE75D650308EC
S3150800F540E46503082DE9F34708460C46164609F014
S3150800F55088FC4FF0000805464FF0FF37A84501D153
S3150800F56000202CE00A21204609F095F810B123184E
S3150800F570205818444FF0000A08F1010850F82830BE
S3150800F58000EB880999441421484609F021FA002815
S3150800F590E4D003689A45E1D20AF1010A50F82A3004
S3150800F5A00C2001A900FB0360019709F0C1FC30B9E2
S3150800F5B001990029E7D0034809F049FA012002B069
S3150800F5C0BDE8F087A86503082DE9F04F01F1804EE4
S3150800F5D083B0DDE90C750EF1FF3E07EBC10C01396E
S3150800F5E04FEA8E0A02EB850203EB850300EB8E0ECB
S3150800F5F02ED0012DACF1040C00F104043FD1ACF17E
S3150800F600040C07F10809CDF800A054F8045B52F879
S3150800F61004AB45FB0AF65EF8048953F804BB28FBDD
S3150800F6200B6648FB1BF825FB1A852D1429F8025C86
S3150800F63036146D42013929F8046CACF1040CACF8A7
S3150800F6400A50ACF8086009F10409DED1DDF800A01B
S3150800F650B0F90220B0F90030BA449B1A00225B10B8
S3150800F660AAF80430AAF80620B0F90030B0F902105A
S3150800F6707A800B445B103B8003B0BDE8F08FCDE980
S3150800F68000A04FEA850BACF1040C07F1080854F802
S3150800F690040BD2F8009040FB09F55EF80469D3F82C
S3150800F6A000A026FB0A5546FB1AF620FB1960001433
S3150800F6B028F8020C2D144042013928F8045C5B44F2
S3150800F6C0ACF80450ACF806005A4408F10408ACF14A
S3150800F6D0040CDCD1DDE900A0BAE700BF2DE9F04F44
S3150800F6E0054617462A792C68012A0E46406985B0D0
S3150800F6F04FEA54040ED06B7900F0A6F9AB682146A0
S3150800F7000193D5E9032330460097FFF75DFF05B05F
S3150800F710BDE8F08FD5F8089006EB840CD5E90331DF
S3150800F72004B3B9F1010F2AD1B9465CF8048951F836
S3150800F73004BB48FB0BF256F804AB53F804EB2AFB60
S3150800F7400E2228FB1BF8C8F100084EFB1A8E013C56
S3150800F7504FEA12424FEA2E4EC2EA0E4249F8042BED
S3150800F760E3D12A7939466B7900F06EF93A460121D8
S3150800F77038462B6805B0BDE8F04F00F023B8BB4605
S3150800F7804FEA890903905CF804E9D1F800A04EFB1A
S3150800F7900AF256F8048B186828FB00222EFB1AFE7C
S3150800F7A0CEF1000E40FB18E0013C4FEA12424FEA48
S3150800F7B020404944C2EA00424B444BF8042BE2D1AC
S3150800F7C00398CEE700292DE9F0414FEA93063FDA80
S3150800F7D04EB396463746C1F1000C00F1080434F9D9
S3150800F7E0085C34F9068C45FA0CF548FA0CF8C5EAB3
S3150800F7F00845CEF8005034F9045C34F9028C0EF151
S3150800F800080E013F45FA0CF548FA0CF804F108040D
S3150800F810C5EA08454EF8045CE1D100EBC60002EBE8
S3150800F820C60203F003038BB1B0F9004049420C410C
S3150800F830012B14800AD0B0F90240022B44FA01F4D5
S3150800F840548003D0B0F904300B419380BDE8F081B1
S3150800F85066B31446354600F1080E3EF908CC0CFA94
S3150800F86001FC0CF30F0C3EF9067C8F4007F30F07DB
S3150800F870CCEA074CC4F800C03EF904CC0CFA01FCEB
S3150800F8800CF30F0C3EF9027C8F4007F30F07083480
S3150800F890013DCCEA074C0EF1080E44F804CCDCD145
S3150800F8A000EBC60002EBC60203F00303002BCDD023
S3150800F8B0B0F900408C4004F30F04012B1480C5D026
S3150800F8C0B0F902408C4004F30F04022B5480BDD0DB
S3150800F8D0B0F904308B4003F30F039380BDE8F08141
S3150800F8E02DE9F0474D08164600EB410745D004467A
S3150800F8F09646384621462A464FF0000C0B68D0F843
S3150800F900008093FA2CF398FA2CF85EF8049B93FA85
S3150800F91028FAD3FA18F341F804AB29FB03F849FB94
S3150800F92013F9013A4FEA1843C3EA090340F8043BBE
S3150800F930E4D1294602233246204600F00BF9384620
S3150800F94029460223324600F005F9204604EBC50590
S3150800F950B0F90040B0F90210B0F90420B0F9063049
S3150800F9606400490052005B00048041808280C380A5
S3150800F97008308542ECD1BDE8F0872946022300F01D
S3150800F980E9F8324629463846BDE8F047022300F032
S3150800F990E1B800BF2DE9F0474D08164600EB4107D0
S3150800F9A045D004469646384621462A464FF0000C6E
S3150800F9B00B68D0F8008093FA2CF398FA2CF85EF8C6
S3150800F9C0049B93FA28FAD3FA18F341F804AB49FBD7
S3150800F9D003F829FB13F9013A4FEA1843C3EA090366
S3150800F9E040F8043BE4D1294602233246204600F07B
S3150800F9F051FA384629460223324600F04BFA204689
S3150800FA0004EBC505B0F90040B0F90210B0F90420BE
S3150800FA10B0F906306400490052005B00048041805A
S3150800FA208280C38008308542ECD1BDE8F08729463C
S3150800FA30022300F02FFA324629463846BDE8F04739
S3150800FA40022300F027BA00BF012A70B50E46044605
S3150800FA501D4601882FD0B1F5807F26D008D9B1F58B
S3150800FA60006F17D01BD9B1F5805F1ED03DB970BDA8
S3150800FA7040291AD00AD980290CD0002DF7D0304653
S3150800FA80A268A189BDE8704000F03CB810290CD0E6
S3150800FA902029EBD130466268FFF722FFE6E7B1F589
S3150800FAA0007FF7D0B1F5806FE0D101233046626858
S3150800FAB000F050F8DAE7B1F5807F1DD007D9B1F527
S3150800FAC0006F0ED012D9B1F5805FCFD114E040296E
S3150800FAD012D002D9802904D0C8E710290CD02029D1
S3150800FAE0C4D130466268FFF755FFBFE7B1F5007F1E
S3150800FAF0F7D0B1F5806FB9D101233046626800F0BE
S3150800FB00C9F9B3E729B32DE9F0414FF0000E961C69
S3150800FB1032F81EC036F81E304FEA9C0C9B0830F8A7
S3150800FB201C7030F813804FEA4C055C0020F81C80E6
S3150800FB3020F8137005F1020CA31CC55A30F80C40C6
S3150800FB400EF1020E8E4520F80C50C452E0D3BDE8E3
S3150800FB50F08170472DE9F04F21F0030C91B09646DD
S3150800FB6000EB4C048A08012B8A46054600EB0C017B
S3150800FB7000930F9204EB0C0040F023811646CDE962
S3150800FB80015AF146F0462F460022F246CDF80CE01F
S3150800FB90D7F800B0D4F800E00B6805689BFA22FB9A
S3150800FBA09EFA22FE9BFA22FB9EFA22FE93FA22F383
S3150800FBB095FA22F593FA22F395FA22F593FA15F3B4
S3150800FBC09BFA1EF5DBFA1EFB95FA23FE47F804EBB3
S3150800FBD05AF808EBD5FA13F52EFB05F34EFB15FE7E
S3150800FBE00D681B0CC3EA0E0341F8043B58F804EBF6
S3150800FBF095FA22F3056893FA22F395FA22F595FA0F
S3150800FC0022F5D3FA15F3ABFA13F5EBFA13F32EFB39
S3150800FC1003FB4EFB13F34FEA1B4BCBEA030B44F8EB
S3150800FC2004BB59F80CEB2EFB05F34EFB15FE013E03
S3150800FC304FEA1343C3EA0E0340F8043BA8D1DDE9B3
S3150800FC40015A009BDDF80CE098000F9B042B40F24C
S3150800FC501F814FEA1A140E95E14625460093A30024
S3150800FC60079355452B4628BF53460E9E7246344683
S3150800FC704FF0000BC1000A9383000893099100EB2B
S3150800FC8040030799CDE90C5E9B000B93CDF804E081
S3150800FC90CDF808E006EB410326461D465F46019966
S3150800FCA0CDE9033BD1F800800299CDE90542D1F8A8
S3150800FCB000E00799D2F800C0081919443268D5F847
S3150800FCC000B00B68046894FA13F492FA1BF3D2FA9C
S3150800FCD01BF293FA24FBD3FA24F300249BFA24FBA1
S3150800FCE0C6F800B04E442EFB03F44EFB13F3240C67
S3150800FCF0C4EA0303046803600B684844D4FA13F3A0
S3150800FD00A2FA23F4E2FA23F328FB03F248FB13F3DF
S3150800FD10120CC2EA03022A604D442CFB04F34CFB86
S3150800FD2014F4009A1B0C1744BA45C3EA04030B6083
S3150800FD304944C3D8DDE90542DDE9033B0199089842
S3150800FD400BF1010B0144019109980299043401440D
S3150800FD5002910B9904330A440A998B459CD3DDE931
S3150800FD600C5E042D089807D9AB089A0000954FEA4F
S3150800FD70850907921D4674E7DDE90E500138EE68DD
S3150800FD802B686A68AF6892FA16F493FA17F1D2FAF2
S3150800FD9016F2D3FA17F391FA24F605F11005D1FAFB
S3150800FDA024F145F8106C45F80C1CE3FA22F1A3FA85
S3150800FDB022F345F8081C45F8043CDFD111B0BDE82C
S3150800FDC0F08F002693462F4632460195D7F80090C5
S3150800FDD0D4F800800B68056899FA22F998FA22F88F
S3150800FDE099FA22F998FA22F893FA22F395FA22F563
S3150800FDF093FA22F395FA22F593FA15F399FA18F578
S3150800FE00D9FA18F995FA23F847F8048B5EF836807C
S3150800FE10D5FA13F528FB05F348FB15F80D681B0CF6
S3150800FE20C3EA080341F8043B5EF8268095FA22F3F4
S3150800FE30056893FA22F395FA22F595FA22F5D3FA8C
S3150800FE4015F3A9FA13F5E9FA13F328FB03F948FBA6
S3150800FE5013F34FEA1949C9EA030906EB460344F8BE
S3150800FE60049B5EF8238028FB05F348FB15F81B0C5A
S3150800FE70C3EA080340F8043B009BBBF1010B1E4490
S3150800FE80A4D1009B019D98000F9B042B3FF6E1AE81
S3150800FE90184673E72DE9F04F21F0030C91B096460A
S3150800FEA000EB4C048A08012B8A46054600EB0C0138
S3150800FEB000930F9204EB0C0040F023811646CDE91F
S3150800FEC0015AF146F0462F460022F246CDF80CE0DC
S3150800FED0D7F800B0D4F800E00B6805689BFA22FB57
S3150800FEE09EFA22FE9BFA22FB9EFA22FE93FA22F340
S3150800FEF095FA22F593FA22F395FA22F593FA15F371
S3150800FF009BFA1EF5DBFA1EFB95FA23FE47F804EB6F
S3150800FF105AF808EBD5FA13F54EFB05F32EFB15FE3A
S3150800FF200D681B0CC3EA0E0341F8043B58F804EBB2
S3150800FF3095FA22F3056893FA22F395FA22F595FACB
S3150800FF4022F5D3FA15F3EBFA13F5ABFA13F34EFBD6
S3150800FF5003FB2EFB13F34FEA1B4BCBEA030B44F8C8
S3150800FF6004BB59F80CEB4EFB05F32EFB15FE013EC0
S3150800FF704FEA1343C3EA0E0340F8043BA8D1DDE970
S3150800FF80015A009BDDF80CE098000F9B042B40F209
S3150800FF901F814FEA1A140E95E14625460093A300E1
S3150800FFA0079355452B4628BF53460E9E7246344640
S3150800FFB04FF0000BC1000A9383000893099100EBE8
S3150800FFC040030799CDE90C5E9B000B93CDF804E03E
S3150800FFD0CDF808E006EB410326461D465F46019923
S3150800FFE0CDE9033BD1F800800299CDE90542D1F865
S3150800FFF000E00799D2F800C0081919443268D5F804
S3150801000000B00B68046894FA13F492FA1BF3D2FA57
S315080100101BF293FA24FBD3FA24F300249BFA24FB5C
S31508010020C6F800B04E444EFB03F42EFB13F3240C22
S31508010030C4EA0303046803600B684844D4FA13F35B
S31508010040E2FA23F4A2FA23F348FB03F228FB13F39B
S31508010050120CC2EA03022A604D444CFB04F32CFB42
S3150801006014F4009A1B0C1744BA45C3EA04030B603F
S315080100704944C3D8DDE90542DDE9033B01990898FE
S315080100800BF1010B014401910998029904340144C9
S3150801009002910B9904330A440A998B459CD3DDE9ED
S315080100A00C5E042D089807D9AB089A0000954FEA0B
S315080100B0850907921D4674E7DDE90E500138EE6899
S315080100C02B686A68AF6892FA16F493FA17F1D2FAAE
S315080100D016F2D3FA17F391FA24F605F11005D1FAB7
S315080100E024F145F8106C45F80C1CA3FA22F1E3FA41
S315080100F022F345F8081C45F8043CDFD111B0BDE8E8
S31508010100F08F002693462F4632460195D7F8009080
S31508010110D4F800800B68056899FA22F998FA22F84A
S3150801012099FA22F998FA22F893FA22F395FA22F51E
S3150801013093FA22F395FA22F593FA15F399FA18F533
S31508010140D9FA18F995FA23F847F8048B5EF8368038
S31508010150D5FA13F548FB05F328FB15F80D681B0CB2
S31508010160C3EA080341F8043B5EF8268095FA22F3B0
S31508010170056893FA22F395FA22F595FA22F5D3FA48
S3150801018015F3E9FA13F5A9FA13F348FB03F928FB62
S3150801019013F34FEA1949C9EA030906EB460344F87A
S315080101A0049B5EF8238048FB05F328FB15F81B0C16
S315080101B0C3EA080340F8043B009BBBF1010B1E444C
S315080101C0A4D1009B019D98000F9B042B3FF6E1AE3D
S315080101D0184673E72DE9F04F1D688BB0DDE9146900
S315080101E0DDE9198A3DB34FF0010B0C461746C246A5
S315080101F0D8F80C20D9F80010DDF868802069059236
S315080102007A68CDE9070B0491E06803923A68A16818
S315080102100690029222684346CDE900213046189A93
S31508010220169900F011FAD9F80010DAF80C20013DF8
S315080102300E449044E2D100200BB0BDE8F08F00BF18
S31508010240C368D1E9012002FB00F003FB00F010F0BE
S31508010250030307D0424202F0030200F1040058BF2B
S315080102605342C01A800070470369844610B40BB91B
S31508010270406940B3D2E901244B68012B14D0C86800
S3150801028002FB04F404FB00F010F0030303D1800021
S315080102905DF8044B7047424202F0030200F1040084
S315080102A058BF5342C01AF2E7DCF81830012BE6D1E1
S315080102B0012AE4D1C868DCF8082000FB02F293079A
S315080102C0E0D00122DCE7D2E90124012CD4D1012AAC
S315080102D0D2D1DCF81830012BD1D1DCF81C30012B36
S315080102E0D6D04C68012CE5D01446C8E72DE9F04F65
S315080102F00D6983B08C46DDE90C46DDE90EBADDE908
S3150801030010989E46129F009001920DB94D69D5B17C
S31508010310DEF80430012B06D1DCF81830012B02D1A6
S315080103207368012B1ED073466146019A0098CDE980
S315080103301187CDE90FA9CDE90D6B0C9403B0BDE882
S31508010340F04F00F043BEB568012DE1D17568012D66
S31508010350DED18D69012DE6D1CD69012D1AD05B68F3
S31508010360012BE0D1DCF80830DEF80C2002FB03F3A0
S315080103709B07D8D173466146019A0098CDE9118742
S31508010380CDE90FA9CDE90D6B0C9403B0BDE8F04F8B
S3150801039000F02ABD8D68012D02D1CD68012D0FD03F
S315080103A073466146019A0098CDE91187CDE90FA9EF
S315080103B0CDE90D6B0C9403B0BDE8F04F00F050BDCC
S315080103C0CDE91187CDE90FA9CDE90D6B0C9403B0E1
S315080103D0BDE8F04F00F0BABD30B585B0089C099D5F
S315080103E00094002401950A9DCDE9024501F0AAFA77
S315080103F005B030BD30B585B0089C099D009401242F
S3150801040001950A9DCDE9024501F09CFA05B030BD7A
S315080104102DE9F04F8FB0DDE919572C680891039241
S31508010420002C00F00B8199466B680693002B00F0AF
S315080104300581002940F3B580002311460493012361
S31508010440189A9940524293400D925A1E029252109E
S31508010450A0F1020BBE1E531C0793CDF800B04FF056
S31508010460804547F6FF7E33468A46CB46A1F1020C04
S31508010470674484441898059220EAE0700C90039921
S31508010480009A0129B2F9020002F1020240F3CD8075
S3150801049032F9021F8842B8BF08466245F8D1189A50
S315080104A09846002A4FF000014FF04009009E7CDD76
S315080104B0CDE9097ADA460C9F01932B464FF0000BDA
S315080104C036F9022F121ABA40CAFB023BDB0F5D4A04
S315080104D043EA4B0373449342B8BF13467345A8BF17
S315080104E0734643F3C81202F5807292B204EB420BCB
S315080104F0BBF802B034F8122003F07F03ABEB020B12
S3150801050013FB0B9302EBE31212B2B44528F8022F40
S315080105101144D2D1D346019B099FDDF828A00029B1
S3150801052000F08580B1FA81F29046013A01FA02F2A9
S3150801053002F50052C2F38F32A2F5004040F3C8100B
S3150801054000F5807080B2069E410002F07F0206EB3C
S31508010550400002310088715A091A09B202FB01F1F9
S31508010560039A403100EBE110002A00B20CDD19466E
S31508010570C8F11E0631F8022F12FB00F23241013290
S315080105805210B9420A80F5D10099049A5144009152
S31508010590089901329142049253445744D4447FF452
S315080105A06EAF00200FB0BDE8F08FCDE909370D9F7A
S315080105B0CDF82CA0019036F9023F019A4FF0000AB6
S315080105C09B1A2A46C3FB0B2AD20F42EA4A0252FA5F
S315080105D007F302984CBFDDF81CA0DDF814A0024011
S315080105E09245B8BF013373447345A8BF734643F3B5
S315080105F0C81202F5807292B204EB420ABAF802A056
S3150801060034F8122003F07F03AAEB020A13FB0A93BC
S3150801061002EBE31212B2664528F8022F1144CAD139
S31508010620DDE90937DDF82CA079E73FF438AF0698FC
S31508010630002202214FF0200806468BE74FF0FF30D3
S31508010640B0E700BF0080FFFF2DE9F04F9BB0299C62
S31508010650249D04EBD4772EB2012C4FEA6705914607
S31508010660C6EA064B9C460A9507900E9140F32382EB
S3150801067000210123289A0691002AB8BF033222F0E5
S3150801068003019710289AC8469A4005922C9A0E9DFE
S315080106909A400B92279A279822EAE27209920A4609
S315080106A040420D910C9769182F46079D83401544C2
S315080106B0013B1690289813955D101595821A0135F8
S315080106C02994CDE9185C0C4617931492B8F1000FDA
S315080106D000F0A581D8F8049058F808AB0599289E2A
S315080106E07D180C99079ABB190895002900F0D58041
S315080106F011F003050E4601F1FF3055D0012D37D013
S31508010700022D1AD052F8046B2BFA96FE2BFA86F1B3
S3150801071057F8045B2FFA95F62FFA85F526FB0EAAEC
S3150801072025FB01AA53F8045B2FFA95F62FFA85F5EE
S3150801073026FB0E9925FB0199064652F8040B2BFA5E
S3150801074090FE2BFA80F157F8040B2FFA90F52FFA41
S3150801075080F025FB0EAA20FB01AA53F8040B2FFAF9
S3150801076090F52FFA80F025FB0E9920FB0199013EA1
S3150801077052F8041B2BFA91FE57F8040B2BFA81F158
S315080107802FFA90F52FFA80F025FB0EAA20FB01AA75
S3150801079053F8040B2FFA90F52FFA80F025FB0E99E2
S315080107A020FB0199013E74D05046CDE90148CDF8A8
S315080107B000C0904658F8044B2BFA94FABE462BFA19
S315080107C084F15EF804CB2FFA9CF52FFA8CF425FBFD
S315080107D00A0024FB01049C465CF8040B2FFA90F5E9
S315080107E02FFA80F025FB0A9920FB019051682BFA14
S315080107F091F92BFA81F579682FFA91FA2FFA81F195
S315080108002AFB094421FB0541D3F804A02FFA9AF4DF
S315080108102FFA8AFA24FB09002AFB0509D8F804509D
S315080108202BFA95F4DEF804802BFA85FA2FFA98F05C
S315080108302FFA88F520FB041125FB0A1EDCF8045063
S315080108402FFA95FC2FFA85F82CFB049428FB0A4A03
S31508010850D06810322BFA90F1FC682BFA80F5103724
S315080108602FFA94F92FFA84F829FB01E028FB0500F1
S31508010870DC6810332FFA94FC2FFA84F42CFB01AAB6
S3150801088024FB05A9043E94D1DDE901488246DDF839
S3150801089000C02746289B139A2344289E0D998E4209
S315080108A079DD149D501915F0030604902AD0012EFE
S315080108B019D0022E0BD012F9011B249D17F9010B31
S315080108C013F9016B294401FB00AA01FB069912F9E8
S315080108D0011B249D17F9010B13F9016B294401FB2F
S315080108E000AA01FB069912F9011B249D17F9010BB0
S315080108F013F9016B294401FB00AA01FB0699049926
S315080109008A4248D0CDE90FBCCDE91148D046DDF879
S3150801091090A01146BE469C4693F9014097F903609B
S315080109200194039693F9034011F9016B029491F925
S3150801093001401EF9011B564406FB018892F9015034
S3150801094097F901B05544009505FB0B859EF901E021
S31508010950544404FB0E5B1CF9015B92F9030006FB88
S3150801096005990399504400FB01B8DDE9001601FB1E
S31508010970069B9CF901C0043204FB0CB5029C0437A2
S3150801098000FB0459049804338242C2D1DDE90FBC45
S31508010990C246DDE91148099F4FF080430AFA07F27A
S315080109A04FF0000A2698279EC2FB003A002E4FEA0E
S315080109B0D37141EA4A0335DD002B50DB4FF0804203
S315080109C04FF0000A099F09FA07F9C0FB092AD00F57
S315080109D040EA4A0725992A980B4483420F44B8BF2F
S315080109E003468742B8BF07462B9E069DB342A8BF5A
S315080109F03346B742A8BF37468CF800302C9B0A9875
S31508010A0001350CF80370059A0B9FA8420695144404
S31508010A10BC4441DD089FB8F1000F7FF45BAEC146C7
S31508010A20C2465BE6179D169903EA050A0B4124D4CB
S31508010A3007464FF080420020C7FB0920D60F46EA39
S31508010A40400715983D400F418245159EC8BF0133A1
S31508010A50002FB8BF0136AE42B8BF0137BAE7002545
S31508010A6009994FF0804209FA01F7A946C0FB0729FF
S31508010A70D00F2E4640EA4907EAE701464FF080477C
S31508010A800025C1FB0975FA0F42EA4507169E179D0F
S31508010A9018983D403741D7E7299CC146012CD8BF54
S31508010AA001200E9D0599DDF864C00B9E00FB0152DD
S31508010AB000FB06CC0E92E30740F17D814B46002BE5
S31508010AC000F07D81D9F800E028980028B8BF0330E6
S31508010AD0871008BF384679D017F003003E460E9AAC
S31508010AE0079907F1FF3827D0012813D0022840F0CB
S31508010AF0688151F8048B2BFA98F42BFA88F052F88E
S31508010B0004AB2FFA9AF52FFA8AF925FB04E329FB98
S31508010B10003E013E51F8048B2BFA98F452F804ABC7
S31508010B202BFA88F02FFA9AF52FFA8AF925FB04E3AE
S31508010B3029FB003E013E40D0884658F8044B2BFA63
S31508010B4094FA15462BFA84F055F8049B2FFA99F472
S31508010B502FFA89F324FB0AEE23FB00EA48682BFAED
S31508010B6090F953682BFA80F42FFA93F02FFA83FE43
S31508010B7020FB09A32EFB043AD8F804402BFA94F873
S31508010B806B682BFA84F92FFA93F52FFA83F025FB74
S31508010B9008AE20FB09EACC6810312BFA94F3D06829
S31508010BA02BFA84F810322FFA90F92FFA80F529FBDF
S31508010BB003A425FB084E043EBED10E9A079E02EBFE
S31508010BC0870106EB87030E910793B800289F874292
S31508010BD040F3C6807D4205F0030207F0030458BFBF
S31508010BE05442079A14F0070102EB040862D001295E
S31508010BF050D0022942D0032934D0042926D0052908
S31508010C0018D006290AD00E9B12F901AB249E13F9B6
S31508010C10010BB2440AFB00EE07920E93079F0E9C46
S31508010C2017F9019B249D14F901BBA94409FB0BEE95
S31508010C3007970E94079A0E9E12F901AB249916F995
S31508010C40013B8A440AFB03EE07920E9607980E9C0F
S31508010C5010F9017B249D14F9019B2F4407FB09EE2A
S31508010C6007900E94079A0E9E12F901BB249916F95C
S31508010C70013B8B440BFB03EE07920E9607980E9DDC
S31508010C8010F901AB249F15F9014BBA440AFB04EE8E
S31508010C9007900E950799249A11F9019B0E9E914486
S31508010CA016F9012B414509FB02EE079118BF0A46C1
S31508010CB00E9655D00E992498CDF820C0134691F971
S31508010CC001700091019792F9047091F90360074444
S31508010CD013F9019B0497009F039693F9016017F98D
S31508010CE0013B814409FB03EE92F901C00097019F7C
S31508010CF084440CFB07EC009B064493F9019092F996
S31508010D00035006FB09CE2C180294DDE9026706FB9F
S31508010D1007EC91F9045092F905400595DDE9043689
S31508010D2003FB06C991F905500444079591F906B0E4
S31508010D3092F9065091F907A0069492F90740DDE960
S31508010D40063E03FB0E97054405FB0B750832044462
S31508010D50424504FB0A5E01F10801AFD1DDF820C066
S31508010D604FF080444FF00008279A269822EAE2714C
S31508010D700EFA01F6C6FB0048279FE30F002F43EA48
S31508010D8048000CDC01247D42AC40621E00EA0201E7
S31508010D905610284148BF0136B142C8BF0130259BCC
S31508010DA02A9F1844B842B8BF38462B9DA842A8BF07
S31508010DB028468CF8000000201BB0BDE8F08FCE460F
S31508010DC082E651F8044B2BFA94F552F804AB2BFA48
S31508010DD084F62FFA9AF92FFA8AF329FB05EE23FBF3
S31508010DE006EE464685E600BF2DE9F04F85B00C466E
S31508010DF0DDE91189DDE913AB0E990546039118461C
S31508010E00DDE90F17019200930291FFF719FA009B8A
S31508010E105A68012A1FD1A269012A1CD1DDE90121DB
S31508010E20B0B9A068B8B1DE6806FB00FC1CF0030F78
S31508010E3011D1CDE90F1728462146039CCDE913ABFD
S31508010E40CDE911890E9405B0BDE8F04F00F0BEB8A2
S31508010E5028680028E5D14FF0FF3005B0BDE8F08FCE
S31508010E602DE9F04F90460A6993B0DDE92106002A7B
S31508010E7069D10C464969002965D1E2689D68D3F8AC
S31508010E8000C002FB05F9D0E90227D0F804B0D868FA
S31508010E90BCF1000F00FB09F90A9007FB02FAA068EA
S31508010EA00B974CDD8E460D925A460A99D34601FB9D
S31508010EB000F1CA460C9191467146CDF844C001FB32
S31508010EC005F55A681C98B9F1000F02FB05052DDDD9
S31508010ED00027CDE90EE1109301E0B94523D0636AF5
S31508010EE0284608930C9B209A09930A9B1E990493FA
S31508010EF00B9B013703930D9B55440293236A079372
S31508010F006368069323680593D8F804300193D8F8E3
S31508010F100030009333465E4401F028FC0028DCD0FB
S31508010F2013B0BDE8F08F109BDDE90EE10A9A0EF1C8
S31508010F30010E1144119A724501D09D68BFE7002040
S31508010F4013B0BDE8F08F4FF0FF30E9E78C46096929
S31508010F50002937D110B5DCF814408AB0002C2ED1FF
S31508010F60DCF8081001292AD1DCF80C10012926D150
S31508010F70D968099104911199C9680391D3E90101C5
S31508010F8000FB01F11B6803FB01F1D2E90023029181
S31508010F9001930092DCF82400129B0890DCF82000EB
S31508010FA0109A0790DCF804000E990690DCF8000008
S31508010FB005900C9801F0DAFB20460AB010BD4FF0F7
S31508010FC0FF30FAE74FF0FF30704700BF2DE9F04FC9
S31508010FD00668B7B0419D459C1F96002E00F02882F1
S31508010FE018462E89AD88B0F80C80089505FB06F5DC
S31508010FF008FB05F517950568E3682C962995D0E948
S315080110000165D4E9010C0C692F944C693094D1E936
S3150801101002473197D1E906E709974F6822970F6A80
S3150801102023974F6A096824972B911168259151686E
S31508011030299A2691002A99B22A9140F3FA80B1B2E7
S315080110400F460D9199B23B46AAB202FB03F308FB80
S3150801105003F380B21FFA8CF50026329305FB00F3E1
S3150801106001FB03F3339302FB08F30B92099AA4B22B
S3150801107002FB03F30A9308FB04F31E932C9B3246E7
S3150801108008FB03F30C932B9B1C945B424FFA83FBDF
S31508011090179B774603F0030ACDF89CA046460C46F3
S315080110A0DA460EFB08F92D9019952799002900F0C3
S315080110B02381179B0433581A430018931F9B03EB8C
S315080110C0400321932D9B002B00F0A6804FF0000EC4
S315080110D075461F9BDDF818C11393219BB8462C9FB3
S315080110E00E932E903492CDF8A0E0CDF880C03594B9
S315080110F0199B002B7FD04FF0000B289ABDF8C430FE
S31508011100409902FB03F3BDF8C0200F969B1A0B9A70
S315080111101D9302FB03F3BDF8BC209B1A06FB0314BF
S3150801112053421293179B5B421A93BDF9AC301B933A
S31508011130089B002B00F0D08000221D99944620467A
S315080111400A46CDE91445CDF858B0DDF838E0DDF8A2
S315080111503CB02FB30D9B93426FD95E46734600256B
S315080111608346CDE90E20129CCDF840C0CDF844E067
S31508011170002C02DB0B9AA2427ADC1846324651460B
S3150801118008F0DDFF03460135AF4233444444CB44FE
S31508011190EED1DDE910CEDDE90E20B3460C9B9E4467
S315080111A00A9B0CF1010C1844099B1A44089B6345D8
S315080111B0CFD17046149CCDF838E0CDF83CB0DDE9C6
S315080111C0155B139B189A1A9E194613441393179A7B
S315080111D01B9B0135304401F0AFFF022D4FD01E9BFA
S315080111E01C9A1C44129B0BF1010B13441293199B75
S315080111F09B459DD10F9E209B002B78D0289B2D9A2D
S31508011200013393422893FFF673AF4746349ADDF8C4
S3150801121080C0359C002D71D1409B329901320B4417
S3150801122040933399469B0B444693299B93427FF4FB
S315080112303CAF002037B0BDE8F08F0024754626463E
S315080112405C46F346CDE90E20CDF840C02846224635
S315080112505146013608F073FFB7422544F6D1DDE958
S315080112600E20DE460C9BA346DDF840C09E4497E758
S3150801127018465946324608F0B3FF034683E7209BD2
S315080112801C9A0793449B1F9906932E9B4298059394
S31508011290179B0BF1010B0493229B0193259B00934A
S315080112A01E9B1C44129B13441293BDF990302A9A33
S315080112B00393BDF98C300293269B00F0BDF8199B68
S315080112C020905B450AD01F9B00251393219B0E9303
S315080112D0089B002B7FF430AF0E9872E71F9B002501
S315080112E01393219B0F9E0E93209B002B86D16FF0A3
S315080112F0010037B0BDE8F08F1798DDE6002C8BD0DA
S315080113004FF0000E2799179B01398DB2BDF89C1035
S31508011310C3F38F030E91259910930439013B0F915D
S3150801132026999BB20133A1F1040B0CEB040111912F
S31508011330990012911F99429801EBC30313936B1CF1
S31508011340CDE914381696449B0BB153F80E30109913
S3150801135000296AD0F04612991F9E4118189250F832
S31508011360047B32684FEA372E2FFA87F72FFA8EFE5B
S3150801137027FB0237736808362EFB03738842EED1C2
S31508011380C646189A13980E9E002E4CD091F9006005
S31508011390078817FB063365B191F90160478817FB82
S315080113A006330E9E022E04D0868891F9020016FB9A
S315080113B00033149808180F9E5BF8041F56F8047F2B
S315080113C04FF000080F9621EAE17603FA06F64FF088
S315080113D08043C6FB073800294FEAD37343EA48031B
S315080113E00DDC012649428E40013E03EA06070B4100
S315080113F04FEA660648BF0136B742C8BF013322998C
S315080114000EF1040E0B4423998B42B8BF0B4624995F
S315080114108B42A8BF0B460CF8013B119B9C4592D108
S31508011420DDE91576F8E60846C5E701461F98AAE7F5
S315080114304FF0FF305DE700BF2DE9F04F914697B0B9
S31508011440BDF98840DDF89CA00294BDF98C4002469E
S3150801145003945FEA59049B46259D0B910AEB0908FB
S3150801146000F09E81249B01EB4501002BB8BF033395
S315080114709810631E0C919BB208F1040101EB43031A
S315080114800E930C99249B01EBC00103F00303079308
S3150801149011910AF102030B990493209B01EBC001F8
S315080114A008F1020E08330BF1080C109181000D901A
S315080114B00F91CDF84C8025951946F046104665469C
S315080114C0CDE9149B1294CDF89CA0249BC418269BA5
S315080114D0002B00F026821A46D2F804B0083226926A
S315080114E00D9A1B68002A00F02182DDE90B679446F4
S315080114F0DA461A468146CDE90581CDE908450194C2
S315080115000A90019C59F8040B54F8041B4FEA30253C
S315080115100194D6F800804FEA3124D7F800E02FFA73
S3150801152080F02FFA85F52FFA81F12FFA84F420FB42
S31508011530083320FB0E2221FB08BB21FB0EAA70688B
S3150801154079680836083725FB003325FB012224FB79
S3150801155000BB24FB01AABCF1010CD2D1DDE9084587
S31508011560DDE905810F9E0A9834443044119E05969B
S31508011570109E0196079E002E3CD0019F90F900907F
S31508011580B7F900E094F900C0059F0EFB09330EFB7D
S315080115900CBBB7F900E0012E0EFB09220EFB0CAAC3
S315080115A0069625D0019E90F90190B6F902E094F9C4
S315080115B001C0069E0EFB09330EFB0CBBB7F902E010
S315080115C0022E0EFB09220EFB0CAA11D0019E94F9DC
S315080115D00240B6F90470059E07FB04BBB6F9046020
S315080115E006FB04AA90F9024007FB043306FB042212
S315080115F0079C204455F8086C4FF0000C26EAE6775C
S3150801160003FA07F74FF0804351F8084C002EC7FB41
S31508011610043C4FEAD37343EA4C030DDC01247642BA
S31508011620B440013C03EA040733414FEA640448BF66
S315080116300134A742C8BF0133219C00272344029CD9
S31508011640A342B8BF2346039CA342A8BF2346049CD2
S3150801165004F8023C55F8084C51F8083C24EAE476AB
S3150801166002FA06F64FF08042C6FB0327002C4FEA22
S31508011670D27242EA47020DDC01236442A340013BD0
S3150801168002EA030622414FEA630348BF01339E4239
S31508011690C8BF0132219B00271A44029B9A42B8BF50
S315080116A01A46039B9A42A8BF1A4608F8022C4FF01D
S315080116B0804255F8044C51F8043C24EAE4760BFAC6
S315080116C006F6C6FB0327002C4FEAD27242EA470206
S315080116D00DDC01236442A340013B02EA03062241D1
S315080116E04FEA630348BF01339E42C8BF0132219BBB
S315080116F000271A44029B9A42B8BF1A46039B9A428C
S31508011700A8BF1A46049B03F8012C4FF0804255F8EE
S31508011710044C51F8043C24EAE4760AFA06F6C6FBB8
S315080117200327002C4FEAD27242EA47020DDC012355
S315080117306442A340013B02EA030622414FEA6303DE
S3150801174048BF01339E42C8BF0132219B08F10208F6
S315080117501A44029B08319A42B8BF1A46249B083597
S315080117601844049B02330493039B9A42A8BF1A4662
S315080117700E9B08F8032C98457FF4A7AEDDE91248BD
S31508011780DDE9149B0246209BDDF89CA003EBC4030C
S31508011790259D0AEB440A08EB440820930BEBC40B7E
S315080117A019F0010F00F0B8800B9B03EB450C269B43
S315080117B0002B00F0C2801968249B9C1000F0BF80A2
S315080117C0664627460B4696460B9D0194CDF8108032
S315080117D05EF8040BD5F800804FEA30242FFA80F022
S315080117E02FFA84F420FB0818316820FB0130696858
S315080117F073680835083624FB018124FB0303013F7E
S31508011800E6D1019C0B98DDF8108000EBC4000CEBC7
S31508011810C40C0B9002EB8402249810F003041FD029
S315080118200B9E92F900003588012C15FB0011BCF8B6
S31508011830005015FB003313D092F901007588022C6C
S3150801184015FB0011BCF8025015FB003308D092F9BC
S315080118500220B08810FB0211BCF8040010FB023309
S315080118604FF080400026DBF80050209A25EAE574FF
S31508011870126801FA04F4C4FB0206002D4FEAD0727D
S3150801188042EA46020DDC01216D42A940013902EA0C
S3150801189001002A414FEA610148BF01318842C8BFA8
S315080118A001322199039D8818029A51469042B8BF80
S315080118B01046A842A8BF28464FF08042002401F8E6
S315080118C0010BDBF80000209D20EAE0762D68B34085
S315080118D0C3FB052400284FEAD27343EA44030DDC0F
S315080118E0012240428240013A03EA020403414FEAD7
S315080118F0620248BF01329442C8BF0133219A8A461F
S315080119001344029A9A42B8BF1A461346039A9A4250
S31508011910A8BF1A4688F800200AEB090017B0BDE8E7
S31508011920F08F0D9A9B46002A7FF4DFAD0C9ADA46B2
S3150801193005920B9A01921A461CE619463CE70B4694
S315080119406AE700BF2DE9F04F9FB09DF8A8400293C2
S315080119500B1E1B9413921A9340F358840023179372
S31508011960531EC3180193431E9946DDF8ACB05200C5
S31508011970CDE914BBDFF86C831C92139A99F90170AF
S31508011980012A09F1010340F3B786019913F9012FD9
S315080119909742B8BF17468B42F8D10023CB46CDE90B
S315080119A00337CDF848907FE0C24DC3FB05210029D6
S315080119B005DA6FF00043D3181A4641F10001D20F38
S315080119C04FF0804342EA410200211F468C4602F14C
S315080119D0E242B94DA2F52522A2F26C72C2FB057C40
S315080119E00D9EFD0F45EA4C0516408C4600EA050298
S315080119F01D46B2487240C2FB005C0C9EED0F1640B4
S31508011A00119A45EA4C052A4072401F460E46AC4DCE
S31508011A100B98C2FB0576FD0F45EA460510402C409A
S31508011A2044401A460846A74D04EA0909C4FB05209D
S31508011A30D20F42EA40020EEA020E109A8EEA090E07
S31508011A400EEA02000C461A469F4DCEFB0524D20F1C
S31508011A5042EA44020AEA020A0E9A8AEA000A0AEAEB
S31508011A6002000C461A46994DCAFB0524D20F42EAD2
S31508011A7044020A9C144022464240F220C2FB00312D
S31508011A80DB0F43EA41030F980999024019404A407E
S31508011A9017054FEA223300F11D86039A1A44039269
S31508011AA0019B9B4500F02081049A1BF9013F9B1A73
S31508011AB0299A9A42F4DC289A0298934080EA03020A
S31508011AC0D20F002A15BF42464FF080424FF0FF3130
S31508011AD00021C0FB0321002904DA6FF00040121827
S31508011AE041F10001D20F42EA4106029A9A4200F0F8
S31508011AF0BD804FF08043002746F07F40410101F148
S31508011B008051C1FB0137002FA0EB060005DA6FF003
S31508011B1000429A18134647F10007DB0F43EA4703C9
S31508011B20A3FB0324FF1703FB07F512F1804244EBDD
S31508011B304504002C059305DA6FF0004555192A4628
S31508011B4044F1000401FB07F7D20F42EA4402CC171D
S31508011B5003FB047483EA0105A1FB033707933B469C
S31508011B600694069FC0F3007A3B44C0F34067089386
S31508011B707B1EC0F300670C937B1E97100D9354BF11
S31508011B8001230223069340F34063C0F3807911933E
S31508011B900AF1FF33109309F1FF33C0F3407E0F9327
S31508011BA0C9F1000309930EF1FF33C0F380640E9364
S31508011BB0CEF10003C0F3C06C0A93631EED0F02F069
S31508011BC0030240F30060CAF1000A0CF1FF39CCF1B7
S31508011BD0000E0B936442069B9342B8BF0137002D52
S31508011BE015BF42464FF080424FF0FF350025079B4F
S31508011BF0D218089B43EB0505002D05DA6FF0004363
S31508011C00D3181A4645F10005D20F42EA45023A446D
S31508011C10D30F002B15BF43464FF080434FF0FF35D6
S31508011C2000252B4FC2FB0735002D05DA6FF0004260
S31508011C309A18134645F10005059ADB0F43EA450351
S31508011C401A44531002D4D20748BF01330B44DA0FA2
S31508011C50002A15BF42464FF080424FF0FF3100215E
S31508011C60002E7FF4A1AE4FF4002316E7B2F1004F20
S31508011C707FF43FAF00224FF0FF3301211548164D7F
S31508011C80059016480691CDE907506FF000464FF4C6
S31508011C900037154610469946924614469646CDE9AA
S31508011CA00E33CDE90B33CDE909220D491093119273
S31508011CB00D9390E794A8F5707BBEAF63F2CBA24D66
S31508011CC06CAC162FA4AA5211B72A580211FE0A00A3
S31508011CD0ABAAAA2AF8FFFF0100010040FFFF1F0077
S31508011CE0E0FFFF0F010000C0039B049FDDF8489049
S31508011CF0002B00F00385B3FA83FE03FA0EF303F112
S31508011D00004313F100424FEAE37343F1000352081B
S31508011D1042EAC3726A485B10544200FB0344A2FBC1
S31508011D20001011EB0801204460F100000028164656
S31508011D3005DA6FF000440C19214640F10000C90F7D
S31508011D4041EA400101F15A3101FB03F5C81702FBCB
S31508011D500055A1FB020410F1804045EB0404C00FB5
S31508011D6040EA4400C0F1005080EA0105ED0F00F099
S31508011D70B4844FF0FF354446C1FB0045002DC0F23F
S31508011D80B384E40F44EA4504A400214481EA02002D
S31508011D90C00F002815BF45464FF080454FF0FF3B61
S31508011DA04FF0000B01FB03F4C81702FB0044A1FB2B
S31508011DB0020A4019544444EB0B04002C05DA6FF06F
S31508011DC000454519284644F10004C00F40EA44007D
S31508011DD0C0F1005080EA0104E40F002C15BF444607
S31508011DE04FF080444FF0FF350025C1FB0045002D1B
S31508011DF005DA6FF000402018044645F10005E40FA6
S31508011E0044EA4504B4F1005F80F25A84B4F1604FA4
S31508011E1000F3818401F1004191EA060F40F1108433
S31508011E2001FB03F3C81702FB0030A1FB022312EBE7
S31508011E300802034463F10003002B05DA6FF0004042
S31508011E401018024643F10003D20F42EA43024FF04B
S31508011E50FF304346C2F10052C1FB0230002805DAC1
S31508011E606FF000429A18134640F10000DB0F43EA6F
S31508011E704003B3F1604F00F354844A0001F1004373
S31508011E800492B3F1404F049BD8BF4FF0004304932B
S31508011E901B9B002B00F0EC81139BCEF11B02002B40
S31508011EA0169240F3A08101239340013B149918939C
S31508011EB05B10CA46039119930597CDF8749085E18D
S31508011EC0C4C3C3C3289A0298934080EA0302D20F77
S31508011ED0002A15BF41464FF080414FF0FF320022DC
S31508011EE0C0FB0312002A05DA6FF000400818014604
S31508011EF042F10002C90F41EA4201029A9A4200F0F0
S31508011F008A814FF08043002541F07F44600100F14A
S31508011F108050641AC0FB0035C4F3807909F1FF3299
S31508011F20C4F3007EC4F3006607920EF1FF32C4F3D0
S31508011F30406C0892721E0992002D0CF1FF3206922E
S31508011F4005DA6FF000429A18134645F10005DB0FD2
S31508011F5043EA4503A3FB0327ED1703FB05FB12F130
S31508011F60804247EB4B07002F0B9306DA6FF0004BC5
S31508011F7012EB0B0B5A4647F10007B1FA81F100FB48
S31508011F8005F5D20F42EA4702C9F100070E97CCF1CF
S31508011F900009CEF100074FEAE07C03FB0C5C1297BF
S31508011FA083EA0007A0FB033E4909E644C1F1000C98
S31508011FB001390D91C4F3C06101F1FF3BC4F34071CE
S31508011FC001397642109191100F962CF0004654BFB4
S31508011FD04FF0010C4FF0020CC4F380650A9644F3E6
S31508011FE0C06644F340741194FF0F6C1E02F003029D
S31508011FF00C966D426245C8BF0131002F15BF424696
S315080120004FF080424FF0FF3700279A184EEB07072B
S31508012010002F05DA6FF00043D3181A4647F1000777
S31508012020D20F42EA47020A44D30F002B15BF434693
S315080120304FF080434FF0FF310021974FC2FB073124
S31508012040002905DA6FF000429A18134641F100019A
S315080120500B9ADB0F43EA41031A44531002D4D607FD
S3150801206048BF01330344DA0F002A15BF42464FF031
S3150801207080424FF0FF3100218848C3FB0021002927
S3150801208005DA6FF00043D3181A4641F10001D20F61
S315080120904FF0804342EA410200211E468E4602F174
S315080120A0E2427F48A2F52522A2F26C72C2FB006EBB
S315080120B0099FF00F0F9E40EA4E00174006407E40EA
S315080120C09E460F46774A0698C6FB02E77246D20F26
S315080120D042EA4702304009EA020980EA09091A4632
S315080120E00846714E04EA0904C9FB0620D20F42EAE2
S315080120F04002154008461A4665406C4C0BEA050B2A
S31508012100C5FB0420D20F42EA40020C980D46104046
S315080121108BEA00021846664E089CC2FB0605144067
S31508012120C00F129A40EA450002400D4618464FF084
S31508012130F20C604E6240C2FB0605109CC00F1440AB
S31508012140119A40EA45000240079862401040C2FBD6
S315080121500C310246DB0F43EA41030E9904981940F4
S315080121600D9B4A401A400A9B5A4080EA0203DB0F3C
S31508012170002B15BF43464FF080434FF0FF31002136
S31508012180C2FB0031002905DA6FF000429A1813469E
S3150801219041F10001169ADB0F43EA410353FA02F2B1
S315080121A037D418990B401999994256DAA2F5FF4383
S315080121B047F6FE727F3B934257DC1BB2039A1380A4
S315080121C0134602330393019B9A450AD0059A1AF9D5
S315080121D0013F9B1A299A9A427FF774AE4FF400433E
S315080121E0ECE7DDF87490139A01991C981144019152
S315080121F01499179B014414911599914411441A9AFB
S3150801220001339A42179315917FF4B7AB1FB0BDE816
S31508012210F08F294BD2E7B2F1004F7FF472AE00225C
S315080122204FF0FF34254B4FF400310B934FF0010C5F
S315080122301746A34691461546CDE90844CDE90C242F
S31508012240CDE91122CDE90F241D481E4BDFF878E0B0
S31508012250079406940A920E92CCE6A2F50043002A48
S31508012260ACD047F6FE729342A7DD47F6FF73A5E7A2
S31508012270139BCEF12302002B1692B4DD0123934062
S31508012280013B159918935B10CE468B461993039714
S31508012290CDF874909DE100BFABAAAA2A94A8F5705F
S315080122A07BBEAF63F2CBA24D6CAC162FA4AA52111A
S315080122B0B72A580211FE0A000080FFFFF8FFFF0146
S315080122C0E0FFFF0F00010040FFFF1F00289A029858
S315080122D0934080EA0302D20F002A15BF42464FF007
S315080122E080424FF0FF310021C0FB0321002905DAA6
S315080122F06FF000401018024641F10001D20F42EA80
S3150801230041020299994200F071814FF080430025FC
S3150801231042F07F404401801AC0F340614F1E04F128
S3150801232080544942C4FB04350C9140F34071C0F313
S315080123308066119140F30071013E1091C0F3C061AE
S315080123400E960991C0F3006640F380610F91002D46
S3150801235006F1FF311297C0F3407AC0F300790D9167
S3150801236005DA6FF0004159180B4645F10005DB0FF8
S3150801237043EA4503ED1703FB05F10F46A3FB031CCF
S3150801238011F180414CEB470CBCF1000F0B9304DAB9
S315080123906FF00047C9194CF1000CB2FA82F204FB3E
S315080123A005F50AF1FF37C90F09F1FF3A4FEAE47952
S315080123B003FB095941EA4C0183EA040CA4FB0335E2
S315080123C052094D44C2F10009013A0692C0F38072DE
S315080123D040F3807005908810089729F0004754BF8C
S315080123E04FF001094FF00209013A0792099A0A9733
S315080123F05742099776424FEADC7C01F00301571EE2
S315080124008945B8BF0130BCF1000F15BF41464FF0F1
S3150801241080414FF0FF3C4FF0000CC91845EB0C0CFE
S31508012420BCF1000F05DA6FF00043CB1819464CF1E1
S31508012430000CC90F41EA4C010144CB0F002B15BF13
S3150801244043464FF080434FF0FF300020BA4DC1FBA1
S315080124500530002805DA6FF0004159180B4640F19E
S3150801246000000B99DB0F43EA400319444B1002D4D1
S31508012470CA0748BF01332344D90F002915BF41466E
S315080124804FF080414FF0FF300020AC4CC3FB0410E5
S31508012490002805DA6FF00043CB18194640F1000011
S315080124A0C90F4FF0804341EA400100201A46814690
S315080124B001F1E241A24CA1F52521A1F26C71C1FB02
S315080124C004290D9DD40F44EA49040D4026406E4067
S315080124D01A4605469B49129CC6FB0125D10F41EABE
S315080124E045010C9D34400D4029461A460646614071
S315080124F0954C0E9DC1FB04260D40D40F0F9944EA55
S315080125004604214069401C460546904E099AC1FB7E
S315080125100645E40F44EA45040F402240194604469D
S315080125208B4D7A40C2FB05140AEA020AC90F109AB2
S3150801253041EA440105460A4019464FF0F20C854E18
S315080125408AEA0202C2FB0615089CC90F1440119AB1
S3150801255041EA45010A406240C2FB0C300799DB0F8C
S315080125600A40059943EA40031940069B4A401A4026
S315080125700A9B04985A4082EA0003DB0F002B15BF19
S3150801258043464FF080434FF0FF310021C2FB003133
S31508012590002905DA6FF000429A18134641F1000145
S315080125A0169ADB0F43EA410353FA02F21BD4189930
S315080125B00B40199999423BDAA2F17F037E2B3DDC48
S315080125C05BB28BF80030019B0BF1010B73453FF4AD
S315080125D008AE039A1EF9013F9B1A299A9A427FF778
S315080125E075AE8023EDE76FF07F03EAE7B1F1004F9F
S315080125F07FF48BAE00224FF0FF37574B4FF4003074
S315080126000B934FF00109114694461646BA46CDE991
S315080126101127CDE90F22CDE90D77CDE90922CDE9BB
S3150801262006774E4C4E4B4F4D0C9205920897E7E6AE
S31508012630A2F18003002AC4D07E2BC1DD7F23C0E727
S315080126404FF08040002401FB03F3CD1702FB05334D
S31508012650A1FB022512182B4443EB0403002B05DAD0
S315080126606FF000401018024643F10003D20F42EA08
S315080126704302C2F1005282EA0103DB0F002B15BFA8
S3150801268043464FF080434FF0FF300020C1FB023034
S31508012690002805DA6FF000429A18134640F1000047
S315080126A0DB0F43EA4003B3F1005FFFF6E2AB6FF0DD
S315080126B000431944B1F1804F2FDB0493FFF7E8BBC0
S315080126C06FF00044214491EA060FB9D540464FF010
S315080126D0FF34B8E70133FFF7E0B94FF08044C1FB97
S315080126E00045002DBFF64DAB6FF00040201804469B
S315080126F045F10005FFF745BB3FF44FA94FF0FF36FB
S315080127004FF0200E4FF080454FF0000B324633460E
S315080127101549FFF747BBA400D4E74B000493FFF71D
S31508012720B7BB01EB83035A00B3F1804F0492FFF65E
S31508012730A8AB6FF00043C0E7ABAAAA2A94A8F57024
S315080127407BBEAF63F2CBA24D6CAC162FA4AA521175
S31508012750B72A580211FE0A00F8FFFF01E0FFFF0F32
S3150801276000010040FFFF1F00B6B4B4B42DE9F04FD5
S31508012770A3B01F46DDE92C452F9B8346013B1D93DC
S315080127802F9B8C46012BDDF8B8E0DDF8C4A0189222
S3150801279040F39D821E464FEA6E031B9306FB03F325
S315080127A05B00309E1E93309B6FF003019046103BF1
S315080127B0721E0CEB020623F00F0213460D9602F168
S315080127C0100608460F96359ED14606F11402D3180F
S315080127D014930023891B039130994246411A0291A9
S315080127E035983099BA46C1EB400110910EF00101B6
S315080127F09E461C913099CDE920C749001991211DA2
S315080128000491291D05912F9904324900CDF854C028
S3150801281011911F92CDF868B0309B002B40F37A8452
S3150801282000220D9D11462846159B013B13F9014FC0
S31508012830214410F9014FAB422244F7D101FB09F3B8
S315080128400B9302FB09F30C93189B53B153F82E30E3
S315080128500B9A1A441F9B0B9253F82E300C9A1A4462
S315080128600C921B9A002A00F050842F9BCDE906A2F0
S31508012870013353440893309B0F9A033B0E93159BE0
S31508012880CDE916AE13441293359BDDF868B00433CF
S315080128901393CDF8C490309B0F2B40F3CD820C9E39
S315080128A00B9BB2461F4614980D9A5844511DCDE903
S315080128B00060139ACDF824B05A440298039C4558EF
S315080128C054F8028000EB010E51F8046C04EB020C7B
S315080128D02FFA85F92FFA88F02FFA95F52FFA98F835
S315080128E020FB09332FFA86FB28FB05332FFA96F4CA
S315080128F0009E20FB0B6028FB040052F8046C2FFA9B
S3150801290086F82FFA96F628FB097728FB0BA826FBEB
S315080129100577DEF8049026FB0484DCF804A0D1F8D8
S3150801292000802FFA89F52FFA8AF62FFA99F92FFAE4
S315080129309AFA26FB05332FFA88FB2AFB09332FFA65
S3150801294098F826FB0B062AFB086610682FFA80FA08
S315080129502FFA90F02AFB05752AFB0B4A20FB09552D
S31508012960DEF8089020FB08A0DCF808A0D1F804805E
S315080129702FFA89F42FFA8AF72FFA99F92FFA9AFA80
S3150801298027FB04332FFA88FB2AFB09332FFA98F819
S3150801299027FB0B672AFB087A57682FFA87F62FFA5F
S315080129A097F726FB045426FB0B0627FB0944DEF89A
S315080129B00C9027FB0860DCF80C608D682FFA89FCFF
S315080129C02FFA86FE2FFA99F72FFA96F62EFB0C3375
S315080129D02FFA85F826FB07332FFA95F52EFB08AE55
S315080129E026FB05E6D2F808A000962FFA8AFE2FFAEA
S315080129F09AFA2EFB0C4C2EFB080E2AFB07C72AFB5C
S31508012A0005EA01981032824201F110017FF455AFAF
S31508012A100F9ADDF824B09646129893440E9A964575
S31508012A2080F208828446309ACDE900E0A2F10408D2
S31508012A30A8EB0E0291084C1CA200CDE909120BEB7A
S31508012A4084095CF8040B5BF8042B5CF808102FFA70
S31508012A5080F52FFA82F42FFA90F02FFA92F224FBDE
S31508012A6005332FFA81FE22FB00332FFA91F124FB5D
S31508012A700E6422FB0146359A5A4452F8042C2FFA61
S31508012A8082F42FFA92F224FB057524FB0EA422FB8D
S31508012A90005722FB014ACB45D3D1DDE900E0DDE948
S31508012AA009120EF1040E10440EEB810E309A72458E
S31508012AB055DD825699F9001090F9004002FB01662E
S31508012AC004FB0133359919F9011001FB02AA01FB2F
S31508012AD0047730990EF1010291423CDD359A41188D
S31508012AE091F9014099F9015090F901C04A4404FB52
S31508012AF005660CFB053392F9015005FB04AA05FB93
S31508012B000C77309D0EF10204A54224DD91F90240AD
S31508012B1099F9025090F902C004FB05660CFB0533CE
S31508012B2092F9025005FB04AA05FB0C77309D0EF1BC
S31508012B300304A5420FDD92F9032090F9030091F9E8
S31508012B40031000FB027701FB02AA99F9032002FB95
S31508012B50003302FB0166309AA2EB0E0EF1444FF0E8
S31508012B6080410025059A52F8044C049A24EAE47037
S31508012B7052F8042C8340C3FB0215002C4FEAD1718D
S31508012B8041EA450140F329810029C0F246814FF007
S31508012B90000B4FF080430024D84607FA00F0C2FB29
S31508012BA00034DB0F43EA44030498002705684FF015
S31508012BB08040059A126822EAE274A640C6FB050718
S31508012BC0002A4FEAD07040EA470040F3E8804FF008
S31508012BD0804200260AFA04F4C5FB04260024D20F13
S31508012BE042EA46022646002BB8BF08F10108D84535
S31508012BF0B8BF0133002AB8BF0136A642329CB8BF16
S31508012C0001322144204423442244339CA142B8BFC3
S31508012C102146A042B8BF2046A342B8BF2346A242D6
S31508012C20B8BF2246109C09EB040B349CA142A8BFED
S31508012C302146A042A8BF2046A342A8BF2346A242D6
S31508012C40A8BF2246069C60700898217000F8013CCE
S31508012C50034621460270119A13440893079B1144AF
S31508012C60013B069107937FF416AEDDE916AE1E9B6E
S31508012C70DDF8C490534400931C9B002B40F0E4807C
S31508012C80159B199A0EF1020E134415930D9B0AF121
S31508012C90020A13440D93049B08330493059B0833D6
S31508012CA005931D9B9E45FFF6B7ADDDE920C7DDE916
S31508012CB02C45CA462F9BDDF868B0023B5B0803FB2F
S31508012CC00222DDF8B8E00133944407EB43072F9B52
S31508012CD0DB0760D5BEF1000F5DDD4FF080490020AE
S31508012CE0359B309AA3EB02082F9B4B44013B05EB1E
S31508012CF083020092189A04EB830402EB8303CDE95D
S31508012D0001C3DDF8C0C0189B002B00F00882029BA6
S31508012D10BCF1000F1A6840F30782019B0BEB0C0606
S31508012D20591E1BF9013B11F9015F5344B34505FBD4
S31508012D300322F6D1009B06EB080B1D68002625EA3F
S31508012D40E57102FA01F14A462368002DC1FB032603
S31508012D504FEAD27343EA46030DDC01226D42AA40CB
S31508012D60013A03EA02012B414FEA620248BF0132E6
S31508012D709142C8BF0133329A01301344339A9342C0
S31508012D80B8BF1346349A9342A8BF13463B702F9B8C
S31508012D9086451F44B7D1002023B0BDE8F08F012432
S31508012DA04FF080474FF0000E52429440013C00EA32
S31508012DB0040C66101041C5FB0A7E58BF35464FEA1A
S31508012DC0D77748BF751C47EA4E07AC4504EA07049E
S31508012DD047FA02F2C8BF013005E701204FF08045E6
S31508012DE04FF0000C63429840013801EA00044FEAAB
S31508012DF060081941C2FB075C58BF42464FEAD575C0
S31508012E0048BF08F1010245EA4C05944200EA050B60
S31508012E1045FA03F3C8BF0131C6E687404FF0804340
S31508012E2000204FF0000BC2FB0730DB0FD84643EA00
S31508012E304003B9E6D94639E60C9E0B9BB2461F46B6
S31508012E404FF0000E1598E9E5309B0F2B40F3708182
S31508012E500D9B0F9A029E0533CDF804A0CDF818E014
S31508012E600BEB0208DDE90B1256F803C053F8044CC4
S31508012E70DBF80000F5182FFA8CFA2FFA80F72FFAEB
S31508012E8084FE2FFA9CFC2FFA90F02FFA94F427FB74
S31508012E900A1A20FB0CA127FB0E2720FB04706C687D
S31508012EA01F68DBF804202FFA84FA2FFA82FC2FFA1E
S31508012EB087FE2FFA94F42FFA92F22FFA97F72CFB42
S31508012EC00A1A22FB04A42CFB0E0C22FB07C2D5F816
S31508012ED008E0D3F804C0DBF808702FFA8EF02FFA51
S31508012EE087F12FFA8CFA2FFA9EFE2FFA97F72FFA07
S31508012EF09CFC21FB004027FB0E0021FB0A2127FB36
S31508012F000C14E968DBF80C209D680BF1100B2FFAFD
S31508012F1081FE2FFA82F72FFA85FC2FFA91F12FFA03
S31508012F2092F22FFA95F527FB0E0E22FB01E127FBFC
S31508012F300C4722FB0572C34503F1100394D1CDE971
S31508012F400B120F9A159B1046DDF804A0DDF818E060
S31508012F509C18309B033B834240F3E8802546309B0F
S31508012F60CDE907041F1F3B1A9A08531CCDF804A084
S31508012F70CDF818E0DDF830A0DDF82CE09E0008EB6E
S31508012F80830C099255F8040B58F8043BEA592FFAB1
S31508012F9080F42FFA83F12FFA82FB2FFA90F02FFA99
S31508012FA093F32FFA92F221FB04E423FB004E21FB53
S31508012FB00BA123FB021AE045E4D1DDE90842CDE97C
S31508012FC00BEADDE906E0DDF804A0031D344403EB52
S31508012FD08200309B83423EDD9CF900300B9994F9BF
S31508012FE0002013FB0215309A0C99A2560B9513FB78
S31508012FF00216309A431C9A420C962CDD9CF9013034
S31508013000A11894F9012013FB025591F901200B959A
S3150801301013FB0266309A831C9A420C961BDD9CF9B7
S31508013020023094F90220033012FB035591F902206C
S315080130300B9512FB0366309B0C9683420BDD9CF9BC
S31508013040033094F9032013FB02520B9291F90320E2
S3150801305013FB02630C934FF080420024059B0B9DE2
S3150801306053F8040C049B20EAE07153F8043C8D40A4
S31508013070C5FB032400284FEAD27242EA44050DDC57
S31508013080012340428340013B05EA030205414FEA19
S31508013090630348BF01339A42C8BF01354FF08042E6
S315080130A00024059B0C9E1868049B20EAE0711B68A6
S315080130B08E40C6FB032400284FEAD27242EA440333
S315080130C00DDC012240428240013A03EA0201034132
S315080130D04FEA620248BF01329142C8BF01333299B1
S315080130E0329A0B4433992A448A42B8BF0A468B421C
S315080130F0B8BF0B4634998A42A8BF0A468B42A8BF75
S315080131000B4600990A704B70BAE5DDF868B0CDF840
S3150801311000A0B1E50023CDE90B33FFF795BBBCF160
S31508013120000F1A463FF7F9AD5E4603E6C44650E777
S31508013130D8460020159C0CE7F0B5C3EA034597105D
S31508013140002F2FDD8E4600EB870650F804CB0EF1D3
S31508013150080EB0424FEA3C2425FA8CFC25FA84F481
S315080131604EF808CC4EF8044CEFD101EBC70150429A
S3150801317000F0030002F0030258BF4242002A10DDA4
S3150801318096F900009BB21844012A088009D096F9DD
S315080131900100022A1844488003D096F902201344F4
S315080131A08B80F0BD0646E2E781F0004102E000BFF0
S315080131B083F0004330B54FEA41044FEA430594EAE8
S315080131C0050F08BF90EA020F1FBF54EA000C55EA23
S315080131D0020C7FEA645C7FEA655C00F0E2804FEAF4
S315080131E05454D4EB5555B8BF6D420CDD2C4480EAD6
S315080131F0020281EA030382EA000083EA010180EA06
S31508013200020281EA0303362D88BF30BD11F0004F53
S315080132104FEA01314FF4801C4CEA113102D0404289
S3150801322061EB410113F0004F4FEA03334CEA1333C4
S3150801323002D0524263EB430394EA050F00F0A780DC
S31508013240A4F10104D5F1200E0DDB02FA0EFC22FAD7
S3150801325005F2801841F1000103FA0EF2801843FACB
S3150801326005F359410EE0A5F120050EF1200E012ABC
S3150801327003FA0EFC28BF4CF0020C43FA05F3C018FA
S3150801328051EBE37101F0004507D54FF0000EDCF173
S31508013290000C7EEB00006EEB0101B1F5801F1BD31C
S315080132A0B1F5001F0CD349085FEA30004FEA3C0C20
S315080132B004F101044FEA445212F5800F80F09A8016
S315080132C0BCF1004F08BF5FEA500C50F1000041EB1A
S315080132D0045141EA050130BD5FEA4C0C404141EB1E
S315080132E00101013C28BFB1F5801FE9D291F0000F19
S315080132F004BF01460020B1FA81F308BF2033A3F1C8
S315080133000B03B3F120020CDA0C3208DD02F1140CBE
S31508013310C2F10C0201FA0CF021FA02F10CE002F1F9
S315080133201402D8BFC2F1200C01FA02F120FA0CFCF2
S31508013330DCBF41EA0C019040E41AA2BF01EB04513B
S31508013340294330BD6FEA04041F3C1CDA0C340EDC39
S3150801335004F11404C4F1200220FA04F001FA02F37C
S3150801336040EA030021FA04F345EA030130BDC4F13A
S315080133700C04C4F1200220FA02F001FA04F340EA2F
S315080133800300294630BD21FA04F0294630BD94F0E0
S31508013390000F83F4801306BF81F480110134013DC7
S315080133A04EE77FEA645C18BF7FEA655C29D094EA38
S315080133B0050F08BF90EA020F05D054EA000C04BFB6
S315080133C01946104630BD91EA030F1EBF00210020A1
S315080133D030BD5FEA545C05D14000494128BF41F040
S315080133E0004130BD14F580043CBF01F5801130BDA4
S315080133F001F0004545F0FE4141F470014FF000002F
S3150801340030BD7FEA645C1ABF194610467FEA655CDF
S315080134101CBF0B46024650EA013406BF52EA033581
S3150801342091EA030F41F4002130BD00BF90F0000F6F
S3150801343004BF0021704730B54FF4806404F13204AB
S315080134404FF000054FF0000150E700BF90F0000F64
S3150801345004BF0021704730B54FF4806404F132048B
S3150801346010F0004548BF40424FF000013EE700BF5B
S3150801347042004FEAE2014FEA31014FEA02701FBFEB
S3150801348012F07F4393F07F4F81F06051704732F01D
S315080134907F4208BF704793F07F4F04BF41F4002174
S315080134A0704730B54FF4607401F0004521F00041D2
S315080134B01CE700BF50EA010208BF704730B54FF05C
S315080134C000050AE050EA010208BF704730B511F05D
S315080134D0004502D5404261EB41014FF4806404F195
S315080134E032045FEA915C3FF4D8AE4FF003025FEA1B
S315080134F0DC0C18BF03325FEADC0C18BF033202EB9F
S31508013500DC02C2F1200300FA03FC20FA02F001FAF8
S3150801351003FE40EA0E0021FA02F11444BDE600BF9B
S3150801352070B54FF0FF0C4CF4E06C1CEA11541DBF4A
S315080135301CEA135594EA0C0F95EA0C0F00F0DEF815
S315080135402C4481EA030621EA4C5123EA4C5350EAFA
S31508013550013518BF52EA033541F4801143F480134B
S3150801356038D0A0FB02CE4FF00005E1FB02E506F0DC
S315080135700042E0FB03E54FF00006E1FB03569CF031
S31508013580000F18BF4EF0010EA4F1FF04B6F5007F37
S3150801359064F5407404D25FEA4E0E6D4146EB0606A9
S315080135A042EAC62141EA55514FEAC52040EA5E5032
S315080135B04FEACE2EB4F1FD0C88BFBCF5E06F1ED8DC
S315080135C0BEF1004F08BF5FEA500E50F1000041EB13
S315080135D0045170BD06F0004646EA010140EA0200C0
S315080135E081EA0301B4EB5C04C2BFD4EB0C0541EAE2
S315080135F0045170BD41F480114FF0000E013C00F3F7
S31508013600AB8014F1360FDEBF002001F0004170BD1A
S31508013610C4F10004203C35DA0C341BDC04F1140433
S31508013620C4F1200500FA05F320FA04F001FA05F2BF
S3150801363040EA020001F0004221F0004110EBD3708C
S3150801364021FA04F642EB06015EEA430E08BF20EAB8
S31508013650D37070BDC4F10C04C4F1200500FA04F35B
S3150801366020FA05F001FA04F240EA020001F00041ED
S3150801367010EBD37041F100015EEA430E08BF20EA60
S31508013680D37070BDC4F1200500FA05F24EEA020EA8
S3150801369020FA04F301FA05F243EA020321FA04F0D7
S315080136A001F0004121FA04F220EA020000EBD3708E
S315080136B05EEA430E08BF20EAD37070BD94F0000F8E
S315080136C00FD101F00046400041EB010111F4801FC2
S315080136D008BF013CF7D041EA060195F0000F18BF73
S315080136E0704703F00046520043EB030313F4801FAF
S315080136F008BF013DF7D043EA0603704794EA0C0F69
S315080137000CEA135518BF95EA0C0F0CD050EA41067E
S3150801371018BF52EA4306D1D181EA030101F00041FB
S315080137204FF0000070BD50EA410606BF1046194623
S3150801373052EA430619D094EA0C0F02D150EA01362F
S3150801374013D195EA0C0F05D152EA03361CBF104670
S3150801375019460AD181EA030101F0004141F0FE410F
S3150801376041F470014FF0000070BD41F0FE4141F493
S31508013770780170BD70B54FF0FF0C4CF4E06C1CEA93
S3150801378011541DBF1CEA135594EA0C0F95EA0C0F48
S3150801379000F0A7F8A4EB050481EA030E52EA033503
S315080137A04FEA013100F088804FEA03334FF0805524
S315080137B045EA131343EA12634FEA022245EA111551
S315080137C045EA10654FEA00260EF000419D4208BF02
S315080137D0964244F1FD0404F5407402D25B084FEAAF
S315080137E03202B61A65EB03055B084FEA32024FF45B
S315080137F080104FF4002CB6EB020E75EB030E22BFB8
S31508013800B61A754640EA0C005B084FEA3202B6EB77
S31508013810020E75EB030E22BFB61A754640EA5C0026
S315080138205B084FEA3202B6EB020E75EB030E22BFB6
S31508013830B61A754640EA9C005B084FEA3202B6EBB7
S31508013840020E75EB030E22BFB61A754640EADC0076
S3150801385055EA060E18D04FEA051545EA16754FEAD8
S3150801386006164FEAC30343EA52734FEAC2025FEAF6
S315080138701C1CC0D111F4801F0BD141EA00014FF085
S3150801388000004FF0004CB6E711F4801F04BF014356
S315080138900020B4F1FD0C88BFBCF5E06F3FF6AFAE72
S315080138A0B5EB030C04BFB6EB020C5FEA500C50F102
S315080138B0000041EB045170BD0EF0004E4EEA113185
S315080138C014EB5C04C2BFD4EB0C0541EA045170BD8C
S315080138D041F480114FF0000E013C90E645EA060ED0
S315080138E08DE60CEA135594EA0C0F08BF95EA0C0FFE
S315080138F03FF43BAF94EA0C0F0AD150EA01347FF446
S3150801390034AF95EA0C0F7FF425AF104619462CE71C
S3150801391095EA0C0F06D152EA03353FF4FDAE10467F
S31508013920194622E750EA410618BF52EA43067FF4D0
S31508013930C5AE50EA41047FF40DAF52EA43057FF460
S31508013940EBAE12E74FF0FF3C06E000BF4FF0010C6B
S3150801395002E000BF4FF0010C4DF804CD4FEA410CCF
S315080139607FEA6C5C4FEA430C18BF7FEA6C5C1BD09C
S3150801397001B050EA410C0CBF52EA430C91EA030F1D
S3150801398002BF90EA020F0020704710F1000F91EA7A
S31508013990030F58BF994208BF90422CBFD8176FEA48
S315080139A0E37040F0010070474FEA410C7FEA6C5C16
S315080139B002D150EA013C07D14FEA430C7FEA6C5C1D
S315080139C0D6D152EA033CD3D05DF8040B704700BF49
S315080139D08446104662468C461946634600E000BF97
S315080139E001B5FFF7B7FF002848BF10F1000F01BD69
S315080139F04DF808EDFFF7F4FF0CBF012000205DF834
S31508013A0008FB00BF4DF808EDFFF7EAFF34BF0120B8
S31508013A1000205DF808FB00BF4DF808EDFFF7E0FF51
S31508013A2094BF012000205DF808FB00BF4DF808EDA2
S31508013A30FFF7CEFF94BF012000205DF808FB00BF09
S31508013A404DF808EDFFF7C4FF34BF012000205DF8EB
S31508013A5008FB00BF4FEA410212F5001215D211D533
S31508013A606FF47873B3EB625212D94FEAC12343F06C
S31508013A70004343EA505311F0004F23FA02F018BFEE
S31508013A80404270474FF00000704750EA013005D1B7
S31508013A9011F0004008BF6FF0004070474FF000007A
S31508013AA0704700BF4A0011D212F5001211D20DD586
S31508013AB06FF47873B3EB62520ED44FEAC12343F025
S31508013AC0004343EA505323FA02F070474FF00000CF
S31508013AD0704750EA013002D14FF0FF3070474FF07E
S31508013AE0000070474FEA4102B2F1E04324BFB3F543
S31508013AF0001CDCF1FE5C0DD901F0004C4FEAC00256
S31508013B004CEA5070B2F1004F40EB830008BF20F039
S31508013B100100704711F0804F21D113F13872BCBFF3
S31508013B2001F00040704741F480114FEA5252C2F148
S31508013B301802C2F1200C10FA0CF320FA02F018BF91
S31508013B4040F001004FEAC1234FEAD32303FA0CFCE4
S31508013B5040EA0C0023FA02F34FEA4303CCE77FEA73
S31508013B60625307D150EA01331EBF4FF0FE4040F4BD
S31508013B704000704701F0004040F0FE4040F400006C
S31508013B80704700BF7BB972B90029BEBF00204FF04C
S31508013B90004106E008BF00281CBF6FF000414FF046
S31508013BA0FF3000F029BBADF1080C6DE904CE002900
S31508013BB009DB002B1ADB00F083F8DDF804E0DDE908
S31508013BC0022304B07047404261EB4101002B1BDB25
S31508013BD000F076F8DDF804E0DDE9022304B040429E
S31508013BE061EB4101524263EB43037047524263EB77
S31508013BF0430300F065F8DDF804E0DDE9022304B0CB
S31508013C00404261EB41017047524263EB430300F0C6
S31508013C1057F8DDF804E0DDE9022304B0524263EB0C
S31508013C204303704753B94AB9002908BF00281CBF86
S31508013C304FF0FF314FF0FF3000F0DEBAADF1080C5E
S31508013C406DE904CE00F03CF8DDF804E0DDE9022375
S31508013C5004B0704738B50022002304460D46FFF725
S31508013C60D1FE28B920462946BDE8384000F00AB8F1
S31508013C70204605F1004100F005F8404261EB41019B
S31508013C8038BD00BFD0B500220B4B06460F46FFF7DD
S31508013C9047FCFFF707FF0446FFF7C8FB0022074B5F
S31508013CA0FFF73EFC02460B4630463946FFF780FAD7
S31508013CB0FFF7F8FE2146D0BD0000F03D0000F041B7
S31508013CC02DE9F04F099D0C46002B4DD18A420F462E
S31508013CD084469646B2FA82F360D94BB102FA03FEDC
S31508013CE0C3F120029F4000FA03FC20FA02F21743AF
S31508013CF04FEA1E461FFA8EF44FEA1C42B7FBF6F14D
S31508013D0006FB117701FB04F042EA0742904208D903
S31508013D101EEB020201F1FF3702D2904200F2318115
S31508013D203946121A1FFA8CFCB2FBF6F006FB102272
S31508013D3000FB04F44CEA024C644508D91EEB0C0C52
S31508013D4000F1FF3202D2644500F21E81104640EAB4
S31508013D500140ACEB040C002125B12CFA03F3002237
S31508013D60C5E90032BDE8F08F8B4205D90DB1C5E929
S31508013D70000100210846F5E7B3FA83F100294DD180
S31508013D80A342C0F0F380904280F0F08006462346B5
S31508013D900846002DE6D0C5E90063E3E7002B40F0AD
S31508013DA0A3808A1A4FEA1E471FFA8EF60121B2FB33
S31508013DB0F7F407FB14204FEA1C4242EA004206FBCD
S31508013DC004F090420FD91EEB020204F1FF382CBF12
S31508013DD04FF001094FF00009904203D9B9F1000FDC
S31508013DE000F0CC804446121A1FFA8CFCB2FBF7F09D
S31508013DF007FB102200FB06F64CEA024C664508D979
S31508013E001EEB0C0C00F1FF3202D2664500F2B380BC
S31508013E101046ACEB060C40EA04409DE7C1F12006CA
S31508013E208B4004FA01FE22FA06F720FA06FCF44052
S31508013E308A401F434EEA0C0300FA01FE4FEA17486F
S31508013E404FEA13491FFA87FCB4FBF8F008FB104444
S31508013E5049EA044400FB0CF9A1450ED93C1900F1C5
S31508013E60FF3A2CBF4FF0010B4FF0000BA14503D9C8
S31508013E70BBF1000F00F08B805046A4EB09041FFA32
S31508013E8083F9B4FBF8F308FB134403FB0CFC49EA7A
S31508013E900444A44506D93C1903F1FF3801D2A445C7
S31508013EA07BD8434643EA0040A4EB0C04A0FB0298E6
S31508013EB04445CC46434602D306D1CE4504D2013801
S31508013EC0B9EB020C68EB0703002D6CD0BEEB0C02B4
S31508013ED064EB030422FA01F304FA06F6CC40002146
S31508013EE01E43C5E900643DE702FA03FEC3F120015A
S31508013EF004FA03F200FA03FCCC404FEA1E4720FA03
S31508013F0001F11FFA8EF6B4FBF7F00A4307FB1044DA
S31508013F10110C41EA044100FB06F48C420ED91EEB52
S31508013F20010100F1FF382CBF4FF001094FF00009DC
S31508013F308C4202D9B9F1000F2CD04046091B92B226
S31508013F40B1FBF7F407FB141142EA014204FB06F13F
S31508013F50914207D91EEB020204F1FF3801D29142C0
S31508013F601ED84446521A44EA004120E7861A64EBF1
S31508013F70030301200DE7F44402384AE7023C724480
S31508013F8031E702397244CCE6F4440238DFE60238F6
S31508013F903C4472E702387144D0E7023B3C4481E76E
S31508013FA0023C7244DEE72946DCE600BF2DE9F0470C
S31508013FB08569074600680124C5F1200AA5F120088C
S31508013FC0A0F11001C0F1300EA0F1300C03FA0AFA83
S31508013FD003FA0EFE22FA01F123FA0CFC3E6941EAC4
S31508013FE00E0122FA05FE04FA06F6C5F1200941EA90
S31508013FF00C014EEA0A0E24FA09F9013E01F40040C1
S3150801400004FA08F123FA08F804FA05FC41EA090159
S315080140104EEA080E1CF1FF3806EA0E0441F1FF3993
S3150801402008EA0202002EA8BFB44209EA030300F017
S315080140308C801CB952EA030600F08580BE684CEAFA
S3150801404002020B43A4EB060E1EF10E0F36DA1EF121
S31508014050190F48EA0C0849EA0109C0F2A2800EF1D3
S315080140601904CEF1070628FA04F809FA06F629FA18
S3150801407004F448EA0608AEF1070629FA06F6A14647
S3150801408048EA060803EA040602EA080757EA0604A4
S3150801409021D11EF1190F56D06FF00D01A1EB0E01BA
S315080140A0C1F12004CA4003FA04F42243A1F1200411
S315080140B023FA04F4CB402243002435E04FEA98283A
S315080140C003EA992648EA89584FEA992902EA08072C
S315080140D057EA060455D018F1010849F100094FEAD3
S315080140E058044FEA590A44EAC974B24508BFBC42A2
S315080140F05ED0A41843EB0A031CEB0C0C224649417B
S31508014100644573EB010142D2089900294CD1BEF1ED
S31508014110100F57DC1EF1180F15DB1EF10E0FBBDB56
S315080141200EF10E04A402A4B2A5F10A01CA40C5F112
S315080141302A012A3D03FA01F123FA05F50A432A431E
S31508014140A318034398B2BDE8F08708990029FAD065
S3150801415052EA030103D140F4F840BDE8F087A5F11E
S315080141600A01CA40C5F12A012A3D03FA01F123FAD7
S3150801417005F50A432A43024342F4FC4290B2BDE8DC
S31508014180F0870899D9B1BEF10F0FC9DDE3E76208D7
S3150801419008990EF1010E42EAC3725B080029B6D0EE
S315080141A002E017461E4696E7BEF10F0FB2DDD2E7CB
S315080141B008EA020809EA030A28F0010499E7BEF1A8
S315080141C0100FAADD6FEAD0306FEAC030BBE700BF37
S315080141D030B504460D4683B011462B46224600915A
S315080141E00248FFF7E3FE03B030BD00BF58040408D8
S315080141F00122FFF7EDBF00BF704700BF1FB5144688
S315080142001A46094B05461B68D86854B9074B1C461C
S3150801421000910749CDE901342B4600F0E9F805F08C
S315080142206EFE044BF4E700BFFC2203208258030804
S315080142308504040878040408024B0A4601461868EE
S3150801424003F0A4BFFC22032008B5064B044613B1AC
S315080142500021AFF30080044B1B6803B19847204641
S3150801426003F07FFE0000000024C60220024B01462F
S31508014270186803F085BF00BFFC220320024B0146E4
S31508014280186803F080BF00BFFC22032010B504465E
S315080142900448134620B10A4602202146AFF300809E
S315080142A010BD00BF00000000002310B5044683605E
S315080142B0818119464366C28108228361C0E90033B8
S315080142C0C0E904335C3005F03AFF0D4B24626362A2
S315080142D00C4BA3620C4BE3620C4B23630C4B9C42C5
S315080142E006D003F16802944202D0D0339C4205D12C
S315080142F004F15800BDE8104005F065BF10BD00BFC8
S31508014300E99F01080BA0010843A0010867A001085D
S31508014310ECC40220024A0349034805F047BE00BF20
S31508014320F022032047A401080023032041680C4B0F
S31508014330994210B5044601D006F085F8A168094BE3
S31508014340994202D0204606F07EF8E168064B99426A
S3150801435004D02046BDE8104006F075B810BD00BF70
S31508014360ECC4022054C50220BCC5022010B50B4B73
S3150801437004210B4C0B4A20461A600022FFF794FFD2
S3150801438004F1680001220921FFF78EFF04F1D0002C
S3150801439002221221BDE81040FFF786BF24C602207B
S315080143A0ECC4022015430108014805F00DBF00BF02
S315080143B0EB210320014805F008BF00BFEB210320CC
S315080143C010B50446FFF7F0FF236A1BB1BDE810409C
S315080143D0FFF7F0BF044B2362044B1B68002BF5D192
S315080143E0FFF7C4FFF2E700BF2D43010824C60220E8
S315080143F00EB403B503AB0146054853F8042B006810
S31508014400019300F01FF902B05DF804EB03B07047A1
S31508014410FC220320024B0A460146186805F076BDC0
S31508014420FC22032038B5294B05460C46186818B1F5
S31508014430036A0BB9FFF7C4FFB4F90C30190722D484
S31508014440DA0607D409222A6043F040034FF0FF3009
S31508014450A38133E0580712D5616B41B104F14403D6
S31508014460994202D0284603F08EFE00236363A3898E
S3150801447023F02403A3810023636023692360A389AE
S3150801448043F00803A38123694BB9A38903F4207375
S31508014490B3F5007F03D02146284606F021F8B4F982
S315080144A00C3013F001020AD00022A260626952425E
S315080144B0A261226942B913F08000C5D138BD9907B6
S315080144C058BF6269A260F4E70020F7E7FC220320DF
S315080144D0024B0146186805F04CBE00BFFC220320BA
S315080144E038B50023054D044608462B6003F037FD11
S315080144F0431C02D12B6803B1236038BD28C60220AC
S3150801450038B50446064D0846114600222A601A4661
S3150801451003F034FD431C02D12B6803B1236038BD77
S3150801452028C6022038B50446064D0846114600221B
S315080145302A601A4603F024FD431C02D12B6803B1F5
S31508014540236038BD28C6022038B50023064D044627
S31508014550084611462B6003F00EFD431C02D12B6859
S3150801456003B1236038BD00BF28C6022038B504460A
S31508014570064D0846114600222A601A46F6F794FEA9
S31508014580431C02D12B6803B1236038BD28C602201B
S3150801459070B50D4D00260D4C641BA410A64209D119
S315080145A00B4D00260B4C08F08BFC641BA410A6428D
S315080145B005D170BD55F8043B01369847EEE755F825
S315080145C0043B01369847F2E760230320642303205E
S315080145D06423032068230320002170B555EC104B92
S315080145E025F000420160144906462B468A4220D826
S315080145F0214611431DD01149294061B90022104BAA
S3150801460020462946FEF78CFF0B4621F00042044658
S315080146106FF03501316023F0FF431215316823F439
S31508014620E003A2F2FE3243F07F55114445F400152A
S31508014630316045EC104B70BDFFFFEF7F0000F07F46
S31508014640000050432DE9F04F0D469DB0144698469B
S31508014650064618B1036A0BB9FFF7B2FE6B6ED907A6
S3150801466005D4AB899A0502D4A86D05F0ADFDAB89D1
S315080146701B0701D52B699BB929463046FFF7D2FEA0
S3150801468070B16B6EDC0704D54FF0FF301DB0BDE885
S31508014690F08FAB899805F7D4A86D05F096FDF3E779
S315080146A00023CDF80C804FF00109DFF8B481099396
S315080146B020238DF8293030238DF82A3023469A464F
S315080146C013F8012B0AB1252AF9D1BAEB040B0BD041
S315080146D05B4622462946304605F0AEFD013000F01C
S315080146E0A780099A5A4409929AF80030002B00F0DB
S315080146F09F8000234FF0FF320AF1010A04930793C2
S315080147008DF853301A93CDE90523544605225448AA
S3150801471014F8011B05F020FF049AD8B9D10644BF45
S3150801472020238DF85330130744BF2B238DF85330BC
S315080147309AF800302A2B15D0079A544600204FF0D4
S315080147400A0C214611F8013B303B092B4BD9B0B174
S31508014750079214E0A0EB0803A24609FA03F31343F0
S315080147600493D2E7039B191D1B68002B0391BBBF5A
S315080147705B4242F0020207930793B8BF049223787B
S315080147802E2B0AD163782A2B32D1039B02341A1DA8
S315080147901B6843EAE37303920593DFF8D4A0032267
S315080147A02178504605F0D8FE38B1A0EB0A00402220
S315080147B0049B013482401343049314F8011B062217
S315080147C028488DF8281005F0C7FE00283FD0264B4B
S315080147D01BBB039B073323F0070308330393099B8A
S315080147E03B4409936AE70CFB02320C460120A8E711
S315080147F0002301344FF00A0C19460593204610F898
S31508014800012B303A092A03D9002BC6D00591C4E7F2
S315080148100CFB012104460123F0E703AB2A4604A950
S3150801482030460093114BAFF300800746781CD6D16A
S315080148306B6ED90705D4AB899A0502D4A86D05F024
S31508014840C4FCAB895B063FF51FAF09981EE703ABAE
S315080148502A4604A930460093044B00F00BF8E4E716
S31508014860B4040408BE0404080000000039A20108C3
S31508014870BA0404082DE9FF470F7E914680460C4687
S31508014880782F9A460C9E01F1430207D8622F0AD85F
S31508014890002F00F0DD80582F00F0C38004F1420696
S315080148A084F842703AE0A7F16303152BF6D801A103
S315080148B051F823F00D490108214901089D480108CD
S315080148C09D4801089D4801089D480108214901089C
S315080148D09D4801089D4801089D4801089D48010811
S315080148E0374A0108AF490108EF4901089D480108FF
S315080148F09D480108594A01089D480108AF49010820
S315080149009D4801089D480108F749010833681A1DA1
S315080149101B68326004F1420684F842300123A8E09C
S3150801492031682368081D30601E0601D50D6803E04D
S315080149305D06FBD5B1F90050002D616878DA2D20A6
S315080149400029A16084F843002DDA6D425D480A23E7
S315080149501646B5FBF3F103FB1157C75D06F8017D52
S315080149602F460D46BB42F4D9082B0BD12368DF0726
S3150801497008D5236961689942DEBF302306F8013CF0
S3150801498006F1FF36921B22614B4603AA2146404691
S31508014990CDF800A005F062FC01306FD14FF0FF3071
S315080149A004B0BDE8F08723F004032360CDE721684E
S315080149B03368080653F8045B02D4490648BFADB20A
S315080149C06F2F33603F4814BF0A230823002184F858
S315080149D043106668002EA660BADB216821F004013F
S315080149E02160002DB4D1002EB2D11646BCE723684A
S315080149F043F02003236078273348236884F84570F9
S31508014A001F06316851F8045B02D45F0648BFADB290
S31508014A103160D90744BF43F0200323601DB1102339
S31508014A20D4E72848E9E7236823F020032360F6E75B
S31508014A3024480A23CDE733682568181D6169306063
S31508014A402E061B6801D5196002E06806FBD5198098
S31508014A5000231646236197E7336800211A1D326041
S31508014A601E686268304605F077FD08B1801B6060F4
S31508014A7063682361002384F8433085E72369324656
S31508014A8049464046D047013088D023689B0714D44D
S31508014A90E068039B9842B8BF184681E7012332466E
S31508014AA049464046D04701303FF478AF0135E368BF
S31508014AB003995B1AAB42F1DCEAE7002504F1190612
S31508014AC0F5E700BFC5040408D604040838B5002371
S31508014AD0064D0446084611462B6003F043FA431C6B
S31508014AE002D12B6803B1236038BD00BF28C6022056
S31508014AF038B50023054D044608462B6003F039FAFC
S31508014B00431C02D12B6803B1236038BD28C6022095
S31508014B1008B52DED028BB0EE408A00F0C5FAF0EE2D
S31508014B20408AB0EE480A00F06FF968B1DFED127AF3
S31508014B30B4EEE78AF1EE10FA0BDCDFED107AB4EE8B
S31508014B40E78AF1EE10FA0FD4B0EE680ABDEC028BD3
S31508014B5008BDDFED0B8A01F0BFFB2223B0EE680A20
S31508014B600360BDEC028B08BD01F0B6FB2223DFED25
S31508014B70058A0360E8E700BF1772B142B5F1CFC2F3
S31508014B800000807F0000000008B52DED048BB0EE13
S31508014B90608AB0EE409A00F079FBF0EE408AB4EEF6
S31508014BA0488AF1EE10FA0BD6B5EE409AF1EE10FAF4
S31508014BB017D1B5EE408AF1EE10FA06D1F7EE008A62
S31508014BC0B0EE680ABDEC048B08BDB0EE480A00F0E9
S31508014BD01BF90028F4D0B5EEC08AF1EE10FAEFD52C
S31508014BE025E000F011F988B1F5EE408AF1EE10FAE8
S31508014BF0E6D1B0EE490A00F007F90028E0D0B0EE98
S31508014C00480A00F001F90028DAD010E0B0EE490AA6
S31508014C1000F0FAF80028E7D0B0EE480A00F0F4F8F8
S31508014C200028E1D0F4EE688AF1EE10FA04D601F014
S31508014C3053FB22230360C3E701F04EFB21230360E4
S31508014C40BEE700BF10EE103A1E4923F000428A4221
S31508014C501BD9B2F1FF4F02D330EE400A704700B5B7
S31508014C6083B0684600F048FE00F00300012810D022
S31508014C7002281ED0B0B10120DDED010A9DED000A22
S31508014C8000F0CAF903B05DF804FBDFED0F0A00F086
S31508014C9041B9DDED010A9DED000A00F0BDF9B1EE5D
S31508014CA0400AEFE7DDED010A9DED000A00F032F951
S31508014CB0E8E7DDED010A9DED000A00F02BF9B1EEFA
S31508014CC0400ADFE7D80F493F0000000010EE103A0E
S31508014CD01F4923F000428A421CD9B2F1FF4F02D381
S31508014CE030EE400A704700B583B0684600F004FE0E
S31508014CF000F00300012812D002281FD0B0B1DDED63
S31508014D00010A9DED000A00F005F9B1EE400A03B06B
S31508014D105DF804FB0020DFED0F0A00F07DB9DDED3B
S31508014D20010A9DED000A00F0F5F8F0E70120DDED36
S31508014D30010A9DED000A00F06FF9E8E70120DDEDB3
S31508014D40010A9DED000A00F067F9B1EE400ADEE7B7
S31508014D50D80F493F0000000010B52DED028BB0EECB
S31508014D60408AF0EE608A044601F0B6FA0460B0EEB5
S31508014D70480AF0EE680ABDEC028B10BD00B50022A8
S31508014D8083B080B1094BCDE90023DDE9000100229A
S31508014D900023FEF7EFFC41EC100B222003B05DF86F
S31508014DA004EBFFF7D9BF024BEDE700BF0000F0BFE8
S31508014DB00000F03F38B555EC104B2DED028B22461D
S31508014DC02B4620462946FEF7F3F902460B46FEF71F
S31508014DD0D1FC22462B4641EC180B2046294601F008
S31508014DE081FA50B9B0EE480AF0EE680A2120BDEC06
S31508014DF0028BBDE83840FFF7AFBFB0EE480AF0EEC8
S31508014E00680ABDEC028B38BD10EE103A23F000405B
S31508014E10B0F1FF4FACBF00200120704710B52DED52
S31508014E20028BB0EE408A044601F056FA0460B0EEF1
S31508014E30480ABDEC028B10BD30B1F1EE407A222052
S31508014E4027EE800AFFF7EABFF0EE407A222027EE26
S31508014E50800AFFF7E3BF00BF9FED010AFFF7ECBF2A
S31508014E60000000109FED010AFFF7E6BF0000007081
S31508014E70B1EEC00A704700BF53EC102BC3F30A50BA
S31508014E809C46A0F2FF31132910B5964619DC002974
S31508014E9011DB1F4C0C4104EA0300104316D04FF4F2
S31508014EA0002300200B41634423EA040C63460246AF
S31508014EB043EC102B10BD013103F0004C22D0002029
S31508014EC0F4E7332905DDB1F5806F14D043EC102BD7
S31508014ED010BDA0F213404FF0FF34C4401442F5D080
S31508014EE0C1F1330101208840801828BF03F1010C64
S31508014EF020EA0400DAE710461946FEF75BF941ECA9
S31508014F00100B10BD4CF07F5C00204CF4401CCDE723
S31508014F10FFFF0F0010EE103A23F00043B3F1485F8C
S31508014F202CD2FDEEC07A17EE903A002B60D060EED7
S31508014F30007ADFED316A9FED315ADFED315AA7EE7E
S31508014F40A65A9FED306A9FED307ADFED306AE5EEBD
S31508014F50275AA7EEA56AA7EE867AE7EE876A67EE6D
S31508014F60A66A60EEC00AB6EE007AB7EE000AE7EE68
S31508014F70A60AD7EE870A30EE600A704760EE007A15
S31508014F80DFED1D6A9FED1D5ADFED1D5AA7EEA65AE4
S31508014F909FED1C6A9FED1C7ADFED1C6A1C4A934241
S31508014FA0E5EE275AA5EEA76AA6EE277AE7EE276A5F
S31508014FB066EEA76AD5D9174A934214D803F17F43F7
S31508014FC0B7EE006A07EE103A36EE476AF6EE005A71
S31508014FD060EEC00A97EEA57AE7EEA60A37EE607A82
S31508014FE036EE470A7047B6EE076AB5EE027AEDE77E
S31508014FF0B7EE000A704700BF4ED747ADF6740F31BA
S315080150007CF293B4010DD037610BB6BAABAA2A3D2F
S315080150109999993E0000483F10EE103A23F0004353
S31508015020B3F1485F04D2FDEEC07A17EE903A5BB34E
S3150801503060EE007A9FED155ADFED155A9FED156A58
S31508015040E7EE855ADFED146A9FED147A20EE275AAA
S31508015050A5EEA76AE6EE276AA6EEA77A30B9DFEDCE
S31508015060106AE7EE876AA6EE850A704727EE457A43
S31508015070DFED0C6AB6EE006AA0EE867AD7EE270A4D
S31508015080E5EE260A30EE600A704700BFD3C92E2F17
S31508015090342FD7B21BEF3836010D50B98988083C31
S315080150A0ABAA2ABEABAA2A3E10EE103A23F000425A
S315080150B0B2F1FF4F58D84FEAD37100F09380614897
S315080150C0834200F3898019B15F4B9A4200F28780C7
S315080150D05E4B9A424BD95E4B9A4200F295805D48E7
S315080150E0C1F101035C4A00EB81005B1A02EB810204
S315080150F0D0ED004AD2ED007A70EE644A34EEE70A42
S315080151009FED564A9FED565ADFED565A20EE007A24
S31508015110DFED556A9FED556AA7EE045AE5EE075A83
S31508015120E5EE876AA6EE876AF0EE406AE6EE476A1A
S31508015130002B42D0B0EE007A13F17D0F20EE266ADD
S31508015140B7EE000A37EE667AC6EE076A77EEE67AB2
S3150801515077EEE47A30EE670A4ADB10EE102A02EBA4
S31508015160C35300EE103A704730EE000A7047B2F1A9
S31508015170505F0AD2DFED3E7AB7EE007A70EE277AF3
S31508015180F4EEC77AF1EE10FA58DC60EE007A9FED7C
S31508015190335ADFED335A9FED336AE7EE855ADFED71
S315080151A0326A9FED327AA5EEA76AE7EE866AA7EE1E
S315080151B0A67AF0EE406AE7EEC76AF0EE007A20EECC
S315080151C0266AB7EE007A76EEE76AC6EE267A77EEB3
S315080151D0C07A37EE670A70470020FFF743BE002002
S315080151E0FFF73ABEDFED237A002900FE270A70474A
S315080151F010EE102A6433DFED207A02EBC35300EE7A
S31508015200103A20EE270A70471C4BF0EE404A9FEDF4
S315080152101C6A03EB8103DFED1B6A9FED1B7AD3ED55
S31508015220007AE0EE067AFDEEE77A17EE903AF8EEA6
S31508015230E77AE7EEE64A67EE877A5FE730EE070A2E
S31508015240704700BF1772B142B5F1CF421872B13E2D
S315080152509115853FF4040408EC0404084CBB31336A
S315080152600EEADDB555B38A38610B36BBABAA2A3EC1
S31508015270CAF24971000000000000800DFC04040810
S315080152803BAAB83F8071313FD1F717372DE9F04373
S315080152902DED048B83B0CDED010A8DED000ADDE914
S315080152A0004535F0004610D184F48004640014F5F5
S315080152B0000F3CD9DDED007A9DED017A37EE870ABC
S315080152C003B0BDEC048BBDE8F08324F00047B7F1C9
S315080152D0FF4FB94622DCB6F1FF4FD4BF00230123A5
S315080152E0E3B9002C2ADBB6F1FF4F00F0118198468D
S315080152F0B6F17E5F00F01781B5F1804F00F05C8151
S31508015300B5F17C5F24D1002C22DB9DED000A03B0A8
S31508015310BDEC048BBDE8F043FFF7AABDB4F17E5F8F
S31508015320C8D185F480035B0013F5000FC2D8B7EE28
S31508015330000A03B0BDEC048BBDE8F083B6F1974FC4
S31508015340C0F0F680B6F1FF4F00F0E2804FF0020898
S315080153509DED000A00F00CFCB7F1FF4F00F01F812C
S31508015360B7FA87F35B09002F00F01981B7F17E5F61
S3150801537000F00481E10F013958EA010200F02181A8
S31508015380B6F19A4F40F24481914B9F4240F23E82D8
S31508015390904B9F4200F24782B7EE006A9FED8E7AE4
S315080153A0F5EE004ADFED8D7AF6EE006A9FED8C5A2E
S315080153B030EE460ADFED8B5AA0EE647AB0EE476A04
S315080153C020EE007AE6EE406A27EE267A67EEC76A8D
S315080153D0E0EE056AB0EE666AA0EE256A16EE103AA8
S315080153E023F47F6323F00F0306EE103AF0EE467AB4
S315080153F0E0EE657A76EEE76A25F47F65DDED017AFA
S3150801540008F1FF38BFEE008A25F00F0566EEA76A98
S31508015410F7EE005A58EA010807EE105A37EEC77A2E
S3150801542007EE905A08FE258A66EE277AE7EE066A9F
S3150801543036EEA77A17EE102A002A134622F0004103
S3150801544040F3AD81B1F1864F00F21C8200F0FE8176
S31508015450B1F17C5F00F21E820022104623F47F63BD
S315080154609FED617ADFED612AB0EE003A23F00F0372
S31508015470DFED5F3A9FED5F4AB7EE000A06EE103A96
S315080154809FED5D2ADFED5D4A76EE677A9FED5C5A00
S3150801549026EE077ADFED5B5A76EEE76AF0EE477A93
S315080154A0E6EEA27AB0EE677AA6EE237AF0EE472AFE
S315080154B067EE076AE6EE632AB0EE446AA6EE826AEA
S315080154C077EEE27AE7EE277AE6EE264AB0EE456A05
S315080154D0A4EEA66AE6EE265AB0EE476AA5EEE66A95
S315080154E067EE065A36EE436AC5EE866A76EEE77ABF
S315080154F077EEC77A30EE670A10EE103A1344B3F521
S31508015500000FC0F28D8100EE103A20EE080AD7E6A8
S31508015510B7F17E5F3FF40BAF1CD8002DC0F2328184
S315080155209FED390ACCE6002D21DB9DED000AC7E681
S31508015530B6F17E5F16D3F215C2F1960246FA02F16A
S3150801554001FA02F2B2427FF4D2AE01F00101C1F1D1
S315080155500208CDE69FED2C0A002DDDED017A27FE26
S31508015560800AADE6B5F1804F26D09846F0E6F7EE0B
S31508015570007A9DED007A87EE870AA1E6002D03DA07
S31508015580F7EE007A87EE800A002CBFF699AEB8F1DD
S31508015590000F0AD170EE407A87EEA70A90E6002D31
S315080155A0C0F2F580002CBFF68BAEB8F1010F7FF47F
S315080155B087AEB1EE400A83E6DDED007A27EEA70A4B
S315080155C07EE6DDED007A77EEE77A87EEA70A77E6DB
S315080155D0F3FF7F3F0700803FABAAAA3E3BAAB83F2D
S315080155E070A5EC3600AAB83F8CBEBF351872313F9C
S315080155F00072313F0EEADDB54CBB313355B38A38FB
S31508015600610B36BBABAA2A3E000000000000804BA6
S3150801561014F0FF4F40F0F8805FED047A6FF017023F
S3150801562060EE277A17EE909AC9F316034FEAE95006
S315080156309F4C7F38A342104443F07E5240F3DC80EE
S315080156409C4CA34240F3F980DFED9B3AF7EE005AF2
S315080156500130A2F50002F0EE632A002406EE902A34
S3150801566007EE900AB7EE005A5310B8EEE77ADFED67
S31508015670939A76EEA57A43F0005336EEE56ADFEDA6
S31508015680908A03F580239FED8F8A85EE279A9FEDF1
S315080156908E0A23449FED8D5ADFED8D0A07EE903A67
S315080156A08C4B9FED8D1A77EEE55ADFED8C1AF0EEED
S315080156B0084A9FED8B4A36EEE52AF0EE485A26EE61
S315080156C0093A63EE036A13EE102A1A40E6EEA98A2E
S315080156D0E8EEA65AA5EEA60AF0EE455AB0EE645AC9
S315080156E0E0EE265AE5EEA60A66EEA65A06EE902AD8
S315080156F0A6EEE76A73EE267AA6EEA65AA6EEC26A61
S3150801570026EE096A67EE867AE5EEA07A75EE275ADD
S3150801571015EE902A1A4005EE902A75EEE44AE6EE51
S31508015720E64A77EEE47A67EE837AE6EE257AB0EE14
S31508015730675AA6EEA55A15EE102A1A4005EE102A42
S31508015740B0EE456AA6EEE56A77EEC67A67EE817A25
S31508015750E5EE217A77EEA27AF0EE676AE5EE046A5B
S3150801576076EEA36A76EE876A16EE902A1A4006EE58
S31508015770102A36EE477A37EE637AA5EE447A77EE43
S31508015780C76A39E6DDED017AB1EE670A98E5F7EE03
S31508015790007A002C87EE800ABFF692AD05E75148DC
S315080157A081427DD87FF454AE37EE677AB4EEE67A55
S315080157B0F1EE10FA74DA4FF4004414444A4B002A05
S315080157C0C4F3C751C4F31600A1F17F0140F40000E8
S315080157D043FA01F3C1F1170103EA040340FA01F0A0
S315080157E007EE103AB8BF404277EEC77AC20536EEE1
S315080157F0A77A17EE103A31E6DFED2F3AF7EE005A9F
S315080158000024F0EE632A29E71A460DE7002D0CDB82
S31508015810002003B0BDEC048BBDE8F043FFF71CBBC9
S3150801582000F0AEF971E6002DF2DD002003B0BDEC03
S31508015830048BBDE8F043FFF715BBF7EE085ADFED19
S315080158402B3ADFED2B2A4FF4001407E79FED296A5F
S3150801585037EE677A36EE866AB4EEC76AF1EE10FA63
S3150801586010DC02F50042204BD115C2F316007F3930
S3150801587040F400000B41C1F117011340084107EE3E
S31508015880103AB1E7B5EEC08AF1EE10FA4CBF012025
S315080158900020CBE7CB154FF400047E3B1C418CE777
S315080158A0B5EEC08AF1EE10FA4CBF01200020B0E730
S315080158B071C41C00D6B35D000000000042F1533EDE
S315080158C055326C3E05A38B3EABAAAA3EB76DDB3EAD
S315080158D09A99193F00F0FFFF4F38763FA0C39D36CE
S315080158E00038763F00001643000080FF00C0153FD0
S315080158F0DCCFD1353CAA383310EE103A8C4A70B554
S3150801590023F0004486B00546944268D9894A1E4662
S3150801591094421BD8884A002BDFED887A884902EA27
S31508015920030240F3E5808A4270EE677A64D0DFEDC0
S31508015930856A37EEE67A77EEC77A77EEE67A012058
S3150801594085ED007AC5ED017A06B070BD7E4A9442AE
S315080159505FD9B4F1FF4F48D2E215DFED7C6A863A8A
S31508015960A4EBC25307EE903ABDEEE77AB8EEC77AD2
S3150801597077EEC77A8DED037A67EEA67ABDEEE77AFA
S31508015980B8EEC77A77EEC77A8DED047A67EEA67A0E
S31508015990F5EE407ACDED057AF1EE10FA40F0A380E6
S315080159A0B5EE407AF1EE10FA0CBF012302236849DD
S315080159B003A8019102210091294600F051F9002E10
S315080159C0C2DA95ED007A4042D5ED017AB1EE477A11
S315080159D0F1EE677A85ED007AC5ED017AB4E7002222
S315080159E085ED000A42600020AEE770EE407AC0ED10
S315080159F0017AC0ED007AF6E79FED567ADFED566A31
S31508015A0077EEC77A37EEE67A77EEC77A77EEE67AF1
S31508015A1095E700F0ADF8F6EE007ADFED506A9FEDF6
S31508015A20476AE0EE267A9FED477AFDEEE77A17EEAA
S31508015A30900AF8EEE76A1F28A6EEC60A66EE877A86
S31508015A40B1EE666A1EDC464B411E464A334052F8A1
S31508015A502120934216D030EE677A30EE470A002E9F
S31508015A6085ED007A30EE670A85ED010ABFF66CAF5F
S31508015A70B1EE477A4042B1EE400A85ED007A85EDEE
S31508015A80010A61E730EE677AE21517EE103AC3F3B9
S31508015A90C753C3EBD453082BDFDDF0EE405A9FED15
S31508015AA02D7A9FED2D5AE6EE075A70EE657AE6EEE7
S31508015AB0077AD6EE857A35EEE77A17EE103AC3F30A
S31508015AC0C753D21A192A10DDB0EE650A9FED267A58
S31508015AD09FED265AA6EE070A75EEC07AE6EE077A14
S31508015AE0D6EE857AB7E7032361E7B0EE650AB4E730
S31508015AF08A4270EE277A0ED0DFED126A37EEA67A61
S31508015B0077EEC77A77EEA67A4FF0FF3085ED007A01
S31508015B10C5ED017A18E79FED0F7ADFED0F6A77EE8B
S31508015B20877A37EEA67A77EEC77A77EEA67AEBE723
S31508015B30D80F493FE3CB1640F0FFFF7F800FC93FDF
S31508015B40D00FC93F43443537800F4943000080438E
S31508015B50840504080044353708A3852E84F9223FB5
S31508015B6000FFFF7F0405040800A3852E32318D242A
S31508015B7010EE103A23F0004300EE103A704700BFCA
S31508015B8010EE103A33F000411A4626D0B1F1FF4F14
S31508015B9020D213F0FF4F21D1DFED2A7A2A4A60EE8F
S31508015BA0277A904217EE903A31DB4CF2503CC3F318
S31508015BB0C7511A466045A1F1190114DDDFED237AB3
S31508015BC0002B9FED237AB0EE670A67FE877A27EEE8
S31508015BD0800A704730EE000A704770474CF2503C15
S31508015BE0C90D6045EADC0144FE29E7DC002915DC1C
S31508015BF011F1160F19DB193122F0FF429FED150A33
S31508015C0042EAC15207EE902A27EE800A7047DFED75
S31508015C10127A07EE103A27EE270A704722F0FF425A
S31508015C2042EAC15300EE103A7047DFED0B7A002BBA
S31508015C309FED0A7AB0EE670A67FE877A27EE800A31
S31508015C40704700BF0000004CB03CFFFFCAF2497123
S31508015C50CAF249F1000000336042A20D6042A28DEA
S31508015C602DE9F04F0C4611461E468146944A771E89
S31508015C702DED048BDBB06898049323460C1D52F86E
S31508015C802050C0F2A582CA1E48BF0A1DD21003922F
S31508015C900132D2000692069AEE190398A1EB020286
S31508015CA0A0EB070017D401369FED867A1EAC9E46F7
S31508015CB00644DDF8A4C10028F0EE477A05DB5CF856
S31508015CC0203007EE903AF8EEE77A0130E4EC017AF3
S31508015CD0B042F0D17346002DC0F2D68204981EACAC
S31508015CE00DF58C7C04EB800605EB000E4FEA800867
S31508015CF03C4609EB8000002FDFED727A09DBB346DB
S31508015D00CA46FAEC016A3BED017A8245E6EE877AE4
S31508015D10F7D101340436ECEC017A7445EBD10DF177
S31508015D20280A09EB08049FED699AAB460AEB850038
S31508015D30DFED658A46AE0AEB8508043801950590BC
S31508015D401046CDE907315AABBBF1000F03EB8B03C4
S31508015D5013ED140A16DD06EB8B03524660EE097A3B
S31508015D6073ED016AB0EE407AB342FDEEE77AF8EEDA
S31508015D70E77AA7EEE87A37EEA60ABDEEC77AA2EC6D
S31508015D80017AEBD10290FFF7FBFEF4EE007AB0EE52
S31508015D90408A20EE270A00F09BFAF2EE007A029872
S31508015DA0A0EE678A0028FDEEC89AF8EEE97A38EE81
S31508015DB0678A6CDD0BF1FF35C0F10803C0F10701F5
S31508015DC019EE90EA5AF8252042FA03FC0CFA03F375
S31508015DD0E644D21A09EE90EA42FA01F14AF8252078
S31508015DE0002900F34881B5EE408AF1EE10FA40F039
S31508015DF0B780019B9B450BDD0AEB8B03002253F809
S31508015E00045D434542EA0502F9D1002A40F053816F
S31508015E10019B013B5AF82330002B40F04381059B37
S31508015E20012153F8042D0131002AFAD00BF1010E94
S31508015E305944F446049B039A5B446FF0404B724401
S31508015E4006EB8E0E9344699A02EB8B0B1EAA02EBA4
S31508015E508305DBED017A002F0BF1040BF8EEE77AE7
S31508015E60E5EC017ADFED177A09DB2A464B46F3ECB6
S31508015E70016A32ED017AA342E6EE877AF7D10CF18F
S31508015E80010CEEEC017A6145E3DA8B465BE740F0FB
S31508015E90E8800BF1FF335AF82310C9110029A2DD56
S31508015EA019EE903ABBF1000F03F1010309EE903A9E
S31508015EB040F3EE810025D446864602912A4616E02D
S31508015EC0C808040800000000000080430000803B69
S31508015ED0013541F8040CAB4540F3E9800B680135FF
S31508015EE0C3F1FF030122AB454CF8043C0FDD6146C3
S31508015EF051F8043B002A40F0B2800CF1080CC3F5B6
S31508015F008070002BE4D101358C46AB45EFDC029954
S31508015F10704600280CDD012800F0BB80022807D155
S31508015F200BF1FF355AF8253003F03F034AF82530BF
S31508015F3002297FF458AFB7EE000A30EE488A002AE4
S31508015F403FF451AF09910290FFF71AFE38EE408AE5
S31508015F5002980999B5EE408AF1EE10FA3FF449AF75
S31508015F60079B8846019DB0EE480A08990193069B4E
S31508015F700290581AFFF704FE5FED2D6AF0EE407A9B
S31508015F80B4EEE60ADDE90132F1EE10FAC0F2488113
S31508015F901FED327A0BF10104083220EE077ABDEEC5
S31508015FA0C77AB8EEC77AE7EE667ABDEEC77AFDEE2E
S31508015FB0E77A17EE901A4AF82B1017EE101A4AF8D4
S31508015FC02410B7EE000A10460193FFF7D9FD002CFD
S31508015FD0B0EE407A019BC0F24D81601C46AE5FED82
S31508015FE0456A81000AEB800206EB800072ED017AB0
S31508015FF0F8EEE77A524567EE877A27EE267A60ED5C
S31508016000017AF3D10A1F46A8002D4FF0000600EBCE
S3150801601002079E4620DBAC4B3846DFEDAC7A002200
S3150801602001E0B24208DC0132F3EC016AB0EC017A14
S315080160309542E6EE877AF4DA5AABA6424FEA860C1F
S3150801604006F1010003EB8602A7F1040742ED287A5F
S3150801605049D0002D0646DEDADFED9C7AECE78C4660
S315080160603DE7F6EE007AB4EEE78AF1EE10FA80F231
S31508016070A4800021B7E67346BBF1000F03F10103C3
S3150801608009EE903A3FF716AF01284FF000027FF468
S3150801609045AF0BF1FF355AF8253003F07F034AF86F
S315080160A0253045E70BF1010EF4467146C2E6029921
S315080160B0704601222DE70BF1FF348846019DA0F1B8
S315080160C008025AF82410079B00297FF47AAF6FF06B
S315080160D0404159440AEB810151F8040D013C083A43
S315080160E00028F9D06DE7689A7346022A1BDC002A54
S315080160F073DC0FD132AADFED757A114431ED017ADD
S31508016100914277EE877AF9D142460AB1F1EE677A7A
S31508016110C3ED007A19EE903A03F007005BB0BDECC7
S31508016120048BBDE8F08F689A032AF3D1002C00F09E
S31508016130BB8032A9A6008C4401EB84009CED007A51
S31508016140054655ED017AF0EE476A2A46043D37EED3
S31508016150277AA94277EEC77A02ED017A77EEA67A0F
S31508016160C2ED007AEDD1012C00F09E809CED007AFB
S3150801617070ED017AF0EE476A37EE277A824277EEBA
S31508016180C77A80ED007A77EEA67AC0ED017AEFD16B
S31508016190301D0432DFED4D7A014431ED017A8A4230
S315080161A077EE877AF9D14246002A41D13299339A54
S315080161B0C3ED027A19605A60ACE719EE903ABBF161
S315080161C0000F03F1010309EE903A4DDD022171E654
S315080161D008220692002203925DE532AADFED3B7A98
S315080161E0114431ED017A8A4277EE877AF9D142462E
S315080161F07ABB9DED327AC3ED007A77EE677A64B1A0
S3150801620033A901220132B1EC017A944277EE877AF9
S31508016210F8DA42460AB1F1EE677AC3ED017A79E70F
S31508016220FDEEC07A5C4617EE901A4AF82B10C8E6BE
S31508016230DDED326AF1EE677A9DED337AF1EE666A43
S31508016240B1EE477AC3ED027AC3ED006A83ED017AAE
S3150801625060E7B1EE677ADDED326A76EEE77A83EDCD
S31508016260007A002CCCD1D6E7F7EE007A022137EE78
S31508016270C88AB8E5689A022A12DC002A17DC7FF474
S3150801628049AFDFED127A3FE704984FEA800846E501
S3150801629002297FF4A8ADF7EE007A37EEC88AA2E59F
S315080162A0689A032A7FF436AFDFED087A7BE7424620
S315080162B022B90022DDED327A1A60AEE74FF00042CC
S315080162C0DDED327A1A60A6E79C0804080000000092
S315080162D0BBFE400A704700BF014B1868704700BFF4
S315080162E0FC2203204FEA410C7FEA6C5C02D150EA9A
S315080162F0013C0AD14FEA430C7FEA6C5C02D152EAAF
S31508016300033C02D14FF0000070474FF0010070477F
S3150801631000231A4630B544689C4245DC8368B0F9C7
S315080163201C10DA40C1F58074436924B254435943B9
S31508016330CB17611843EBE473C90941EA436101319B
S315080163404FEAE31343F10003490841EAC371B0F97F
S315080163501E304161C3F5807424B2544382695343A4
S31508016360DA17E31842EBE472DB0943EA42630133C5
S315080163704FEAE21242F100025B08C46843EAC273BB
S3150801638083615210ACB9B0F920406243E51703FBAB
S315080163900522A4FB03431A44240B44EA0254A142EE
S315080163A001DA0123C36030BD51F8235001332A4471
S315080163B0B2E7B0F922406243E51703FB0522A4FBC5
S315080163C003431A44240B44EA0254A142C2BF0022E1
S315080163D00123C0E90323E6E70023C0E90533C0E941
S315080163E0033370472DE9F04187880E888E46F61BE0
S315080163F094460127B0F90850C48814FB05F4A41380
S31508016400013406EB640414809F420ADB03F100435E
S31508016410013B31F91310818032F91330C380BDE88D
S31508016420F081F046BCF90040BEF802606C43B8F84A
S315080164300080A4130134A6EB080606EB64040EF1EA
S31508016440020E2CF8024F0137DEE70023436070473E
S31508016450D0ED017AFEEEE87A03680B6017EE903A02
S315080164600B8100234B60704730B5D0E9013502EB4B
S31508016470830201EB8301AB4201F1040100DB30BD6C
S3150801648031F9024C31F9040C644300FB0040013335
S3150801649042F8040BEFE72DE9F04FC36887B0029382
S315080164A00369076A03934369059104930368019392
S315080164B000231A461D460199994202DA07B0BDE83A
S315080164C0F08F91460022029CAC4634F913E0039CF6
S315080164D0154634F913608469059904EB460AC469BB
S315080164E001EB8E0E04EB4606049C34F913B01446F0
S315080164F05C4505DB47F8089B47F804CC0133DAE726
S315080165003AF914805EF82410C1FB089C36F9148008
S315080165100134C1FB0825EBE72DE9F74F00274FF0BA
S3150801652000480368006A0191009300F10809009B7D
S315080165309F4202DB03B0BDE8F08F59F8086B59F8A2
S31508016540045C35BB314616B3B6FA86F22B4642F0E1
S31508016550010228FA02F4C2F11F0252101D198D42D6
S315080165604FEA53039CBF1B19491B013A4FEA94048E
S31508016570F4D2994204D94FF6FF72934218BF0133F8
S315080165809BB2019AD34040F827300137CFE733460B
S31508016590F7E7B5FA85F242F00102C2F12001A2F14C
S315080165A0200328FA03F308FA01F1194300231C46CC
S315080165B028FA02FCC2F13F02521013EB010E4CEB12
S315080165C0040A76454FEA530375EB0A0B43EAC4738B
S315080165D04FEA540407D3B6EB0E0E764665EB0A0569
S315080165E05B184CEB04048908013A41EA8C714FEABD
S315080165F09C0CE2D2B34274EB0505C2D2002C08BF4B
S315080166009342BED00133BCE7026800210132006A19
S31508016610D20003F094BD2DE9F3410C4608990646CC
S315080166200091204604F1A80100F0FAF8002844D0A8
S31508016630B4F918506169B5FA85F5113D2A4604F190
S315080166401C00EBF797FED4F8208004F12C0742468C
S3150801665041463846FFF708FF41463846FFF71BFF14
S3150801666029463846FFF758FFD4F88430054623B142
S31508016670014604F18400FFF74BFE236D23B1294639
S3150801668004F1500000F03BF8A36E23B1294604F14A
S31508016690680000F0A0F8A36A2946B3FA83F3E26A10
S315080166A0C3F1190304F17C00EBF72AFDE36AC6E995
S315080166B00003304602B0BDE8F0810346F7E710B59E
S315080166C0044600F000F904F11C0000F00EF904F18B
S315080166D02C00FFF799FF04F1500000F047F804F188
S315080166E0A800FFF7B2FE04F18400BDE81040FFF7E9
S315080166F073BE03680B60436801204B6070472DE940
S31508016700F041002507690439AF4201DCBDE8F08193
S31508016710EB07D0F814E054BFB0F80880B0F80A8047
S315080167205EF82530C8F58042A2FB0326D0F804C0DE
S3150801673051F8044F04FA0CF4E4FB0826930B43EAD8
S3150801674086434EF8253082890E689C42A2FB0626AE
S3150801675094BF241BE41A920B42EA864224FA0CF3EC
S3150801676093422CBF0B600A600135CDE7026900210F
S315080167704069920003F0E3BC022830B502D831F92A
S31508016780100030BDB0FA80F4C4F12003DA000A2BF8
S31508016790A2F10C0201EB0205D5BF153C0B3BA0404B
S315080167A0D840AC88C0F3090014FB00F4B5F90230EF
S315080167B05B0103EB641358438B5E00F5804003EBE2
S315080167C0E03000B2DDE7B0F5005F39BF4043000DA8
S315080167D0800940387047F8B50446002687680D1FBA
S315080167E0B74200DCF8BD6368E16853F82600FFF795
S315080167F0C3FF55F8042FD4F810C0A0FB0232CCF120
S315080168002001ACF1200023FA0CF302FA01F10B4343
S3150801681022FA00F01843FFF7D6FF01362860DFE7B2
S315080168202DE9F04104460846266811462269B51A3B
S315080168309D4228BF1D46E36803EB420C28B3036853
S315080168401BB32B466246FFF7CDFD069B1D602369E8
S3150801685022681D449542256133D300273D46D4F865
S3150801686004E0E068D4F81480B54213DBA168521A33
S31508016870520000EB410103F048FC01202369A2689C
S3150801688027839B1A2361BDE8F08160466A0003F0FD
S31508016890A7FCDAE730F815303EF8151013FB01F1BD
S315080168A041F30F33002B4FEA213C28F81530BCBFC2
S315080168B0CCF100031BB2BB42B8BF3B4601351FB240
S315080168C0D2E70020DFE710B504460268002152002E
S315080168D0C06803F034FC226800216069520003F0A5
S315080168E02EFC00232361238310BD10B50446C2681C
S315080168F000215200006803F022FCE2686068520831
S3150801690001320021BDE81040920003F018BC037F54
S31508016910092B05D181694FF493720069EBF74ABFD8
S3150801692021207047EBF7C6BE836B10B50BB9EBF7A1
S31508016930A5FF5421BDE810401847002908B501DA1A
S31508016940EBF79CFF03688B42FADD00EB8100406898
S3150801695008BD034601680022012010B5914200DCFA
S3150801696010BD53F8044F01326043F7E7F8B51546F1
S31508016970126804469142016001DAEBF77FFF064689
S3150801698000208F1AB84208D1231D9200291D03EB56
S31508016990800003F025FC2046F8BD8842EDDA46F86A
S315080169A0043F0130EEE770B51446936992681144C5
S315080169B0626801FA03F510449840D4E90712EBF727
S315080169C065FFD4E9091206462846EBF75FFFD4E9C5
S315080169D004123044EBF75AFFE3681844E36A984215
S315080169E0B8BF1846236B9842A8BF184640B270BD77
S315080169F02DE9F04303680C680D469C42B8BF1C4656
S31508016A000423062C16468FB0137001DDEBF736FF0B
S31508016A100246012321466846FFF7A8FF01232A46B5
S31508016A20214607A8FFF7A2FF009A079B9A420AD1B7
S31508016A30920008A901A803F058FB20B90123337075
S31508016A400FB0BDE8F083013C2546002D10DB294631
S31508016A506846FFF772FF2946074607A8FFF76DFF45
S31508016A60874201D1013DF0E7012F24D1022333707A
S31508016A7033789A1E012AC9D80125032B0CBF6F4604
S31508016A80E846C6E91555C6E917550CBF0DF11C08A8
S31508016A9007AF002C75665ADB21464046FFF74DFFC6
S31508016AA0214681463846FFF748FF814507D109FB4C
S31508016AB005F5013CEDE7012849D10323D7E7002C69
S31508016AC045DB21464046FFF738FF012808D1214614
S31508016AD03846FFF732FF336E013C43433366EEE730
S31508016AE0621C0FD021464046FFF727FF214605467F
S31508016AF03846FFF722FF854204D1F36D013C6B430B
S31508016B00F365EDE7002C22DB21463846FFF715FF32
S31508016B10012808D121464046FFF70FFFB36D013C16
S31508016B204343B365EEE7631C11D021464046FFF7A0
S31508016B3004FF214605463846FFF7FFFE854204D184
S31508016B40736D013C6B437365EDE7042333700120D4
S31508016B5076E7F8B506460524012701F11805214609
S31508016B603046FFF7EAFE45F8040D2146AF61304687
S31508016B70FFF7E3FE013C00FB07F7F0D2F8BD2DE96C
S31508016B80F0430D461C4616468FB00AB9EBF776FE5A
S31508016B90002BFBD00246012306216846FFF7E6FED5
S31508016BA02A4600250123062107A8FFF7DFFE3146FD
S31508016BB06846FFF7CEFF214607A8FFF7CAFFA84692
S31508016BC006F1180929466846FFF7B7FE294607461A
S31508016BD007A8FFF7B2FE874205D0012F0BD149F866
S31508016BE0258046F825000135062D04F10404E9D16E
S31508016BF00FB0BDE8F0830128C8D1C4F81880276012
S31508016C00F1E72DE9F04F0446BBB00846199219463B
S31508016C1022AA2EABFFF7B3FF0123459A06211BA82B
S31508016C20FFF7A4FEDDE91B32002B94ED0D7AD4EDB6
S31508016C300E6A169200F3EA80EBF720FEDCED007A85
S31508016C4096ED006A77EE867AF4EE477AF1EE10FA57
S31508016C5048BFF0EE477AF4EE676AF1EE10FA48BFDC
S31508016C60F0EE667A10990AF1010AE1EC017A1091BF
S31508016C7015998C4418990E445245DFDC11999044B4
S31508016C808E44129909F101090F44CB4516DD46993F
S31508016C90052B01EB88011091199901EB8E0C44998A
S31508016CA001EB8706C8D04FF0000AE5E7042BC3D0ED
S31508016CB0DDE90CE7A8464FF00009E6E70C99139EB3
S31508016CC0052B31440C91149E0D9931440D91B3D085
S31508016CD017990D440E9901310E910E998842E5DCFA
S31508016CE02A99089D042B0D4408953699099D0D444A
S31508016CF00995A1D0052B00FB0BF19DD00A9D02FB3E
S31508016D0001510A910B9901310B910B9D0199A942E8
S31508016D1067DC2999049D032B0D4404953599029D39
S31508016D200D44029588D00199042B01FB00F183D00B
S31508016D30052B0BFB01F13FF47FAF059D02FB0151CA
S31508016D400591079901310791079D0F99A94252DCCF
S31508016D502899069D022B0D4406953499039D0D44E9
S31508016D6003953FF469AF01990F9D032B05FB01F1CB
S31508016D703FF462AF042B00FB01F13FF45DAF052B35
S31508016D800BFB01F13FF458AF0098013402FB0102F5
S31508016D900092169AA2423EDDDDE91F0B1D9A012BD0
S31508016DA00F921E9A01922B9A1392379A1492219A4C
S31508016DB002FB0BF117912C991191389912912D9982
S31508016DC04FEA8101159139994FEA810118913FF4EA
S31508016DD033AF00990591039902910699049100210F
S31508016DE0B1E7032B3FF428AFDDE909150D910899A1
S31508016DF00C91002170E7022B3FF41EAF05990A9109
S31508016E00029909910499089100217DE700240094CB
S31508016E1003940694BDE73BB0BDE8F08F2DE9F04336
S31508016E202DED028B93ED138AD3ED148A1C78C9B024
S31508016E30DDE952768DED3B8ACDED3C8A3946549D86
S31508016E401CB304A801F0ABFE0FB9EBF717FD3146E9
S31508016E500BA83F6801F0A3FE002EF6D012AC294616
S31508016E602046366801F09BFE002DEED02B683A4687
S31508016E70CDE9014300960BAB04A92EA8FFF7C1FE85
S31508016E8049B0BDEC028BBDE8F08319A801F087FE75
S31508016E90002FDAD0314620A83F6801F080FE002E87
S31508016EA0D3D0294627A8366801F079FE002DCCD023
S31508016EB019A8FFF74EFDD5F80080054620A8FFF76B
S31508016EC048FD814627A8FFF744FD4D45BDD18542BA
S31508016ED0BBD14046394632462346AB42D0DAF1ECBD
S31508016EE0017AB2EC017A77EE877AB4EE678AF1EE27
S31508016EF010FA78FE277AF4EE678AF1EE10FA48BF9F
S31508016F00F0EE687A0133E0EC017AE6E72DE9F04F15
S31508016F101C46DB69FDB06893636ADDE9867663938F
S31508016F20E3683946699363684AA86A93236BDDF86F
S31508016F302082649323696B93A3686C93E36B6593CF
S31508016F4063696693A369679394F948306D9394F9D5
S31508016F5049306E9301F023FE314656A801F01FFE13
S31508016F6062AA56A94AA8FFF743FD002800F01D8129
S31508016F70394623A801F013FE0FB9EBF77FFC3B68EE
S31508016F8031462AA8199301F00AFE002EF5D0336876
S31508016F90414631A8189301F002FEB8F1000FECD072
S31508016FA0D8F800304AAA17932AA956AB23A8FFF79F
S31508016FB0E6FD0123062131AA38A8FFF7D7FCDDE94A
S31508016FC03843002C2093D8DD4FF00008CDE912880C
S31508016FD0CDF84480ABE02193189B62AA13F90A10F5
S31508016FE0199B09F1010913F90B00FFF7DCFC159B45
S31508016FF003F8010B15931A9B9B441B9B9A44219BEF
S315080170004E45E8DC089A1C990A4408921D99079A84
S315080170100A440792029A32440292069A0132069269
S31508017020069A954214DD179A0299052C0A44159277
S31508017030A3D0DDE907AB4FF00009E1E7042C9CD0AA
S31508017040049A0292059A0792039A08920022E6E7A1
S31508017050039A1E99052C0A4403921F99059A0A4414
S3150801706005928AD0049A169901330A440492BB42BE
S31508017070E4DB529B099A042C1A4409925E9B0A9AEC
S315080170801A440A923FF479AF052C07FB05F33FF43E
S3150801709074AF0B9A03FB06230B930C9B01330C93DA
S315080170A00C9A019B934266DC519B0D9A032C1A4458
S315080170B00D925D9B0E9A1A440E923FF45EAF019BA8
S315080170C0042C03FB07F33FF458AF052C05FB03F328
S315080170D03FF453AF0F9A03FB06230F93109B01331B
S315080170E01093109A149B934250DC509B119A022CD0
S315080170F01A4411925C9B129A1A4412923FF43DAFBC
S31508017100019B149A032C02FB03F33FF436AF042CBC
S3150801711007FB03F33FF431AF052C05FB03F33FF4FB
S315080171202CAF139A08F1010803FB06231393209B3E
S31508017130434536DDDDE93C753A9B3E9E14933B9B00
S31508017140012C0193539B1E935F9B1F9306FB05F32B
S315080171501693549B1C93609B1D93559B1A93619B95
S315080171601B933FF40AAF139B0F93129B0E93119B2C
S315080171700D930023B4E7032C3FF4FFAE0B9B049356
S315080171800A9B0593099B0393002370E7022C3FF49E
S31508017190F4AE0F9B0B930E9B0A930D9B0993002349
S315080171A07DE700207DB0BDE8F08F3FAD20340FCCE0
S315080171B00FC50FCC0FC594E8070085E80700002F17
S315080171C03FF4DBAE3B683F93002E3FF4D6AE3368FF
S315080171D04293B8F1000F3FF4D0AED8F800303FA87B
S315080171E04593EEF759F8003818BF0120DAE7836BA3
S315080171F010B50BB9EBF742FB8021BDE810401847E3
S3150801720070B50568049C042D01D0EBF737FB45687A
S31508017210A5B90029F9D18668AEB9002AF5D1C5689C
S31508017220B5B9002BF1D10069B8B9002CEDD101FB34
S31508017230062205FB023300FB034070BD0029E4DB8F
S315080172408D42E8DCE1E7002ADFDB9642E7DCDCE792
S31508017250002BDADB9D42E6DCD7E7002CD5DBA04222
S31508017260E5DCD2E770B515461E46FFF766FB3146E3
S3150801727004462846FFF761FB844201D0EBF7FEFA84
S3150801728070BD10B50446184623B1012C03D0022C53
S3150801729006D0002010BD1944013991FBF0F0F9E739
S315080172A01944029B013A5A430132891AF5E72DE935
S315080172B0F0411D46CB69A6B00D930B6AD1F814E0CF
S315080172C00E934B6C1646DDE92C4811938B6C4A6A72
S315080172D0CDE9123E0123CDE91433CDE91632CB6A45
S315080172E0D1F810C019930B6BCDF830C0CDE91A321D
S315080172F08B6FCDF83CE00893CB6F1092CDF860C048
S315080173000993CB6E1C930B6F1D930B6D1F934B6DDE
S315080173101E934B6E23938B6E2293CB6D21930B6E2B
S3150801732020934B6B24938B6BC96825930023994251
S31508017330CDE90A3302DB436C98470A900EB9EBF79D
S315080173409DFA3368002DFAD02A6804B12468B8F189
S31508017350000FF4D0D8F800100AA8069118A9CDE9AB
S31508017360044114A9CDE9022110AACDE900321CA9CC
S315080173700CAB08AAF8F7BAFF0028E0D126B0BDE899
S31508017380F0812DE9F347CF6806460D460FB9EBF7AD
S3150801739075FAD1F810A0BAF1000FF8D0002201F061
S315080173A0F6FB012280462946304601F0F0FB2C689F
S315080173B0814644B12368032B16D102222946304659
S315080173C001F0E5FB044600222946304601F0E1FBBF
S315080173D03B785BB900904B46424639463046EBF757
S315080173E02BFE02B0BDE8F0870024ECE7012B08D19B
S315080173F0CDE900404B46424639463046FFF757FF2E
S31508017400EFE7022B08D1CDE900404B464246394603
S315080174105046EBF747FEE4E70120E2E7836B10B538
S315080174200BB9EBF72BFA6421BDE810401847002980
S3150801743038B50346046801DBA14201DBEBF71EFA06
S315080174400022012004338A420CBF012553F8225039
S315080174500132944205FB00F0F5DC38BD70B50E68C3
S315080174600446042E0D4601DDEBF708FA1022002129
S3150801747002F065FE26EAE67220469200291D02F010
S31508017480AFFE204670BD08B508B9EBF7F7F90068F5
S3150801749008BD70B51846144602F10806FFF7F3FF52
S315080174A0069DA0600DB9EBF7E9F92B683046236410
S315080174B0EEF7E4FD003818BF012070BD704770472C
S315080174C02DE9F04104460F4606460025D0F890807E
S315080174D0A84501D100200BE0B369202B0AD1394612
S315080174E0F06902F073FE28B91C2303FB054004303A
S315080174F0BDE8F08101351C36EAE72029F0B507D049
S3150801750000231C25D0F8904000F11806A34201D1AA
S31508017510002006E005FB03F2B758B94202D104324E
S315080175201044F0BD0133F1E7836B10B50BB9EBF7E6
S31508017530A5F94021BDE8104018472DE9F84304464E
S315080175400E46904600250768BD4212DB002E1DDB5C
S31508017550BE421BDA0120002304349E420CBF0122DD
S3150801756054F8232001339F4202FB00F0F5DCBDE805
S31508017570F883B5420CD029462046FFF7DEF929469D
S3150801758081464046FFF7D9F9814501D0EBF776F9EF
S315080175900135D9E7ECF706BE08B500F0A3FEFFF7FB
S315080175A0F9FF00F0D4FE00B908BD00F09AFEF8E72D
S315080175B07047704770477047704708B5ECF71CFF6E
S315080175C000F06EFC00F072FCECF706FFBDE808401F
S315080175D000F0B5BB7047F2F7C5B808B5EEF788FFF6
S315080175E0EDF740FBEFF73AF8ECF794FEBDE80840F3
S315080175F000F04EB808B500F00DF8F3F78BFAECF782
S3150801760075FEBDE80840ECF7F9BD7047ECF7D8BA46
S31508017610ECF77ABE0F20704770B5002506462C4652
S31508017620052C20D8DFE804F003070B0F13175B219D
S315080176300820EEF7C3FF0C210820EEF7BFFFD12182
S315080176400820EEF7BBFF80210820EEF7B7FF0021DF
S315080176500820EEF7B3FF6C1C2946E4B2082025463C
S31508017660EEF7ACFF0624A4F10E03012B05D85A2127
S315080176700820EEF7A3FF0134D2E7102C05D1BDE8A7
S3150801768070405D210820EEF799BFB31F195DEFE73A
S3150801769008B5082000F06FFABDE80840082000F098
S315080176A075BA012307B520F07F4040EA8170019041
S315080176B068460093FFF7B0FF03B05DF804FBFEE7E9
S315080176C000239A4200D1704710B550F8234041F87B
S315080176D0234001339A42F8D110BDFEE70023036027
S315080176E070471FB5144652B16A4603F059FE206029
S315080176F09DF80000003818BF012004B010BD012014
S31508017700FBE700EE102A00EE903AB8EEC00AF8EE52
S31508017710E00AB3EE400AF3EE600AEDF7F9BA00EEB5
S31508017720102A40F20003B8EEC00A00EE903AB3EE12
S31508017730400AEDF7EDBA00EE102A00EE903AB8EEDF
S31508017740C00AF8EEE00AB3EE400AF3EE600AEDF776
S31508017750DFBA40F2000300EE903AEDF7D9BAF3EE3C
S31508017760600AB3EE400AEDF7D3BA30B50124002515
S3150801777087B0CDE904540395BDF828500094CDE9A6
S315080177800145EDF7DBFA07B030BD70B501240026D7
S3150801779086B0BDF82C50CDE90454CDE90256BDF8A2
S315080177A02850CDE90045EDF7C9FA06B070BD1FB5F9
S315080177B00446D0F87002062804DD0AB121231360B5
S315080177C004B010BD4B1EB3F5806FF6D2002301300D
S315080177D0C4F87002CDE9013300938AB2C1B2D4F874
S315080177E06802EDF74FFBD4F87822531CC4F87832B7
S315080177F0D4F87032933244F82230D4F874225B00FC
S3150801780004EB820401229A40D4F82C321343C4F8BB
S315080178102C32D5E74FF0FF332022C0E99C33C0F85C
S315080178207832002100F50A7002F089BC30B5D0F82B
S31508017830744285B0062C099D04DD0DB121232B6008
S3150801784005B030BD00250134C0F874420295089D83
S31508017850CDE900351346D0F868020A46E1B2EDF7DC
S31508017860EDFAEDE72DE9F0430429BDF81C50BDF802
S315080178702060BDF82470DDE90ACEDDE90C8404D95F
S315080178800CB121232360BDE8F083B5F5806F14D8C8
S31508017890B6F5806F11D8B7F5806F0ED80CF500696B
S315080178A0B9F5805F09D20EF50069B9F5805F04D292
S315080178B008F50069B9F5805F03D3002CE3D02823C6
S315080178C0E0E7CDE90BE8CDE9097CCDE90756BDE846
S315080178D0F043EDF733BA30B589B00D9C002506940F
S315080178E001240395CDE90454BDF830500094CDE93F
S315080178F00145FFF7B7FF09B030BD10B50224D0F82E
S315080179007832D0F8742203F1920150F8211000EB75
S31508017910820249008C40D2F82812013B2143C2F861
S315080179202812C0F8783210BD0023C0E99A037047BF
S31508017930D0F8783210B5933350F82340D0F868322E
S31508017940033103EBC40389008A40196F1143196790
S3150801795010BD2DE9F04F0569D0F804B004460BFBBC
S3150801796005F3B3F5006FA1B00CDA036A4269534314
S31508017970B3F5006F06DA0121204621B0BDE8F04FC4
S31508017980EDF772BEE368012BF5D1636B012BF2D1DA
S31508017990E369012BEFD16822214606A802F020FCF3
S315080179A00B9BDDF85080019340F2FF73B3FBFBF2AA
S315080179B00292019ADDF85C90B3FBF2F303939DF80A
S315080179C060300E9F002B77D07B1E03FB0986761B42
S315080179D026EAE676009373103A469A460020BAF1EB
S315080179E0000FA7EB020100DD90B11746F61A002E2B
S315080179F000DDE0B1089B55440AFB1B3308930023BD
S31508017A00A8458DF860301A9325DD002850D0B2E7D5
S31508017A102046CDE90432EDF75FFD0C99019B059AE5
S31508017A201944AAEB090A049B0C91013AD7E72046A7
S31508017A300099EDF751FD009BA6EB0906013B009362
S31508017A40013FD4E7039EBE42A8BF3E4606F1FF3A70
S31508017A5009FB0A8A10E000288DD1DDE9023293423A
S31508017A60F0DCAB42D4BFC8EB0306C8EB050696FBB0
S31508017A70F9F606FB098A0136012106A8CDF828A0E0
S31508017A800E96EDF7F1FD00287FF475AF089BAAEB7A
S31508017A90080ACA440AFB0B33019A08930C9BA5EB07
S31508017AA00A0506FB0233A845A7EB06070C93D4DDA6
S31508017AB0002021B0BDE8F08F4545CEDAF8E708B5D4
S31508017AC0426803695343B3F5006F05DA036A4269ED
S31508017AD05343B3F5006F08DBC368012B05D1436B2C
S31508017AE0012B02D1C369012B06D00021EDF7BCFD9C
S31508017AF0B0FA80F0400908BD1846FCE7D0E9033220
S31508017B00534342680068534358434000704703464D
S31508017B1037B500B3D0E90F41026AD00755BF4FF414
S31508017B2000654FF4806502EBD270104658BF4010CD
S31508017B30954212DA6A464FF4806101ABEDF7E0FA35
S31508017B40B8B9009BB3F5806F05D80198B0F5806F79
S31508017B508CBF0020012003B030BD013CB4F5806F15
S31508017B6007D20139B1F5806F03D2002A01DD586BBE
S31508017B70ECE70020EFE74FF060420123D2F8001E40
S31508017B8083400B430020C2F8003E70474FF0604126
S31508017B900122D1F8003E824023EA02030020C1F8FF
S31508017BA0003E7047D0E90003184783680068184704
S31508017BB0C3680068184707B503788DF80430437819
S31508017BC08DF80530837801A823B9EEF7D7FD03B000
S31508017BD05DF804FBEEF7A2FDF9E707B503788DF822
S31508017BE0043043788DF80530837801A823B9EEF778
S31508017BF095FD03B05DF804FBEEF7C0FDF9E707B59F
S31508017C0003788DF80430437801A88DF8053002F021
S31508017C1053FD03B05DF804FB13B5044603780DF173
S31508017C2003018DF80430437801A88DF80530EEF785
S31508017C30D7FDA3789DF803000BB980F0010002B0C7
S31508017C4010BD10B588B004460E98009207900D989D
S31508017C50224606909DF8300005900B9804909DF8F1
S31508017C60280003900020CDE901300B460121EEF7EB
S31508017C7027FE08B010BD70B5054614460E4604F039
S31508017C8026FD2B685C4034405C402C60BDE87040A2
S31508017C9004F018BD08B502F0A5FCBDE808400021AE
S31508017CA0EFF79EBB0029CCBF01210021EFF798BB56
S31508017CB002214FF42070F0F755B8704770477047A6
S31508017CC0704770477047436D0B42FCD1704708B542
S31508017CD04368DA0714D58368DB0702D50369D90730
S31508017CE007D50A2350218363FFF7EDFF836C9A07B3
S31508017CF0FCD1012200F500535A6043689B07FCD466
S31508017D0008BD836C5B06FCD541647047836C5A06D3
S31508017D10FCD54164836C1B06FCD5C06B80B27047E9
S31508017D2070B5054614460E4604F0D1FC2B685C4036
S31508017D3034405C402C60BDE8704004F0C3BC704719
S31508017D40FEE71FB5044602F0ADFC90B9A4B16A4638
S31508017D5001212046F1F7DAFF9DF800307BB9237C33
S31508017D60012B02D0002004B010BD2046FCF786FA8C
S31508017D70F8E76FF00500F6E76FF00300F3E76FF039
S31508017D800200F0E71FB5044602F08CFC90B9A4B1D5
S31508017D906A4601212046F2F7B5F89DF800307BB90D
S31508017DA0237E012B02D0002004B010BD2046FCF72B
S31508017DB065FAF8E76FF00500F6E76FF00300F3E7F9
S31508017DC06FF00200F0E730B585B0044602F06AFCB0
S31508017DD010BBF4B1694620466569F2F70DFA9DF8BC
S31508017DE000302BB1082B14D06FF0020005B030BD5E
S31508017DF094F8C130012B02D12846FCF73FFA94F8D2
S31508017E00C030012B01D00020F0E72046FCF736FAF6
S31508017E10F9E76FF00300E9E76FF00500E6E7704759
S31508017E200023C0E90033704710B5982200210446A3
S31508017E3002F085F9402384F8273084F8283010BDEC
S31508017E401FB5684602F038FD9DF8003003B1FEE71C
S31508017E5003F012FF684602F06DFD9DF8003003B18C
S31508017E60FEE705B05DF804FB08B5FFF7E9FF08BDB5
S31508017E707047704708B504F049FD003818BF01205E
S31508017E8008BD70B5054614460E4604F020FC2B685D
S31508017E905C4034405C402C60BDE8704004F012BC84
S31508017EA000F000B800207047F2F7E0BCF2F7E2BE36
S31508017EB0F2F71CBF70B50C46154610B9F2F7EAFF82
S31508017EC038B143682BB12A462146BDE8704000689F
S31508017ED01847232070BDF7B50D4616461C4648B10E
S31508017EE003B901ACC7685FB1234632462946006823
S31508017EF0B84706E0F2F7CEFF04B901AC0028F1D184
S31508017F00232003B0F0BD07B501228DF807100DF146
S31508017F100701FFF7CFFF03B05DF804FBD0F8003186
S31508017F201B689A6C120643BFDB6B00200B701B2083
S31508017F307047D0F8003101221B6819B103F5805347
S31508017F401A65704703F500531A65DA64704708B570
S31508017F50D0F800311868FFF7D4FE002008BD0020CC
S31508017F607047FEE74FF4005300204B60704701202D
S31508017F707047012070474FF0FF3070470020704767
S31508017F8007B5002001AB0190FFF7A5FF019800286E
S31508017F9008BF4FF0FF3003B05DF804FB80F8991075
S31508017FA0704790F89900704790F89600704790F8D6
S31508017FB0A100704790F8943070B505460C46C3B1D8
S31508017FC00B69B3F5006F16D804F08AFB95F88C3067
S31508017FD0064665614BB1214605F19000ECF7AAFD0D
S31508017FE0304604F078FB002070BD2046F3F7DCF933
S31508017FF0F6E70E20F8E72120F6E7F8B504460D4620
S3150801800004F06EFB94F896300646ADB17BB994F848
S31508018010983063B104F05BFB01210546084603F07D
S31508018020AFFD284604F04EFB012384F8963030460E
S31508018030BDE8F84004F04FBB002BF8D004F047FB2D
S3150801804007462946012003F09BFD384604F03AFB12
S3150801805084F89650EBE738B548B10024056804F072
S315080180603FFBC5E9164404F036FB204638BD2220FD
S31508018070FCE70068F3F7D2B9F8B50C468D18073551
S3150801808052421540A5F108070646384600F082F81F
S31508018090A188381B628801EBE00189B2A2EBE002F4
S315080180A025F8041C25F8062CA288C310AAB1A4EB4E
S315080180B0C202B2F802C0D18003EB0C015180E288FA
S315080180C092B1D31A9BB204EBC20425F8023CA380F1
S315080180D0B3680344B3603846F8BD15F8082C42F076
S315080180E0020205F8082CEAE725F8022CF0E707B59D
S315080180F000224FF0FF3101AB0192F4F7C5F8019860
S3150801810003B05DF804FB07B5009313464FF0FF3241
S31508018110F3F7B8FF03B05DF804FB10B50446F4F7AE
S315080181201FFA2146BDE81040F4F7BCB8FFF7F5BFC2
S3150801813070B5049E15461A4696B1002333608DB173
S3150801814081B14D4333462946FFF7DDFF044628B979
S31508018150306818B12A46214601F0F1FF204670BD64
S315080181602224FBE72124F9E707B5002201AB019296
S31508018170F4F786F9019803B05DF804FBF3F772BFCB
S315080181800846FFF7B4BF0846FFF7D0BF08461146B1
S31508018190FFF7EABF0023036043607047F0B5D0E9F3
S315080181A00540551C08BF0822002B4FF0000518BFD3
S315080181B00446DDF818C0CCF80050002C37D09DF8DD
S315080181C014706588FF0007EBC505C2F1000E20781B
S315080181D0C00708D51BBBE088A0B104EBC0046588BD
S315080181E007EBC505F3E78D42F4D363B904F1080635
S315080181F0B6FBF2F002FB106670180EB1A842EAD877
S31508018200CCF80040F0BD082A0FD06088013004EB95
S31508018210C000461A06EA0E06801B8542F0D2A088DF
S315080182200028EFD0A4EBC004D9E70846E8E72046C2
S31508018230E8E72DE9F041D0E905450746884616469F
S31508018240F3B194420FD042B1954215D1424601216C
S315080182503846F4F72DF905460EE00A463146F4F795
S3150801826027F90446F2E70A460021F4F721F9B5424F
S315080182700446EBD0002EE9D0C7E90545BDE8F081F3
S31508018280944208D08C4228BF0C46B54205D04545D4
S3150801829038BF4546F0E70C46F7E74546ECE70023C5
S315080182A007B5684600938DF80430EFF7B7FF03B0BA
S315080182B05DF804FB10B504F00AFA044603F0EAFB7C
S315080182C02046BDE8104004F0FDB94FF4C870F4F734
S315080182D0B3B908B500F013F800F037F8FEE77047B0
S315080182E07047704708B5FFF768F9FFF776F9FFF7A2
S315080182F081F9FFF78AF9BDE80840FFF787B908B59C
S31508018300FFF7EDFFF2F7ACFDF2F7EEFBFFF7CCFD59
S31508018310F4F752F9F4F7A8FAFFF7E2FFF1F706FACC
S3150801832000F007F8FFF756F9BDE80840F4F782BAF6
S31508018330704708B5FFF73DF9FFF73CF9FFF73BF939
S31508018340FFF73AF9FFF7F4FF08BDFFF744B9002034
S31508018350704770472DE9F84F9846DDE90B490D9BA3
S3150801836015469A0706460F4623D02A460A9B03EB6B
S31508018370040A1444A24220D10D9B9B0705D5A2EB02
S31508018380050AD14505EB0A0420D82046BDE8F88F31
S31508018390434639462020B0470AF1010ACA450AEB85
S315080183A00B02F5D3A9EB04024C4588BF00222A44E7
S315080183B0DCE7A246A5EB040BF0E702F1010B434605
S315080183C039461AF8010DB0475A46D3E743462246BD
S315080183D039462020B0470AF1010AD2E72DE9F047CC
S315080183E09E46DDE90D3CDDE90874DDE90B651CF007
S315080183F0020F9DF828801FD10CF001094BB1B9F184
S31508018400000F06D0B8F1000F02D11CF00C0F00D0F6
S31508018410013B4FF0300A02E007F804A00134A542F7
S3150801842001D9202CF8D1B9F1000F05D04FF0300948
S31508018430A34201D9202C1BD11CF0100F15D01CF416
S31508018440806F32D1C4B1AC4201D09C422DD1651E98
S3150801845012D0102E3FD11CF0200FA4F1020456D1E0
S3150801846078263E5530266C1C7E55202C29D00DE0E9
S3150801847007F804900134DBE7102E10D11CF0200F09
S315080184802FD178243C7030247C700224B8F1000F77
S3150801849031D02D253D55013414E06224F2E7022E30
S315080184A0FBD030243C700124F0E7102E1BD11CF0C0
S315080184B0200F2AD1202C04D07826651C3E55202D64
S315080184C0D0D12024CDE90A3CCDE908747346BDE82C
S315080184D0F047FFF73FBF022EC4D162247C55013510
S315080184E0EDE75824CEE7022E03D1202CE9D0254604
S315080184F0F3E72546E3E71CF0040F01D02B25C9E76E
S315080185001CF0080FDED02025C4E7202CD9D0582628
S31508018510651CD3E72DE9F04391B0189D1A9F1D9E5E
S315080185202DB926F0100416F4806F264622D116F0CE
S31508018530200F14BF4FF0410E4FF0610EAC460025D7
S315080185400DF12008AEF10A0EBCFBF7F907FB19C9B4
S315080185505FFA89F4B9F1090F94BF30347444E4B26F
S31508018560BC4508F8014B05F10105BCFBF7F401D33D
S31508018570202D10D11C9C069605941B9CCDE90374ED
S315080185809DF86440CDE9015408AC0094FFF726FF35
S3150801859011B0BDE8F083A446D6E72DE9F04F95B0B2
S315080185A0CDE90A23DDE91E76DDE9229B57EA0603B2
S315080185B0CDE90801269C05D124F0100314F4806F37
S315080185C01C4637D114F0200F14BF4123612300251F
S315080185D00DF1300AA3F10A0831464A465B46384688
S315080185E0FBF720FBD2B2092A94BF303242444F45E9
S315080185F0D2B276EB0B0605F101050AF8012B01D378
S31508018600202D14D1259B06940593249BDDE90801A9
S31508018610CDE903939DF88030CDE901530CAB009366
S31508018620DDE90A23FFF7DAFE15B0BDE8F08F074644
S315080186300E46D1E70025E5E708B100F00FB8704707
S3150801864038B5441E14F8015F25B90A2000F006F86A
S31508018650284638BD284600F001F8F3E70146002010
S31508018660FFF751BC0EB403B503AA52F8041B0368FD
S3150801867001929B68984702B05DF804EB03B0704716
S3150801868020B1431E584258414000704701207047A7
S3150801869003685B6818470368C01A03888B428CBF56
S315080186A0405A0020704710B50C210446FFF7F3FF26
S315080186B010B123182058184410BD38B5054614467C
S315080186C0FFF7E9FF00B12C5C204638BD08B500224A
S315080186D00A21FFF7F2FF08BDF8B505461E46104602
S315080186E0136801221B68114698470027044607703C
S315080186F02846FFF7EBFF1B280BD12846FFF7D3FFC8
S3150801870038B13A460421FFF7D8FFC01B18BF01202C
S31508018710207000203460F8BD38B505461446FFF7C9
S31508018720BAFF00B12C58204638BD38B5054614465F
S31508018730FFF7B1FF00B12C56204638BDF8B51E46E5
S3150801874013680546022110461B680122984700272F
S315080187500446077047702846FFF7B8FF0B2817D15C
S315080187602846FFF7A0FF054690B13A460421FFF7D0
S31508018770DCFFC2B2531E042B88BF3A46062122707B
S3150801878028460122FFF799FFC01B18BF0120607018
S3150801879000203460F8BDF8B51F46136805461B6806
S315080187A0104618210422984718220021044601F090
S315080187B0C6FC2846FFF78AFF012806462ED1284619
S315080187C0FFF771FF054648B300220421FFF7ADFF05
S315080187D0FFF756FF0022062120702846FFF79CFF67
S315080187E00022082160602846FFF796FF00220A2129
S315080187F0A0602846FFF799FFC1B24B1E042B88BF1C
S3150801880000213246217328460C21FFF785FF32469F
S3150801881020610E212846FFF77FFF606100203C603A
S31508018820F8BD10B52DED028B0446B0EE408AFFF770
S3150801883032FF10B1044494ED008AB0EE480ABDEC4B
S31508018840028B10BD013080007047884208B50ED0F2
S3150801885060B171B103680A689A420AD1920004317B
S31508018860043001F042FCB0FA80F0400908BD01204D
S31508018870FCE70020FAE708B549694069FFF7E5FF13
S31508018880003818BF012008BD2DE9F84301248146A7
S3150801889004FA00F0013888461546FAF7D7FD064668
S315080188A0A5EB09000F46C0F12003A0F1200124FA27
S315080188B003F304FA01F104FA00F01943FAF702FE88
S315080188C002460B4630463946FAF72AFEC8F1200316
S315080188D00F46A8F1200124FA03F304FA01F106462A
S315080188E0194304FA08F0FAF7EDFD02460B4630463D
S315080188F03946FAF73FFF41EC100BE8F77DFE51ECDC
S31508018900100BFBF7A7F8BDE8F88310B5044611B9B3
S315080189100160204610BD496951F8042B40F8042B23
S31508018920920001F05DFCF4E7C06803689B6818478C
S31508018930C0680368DB681847C06803681B6918477D
S31508018940C06803685B691847C06803681B6B1847EA
S31508018950C3689869704710B508210446FFF79BFE5E
S3150801896010B123182058184410BDF7B51E4600F15A
S3150801897008070446C0E900120D466422002138465C
S3150801898001F0DDFB0899304600F0B7FB099A04F1BE
S315080189907006E06603463946009230462A46F6F7DF
S315080189A057FB4FF480732046A4F89030002350F803
S315080189B0A02BC4E92533E16EC4F89C303346F6F79B
S315080189C093FA20460A99F4F75BFE204603B0F0BDF8
S315080189D010B50446FFF75FFE10B123182058184456
S315080189E010BD08B5FFF7B7FF4368062104331844DD
S315080189F0FFF7EEFF006808BD08B5FFF7ACFF43684F
S31508018A00082104331844FFF7E3FF006808BD38B5A9
S31508018A10D0F88030044600F1700513B1284600F0FD
S31508018A207BFD04F1A00000F091FC284600F018FD3A
S31508018A30204638BD10B500F17004204600F042FD0D
S31508018A4020B92046BDE8104000F090BD10BD0FB416
S31508018A5007B504A951F8040B0191F5F779F803B0A4
S31508018A605DF804EB04B0704730B50346044620466A
S31508018A7014F8015B002DFAD101390B44013A12F8B9
S31508018A80011F09B1984202D30023037030BD00F8D3
S31508018A90011BF4E770B505460C46B5FBF2F602FB79
S31508018AA01650C3B20928204694BF30335733DBB278
S31508018AB0AA4200F8013B04D9002363708C4203D80B
S31508018AC070BD04463546E8E70B78227801F8012B94
S31508018AD004F80139F2E738B504460D46F5F7D4F935
S31508018AE0294602462046BDE83840F4F733BA2DE94F
S31508018AF0F0410D46044616461F46F5F7C5F93B46AD
S31508018B00014632462846A446BDE8F041604708B505
S31508018B1008461146F5F71CF8002008BD016802460B
S31508018B20411A0B880A2B08D8042B4FF0000307D8E3
S31508018B3018469842B8BF184670474B8903B1C358BF
S31508018B4088880028F5D01056F3E710B5C360039B53
S31508018B500160036100230299C0E90533C0E90112E6
S31508018B6010BD0B68002A194630B451F8045B0BDBBB
S31508018B70954209DD51F82210002905DB30BC03EBCB
S31508018B8082035968426D1047002030BC7047FFF7D1
S31508018B90E8BF4B6803EB82035968426D104710B56D
S31508018BA0044609B1496819B900232360204610BD56
S31508018BB051F8042B40F8042B920001F011FBF5E75C
S31508018BC02821836B1847CA6800F0ABB8CA68F5F75D
S31508018BD0EBBC30EE200A704770B5D0B10024431EB5
S31508018BE002EB8002002B01DA012010E052F8040C96
S31508018BF051F823600130B042A2F1040504D142F8CC
S31508018C00044C013B2A46EDE742F8040C002080F0AB
S31508018C10010070BDF0B59C460546059F18B10024B4
S31508018C202046A54200DCF0BD17B10026B44507DC95
S31508018C3052F8246051F82430013403FB0060F0E750
S31508018C4057F82630A34201D00136EFE70134A54291
S31508018C50EBDCE8E72DE9F74F0D9E144622EAE272AE
S31508018C6081460D463046002192009A464FF0000B88
S31508018C7001F065FA0023324629462046CDF800B0B0
S31508018C80FFF7C8FF324629460C9B8046CDF800A05F
S31508018C902046FFF7BFFF0F9B09EB880803EB800708
S31508018CA0D8ED000A97ED000A0E9B9847324687EDE4
S31508018CB0000A29462046FFF78FFF0028DAD101204E
S31508018CC003B0BDE8F08F2DE9F04300249C46DDE9A9
S31508018CD007E391461C6010BB0120BDE8F0832D18FF
S31508018CE015D400261F68B74213DC4EF827501D68B5
S31508018CF001351D60013448F100084C4578EB0C0537
S31508018D00EADA51F82450002DE9DB8542E9DB002037
S31508018D10E3E75EF82620AA42ECD00136E3E7A0464F
S31508018D20EBE72DE9F74FC4688046236815469B692A
S31508018D300022204689469847236806460022494666
S31508018D40DB6920469847236807469B6901224946FD
S31508018D5020469847337F8246092B01D0072B15D128
S31508018D60B068FAF785FBCDE90001B868FAF780FB28
S31508018D7002460B46DDE90001FAF7FCFC05F1040B96
S31508018D8041EC100B59462846F4F7E0FB0022012175
S31508018D907B69D3F800C0624537DB00200122DAF887
S31508018DA01430D3F800E0704535DB337F6A62092B4E
S31508018DB001D0072B0ED1D8F84030404605F10802FC
S31508018DC089009847F3682B61B3686B61FB68AB61EF
S31508018DD0BB68EB612A462B1D49464046F5F744FB1D
S31508018DE0054670B92368314620465B6A9847236869
S31508018DF0394620465B6A98472368514620465B6A8E
S31508018E009847284603B0BDE8F08F53F8040F01329E
S31508018E10A1FB0010BFE753F804CF0130A2FB0C2CCD
S31508018E20C1E730B5002314468B4207DB012421EA4A
S31508018E30E173901C032B07DD117030BD50F82350E8
S31508018E40013324F8025FEFE720F813400133F1E715
S31508018E50F7EE007A30EE270A87EE800A7047FBF7AD
S31508018E6057BE0368C31A1A880A2A05D95B89C21824
S31508018E7013B1C358D0587047002070470368C31A06
S31508018E801A88082A0CD91B89C2180BB1C35813446E
S31508018E90013103EB810053F821301844FFF7E1BF94
S31508018EA00023F5E7704770474B1E1844B0FBF1F0F5
S31508018EB048437047B0FBF1F048437047431E0B44E3
S31508018EC0B3FBF1F301FB03F07047F7B514460268EB
S31508018ED00346821A17880D46042F26D99188461803
S31508018EE009B3405831183058012601EB80008142F8
S31508018EF014D1062F1AD9D08800B118560DF10701D9
S31508018F00FFF7E9FD40B921469DF80700F5F7E6FCAC
S31508018F1010B9236873432B6003B0F0BD51F804CF31
S31508018F200CFB06F6E3E70126E3E701260020E5E761
S31508018F30436873B50D469BB1002201241968914215
S31508018F4009DC007A01A9F5F7C9FC10B9019B63434D
S31508018F502B6002B070BD53F8046F01327443EEE71B
S31508018F600124EEE7406803689B6818477047704715
S31508018F708068102203689B6818470B7870B5012B27
S31508018F8005460C460AD140684E6803687168DB6875
S31508018F909847686831460368DB689847002368681C
S31508018FA0C4E904336360237003682146BDE8704051
S31508018FB0DB681847406803689B6818474068036878
S31508018FC0DB681847406803685B69184740680368A7
S31508018FD01B69184780680422036820219B68184783
S31508018FE07047836910B50C46114633B1806804226F
S31508018FF0036889009B6898472060002010BD10B55A
S3150801900008210446FFF747FB10B1231820581844D6
S3150801901010BD10B50A210446FFF73DFB10B1231810
S315080190202058184410BD10B506210446FFF733FB36
S3150801903000B1205610BD10B50E210446FFF72BFBD3
S3150801904000B1205C003818BF012010BD10B50421FD
S315080190500446FFF720FB10B123182058184410BD09
S3150801906038B50D4608210446FFF715FB70B96C683B
S3150801907004342C4404212046FFF70DFB221820B1A5
S315080190802358D058D11800B1081D38BD23580133CB
S3150801909005EB830455F823301C44EBE72DE9F0472B
S315080190A0D0E90176084689461C461546FFF753FC62
S315080190B0089B9DF82480013300EB830250F82300B6
S315080190C01044FFF7C3FF631C00EB830450F82330F9
S315080190D00C2148461C44FFF7DEFA20B109EB0003D0
S315080190E059F800001844CDE9080523464246394691
S315080190F03046BDE8F047F5F7F9BC38B50D460446E4
S315080191001021FFF7D1FE2C44211AF6F74DF8036812
S315080191102C215B6B0422044698470546F6F786F828
S3150801912029462046BDE83840F5F732BE002310B57A
S315080191300446836140680422036890219B69984725
S31508019140E061B0FA80F0400910BD0421C069FFF75B
S31508019150ABBE036870B55B6904460D469847C8B946
S315080191602046FFF7F2FF0C23A2695A4313189842C7
S3150801917009D16068E16903689032DD690423AC4668
S31508019180BDE87040604741680C30013108BF40F8BE
S31508019190085CECE770BD2DE9F04F9946436891B03C
S315080191A0CDE90713002305468846816907A81746AE
S315080191B00F93F6F713F9044600285FD1059005A920
S315080191C007A8F6F753F90446002857D10646A7F12A
S315080191D0040A4046FFF7BFFB0268059B96423ED349
S315080191E03A46194607A800F088FC0446002845D1E6
S315080191F02846FFF7AAFF214602464B46009707A8CD
S3150801920000F00EFD0446002838D1DDE9097A6868C0
S31508019210102103681B6B9847064668681022036885
S3150801922031469B6898478046002800F08B80324675
S31508019230A1463E46286941460368DB699847D5F841
S3150801924010B0CA451ED1686800260368D5F810B063
S315080192505B6A9847314681464FF0FF3349E001364C
S3150801926050F826102A6800EB860C146B28465AF823
S3150801927036206144A04704460028AAD0204611B0EA
S31508019280BDE8F08F337D1BB909F101091836D8E716
S3150801929010213068FFF712FE32690146531CDBF8CC
S315080192A0003008D19C685846D6E90223A0470446EF
S315080192B00028E9D0E2E70092DC685846D6E902239D
S315080192C0A047F4E73A7D92B1DBF800205846946945
S315080192D0069306AA0391A04704460028CED14FF06B
S315080192E0FF33069A786803994A44026001310136C8
S315080192F01837B245E6D107A800F0F1FB6868414680
S315080193000368DB689847686803685B699847044699
S315080193100028B3D16868E96903681B6A9847044657
S315080193200028ABD1286903681B6998472B6A102264
S31508019330834238BF28626868296A03689B6A984726
S3150801934004469BE7012499E7C0687047704740685F
S315080193500368DB691847436953F82100704737B535
S315080193600446D0E9010255690B46016800954D6826
S315080193701269E168A84703B030BD406803689B6875
S31508019380184740680368DB681847406803681B6923
S31508019390184783680C20D3E9043203EBC2035B68E0
S315080193A000FB0130704710B484681346406862694F
S315080193B05DF8044BF5F76ABD002904DB914202DA30
S315080193C053F8210070474FF0FF3070470B4611469E
S315080193D01A6810B5131D12680446FFF7EDFF011E42
S315080193E005DB23682046BDE810405B691847002065
S315080193F010BD0B4611465A6810B5131D126804466E
S31508019400FFF7DAFF011E05DB23682046BDE8104099
S315080194105B691847002010BD0B4611469A6810B5BE
S31508019420131D12680446FFF7C7FF011E05DB2368F3
S315080194302046BDE810405B691847002010BD416110
S3150801944070470EB403B503A951F8040B0191F4F75B
S315080194507FFB02B05DF804EB03B07047016170470A
S3150801946070472DE9F04704460026D0F81490E369C1
S315080194701B689E4204D30020C4F81490BDE8F08707
S315080194803146A0686661FFF7F9FC002780464FEA76
S31508019490C60A474501D10136E9E7236953F80A5057
S315080194A005EB4715EB69D5E904105A691B68202AAB
S315080194B00ABF01460022AA6913B160689847E860A5
S315080194C00137E6E72DE9F84304460025D0F814806C
S315080194D0E3691B689D4204D30020C4F81480BDE8E3
S315080194E0F8832946A0686561FFF7C8FC0026074688
S315080194F04FEAC509BE4201D10135E9E7236953F8A7
S31508019500093003EB4613DA6922B1126912B1D96837
S31508019510606890470136EDE72DE9F84304460025D2
S31508019520D0F81480E3691B689D4204D30020C4F86F
S315080195301480BDE8F8832946A0686561FFF79EFC9B
S31508019540002607464FEAC509BE4201D10135E9E7BA
S31508019550236953F8093003EB4613DA6922B15268D5
S3150801956012B1D968606890470136EDE72DE9F04FE9
S31508019570054600264FF00C0B85B0EB691A68964232
S3150801958007D3A869002863D10023184605B0BDE8AA
S31508019590F08F0027013603EB860853F826304FEA89
S315080195A0C6099844A9F1080904214046FFF773F84A
S315080195B0002853D058F8003008EB0002D118D358C8
S315080195C09F42DAD2013751F8273001EB87041C4450
S315080195D00E212046FFF75FF80028E5D0235C002B13
S315080195E0E2D02B690BFB07FA4B445868AAF10C0A1F
S315080195F003A95044FFF79CFC03460028C5D1062160
S3150801960001902046FFF747F80146A0B12256019B73
S31508019610092A1BD10C212046FFF73DF8A0B12318D2
S3150801962024581C440A212046FFF735F898B12258D8
S315080196302318134459682B69039A4B445B6853F8FA
S315080196400A0000F07CFDAFE70446EBE71946F2E7AE
S3150801965000F06EF898E743688368FFDE0368FCE765
S3150801966008B58068FFF777F9006808BD10B50446A4
S31508019670406818B103682168DB689847204610BD21
S315080196800161704770B50E46054680681446FFF7B6
S3150801969062F9731C00EB830250F82300062110447B
S315080196A0FFF796F9013450F824200C20296901EBBB
S315080196B0C6014B6800FB023070BD70B50E46054603
S315080196C080681446FFF747F9731C00EB830250F8CC
S315080196D0230008211044FFF77BF9013450F82420B0
S315080196E00C20296901EBC6014B6800FB023070BDED
S315080196F010B580680C46FFF72EF9611C00EB810254
S3150801970050F8210008211044FFF762F9006810BDDE
S3150801971010B580680C46FFF71EF9611C00EB810243
S3150801972050F8210006211044FFF752F9006810BDD0
S3150801973070B5054600241426AB68A34201DC002057
S3150801974070BD2B6806FB0433DA6893F91010986824
S3150801975000F0F5FC0134EFE7034601680022012019
S3150801976010B5914200DC10BD53F8044F0132604335
S31508019770F7E77047036810B4DC690022A4460123A1
S315080197805DF8044B6047C3695940036AC161013BEF
S3150801979003627047806870470269836880698242FC
S315080197A034BFC01AD01A7047C2684069101A704788
S315080197B0A0F10400FFF7F8BF2DE9F04104460F4672
S315080197C0806811461646FFF76FFB23680546014672
S315080197D0D3F81C803A4633462046C04700280CBFBA
S315080197E028460020BDE8F0812DE9F04104460E46E1
S315080197F0806811461546FFF757FB23680146DF695E
S3150801980032462B462046BC46BDE8F0416047A0F1EA
S315080198100400F5F7A1BC70B5044680690E46FFF74A
S3150801982043FB314605466069FFF744FB401B70BDA3
S31508019830043870470438704708B503460A44F5F7F3
S31508019840A3FC184608BD034610B5012483F8284031
S315080198502824B2FBF4F20C240020D96001EB021192
S31508019860196101EB8201596101EB8201996104FBDE
S31508019870021198605A60596210BD704770B5D0E9F7
S3150801988002650468A468A04720B9049B05EB061580
S315080198906B6070BD0120FCE780687047F0B504462F
S315080198A00B4601250026954202DB002EF7D1F0BDB5
S315080198B0D4E9007C6745B8BFC4E900C705F10105CD
S315080198C0B8BFD3E9006704F10404BCBFC3E9007655
S315080198D001260433E7E710B54C68C16801EB0411AA
S315080198E08868984205DCC8689042B4BF0020012008
S315080198F010BD0020FCE770B5054689B9016A0C2040
S315080199000C26AC6900FB014421462846FFF7E3FF14
S3150801991050B9A1684C1C09D0AC6906FB0144F3E7B0
S3150801992089684E1CEBD10024204670BD0446FBE72E
S315080199302DE9F04F90F82830044685B09BB3856829
S315080199408DB3D0E9046700231A4680F82830D4F885
S3150801995008C04FEA820E9C4506EB820007EB82019E
S3150801996024DCACEB0202FFF799FF01230022C4E9CC
S3150801997007324FF0FF33A6694FF0010AB146B360CB
S315080199803B68D4F80C80D4F824B008EB0311496875
S315080199907360013108BF4BF823205BF8233033602D
S315080199A0A368534524DC05B0BDE8F08FD4F80C80D4
S315080199B0180108EB031CDCF8041058F80000B1F193
S315080199C0FF3FD4F824901EBF46F80E0047F80E3024
S315080199D0DCF804104FEA830805BF05F1FF3546F8A0
S315080199E02500013247F8253049F808100133AEE75A
S315080199F057F82A300093009A1B0108EB021158F810
S31508019A0003304D680193D1E9022302936B1C19D1E6
S31508019A100020054601460390029B2046FFF76BFF8F
S31508019A20039949B14B6809684FEA031C58F80CC0F9
S31508019A308C446545B8BF654620B10168019B491B41
S31508019A408B42E7DC009B4BF823500C23E1694B431F
S31508019A50F550F218009B53604B1CE361D9F80030AE
S31508019A60AB4206DD236A9360216291460AF1010A37
S31508019A7096E74846D0F808C0BCF1FF3F06D1816099
S31508019A80C2F808C04A46F0E77046F3E70C2303FB21
S31508019A900CF306EB030EF358AB42F5DDC2F808C02A
S31508019AA08160EFE770B50446FFF742FFA06830B161
S31508019AB00C250020A169236A05FB031303B970BDB0
S31508019AC05A68E6681201B2581E689B683244904289
S31508019AD038BF10465A1CF2D005FB0313EEE710B542
S31508019AE004464068A1680368DB689847606821698D
S31508019AF00368DB689847002010BD2DE9F04F002563
S31508019B000446AA464FF0FF3B836885B00093131FAE
S31508019B10019102932068FEF71EFF03689D4211D347
S31508019B20182263690099E06902FB031301240022E4
S31508019B304FF0FF31904203F1180369D1002005B0B7
S31508019B40BDE8F08F013550F8253000EB85089844BB
S31508019B50029B414653F835602369324603EB850378
S31508019B60204653F8047CF5F7EDFC0028E7D11821C7
S31508019B70009B01FB073907464046FFF767FA03686A
S31508019B809F42C7D249463046C9F80460FFF7D0F963
S31508019B900028D4D13368C9E902BB013763BB404603
S31508019BA00393FFF753FA00EB870C50F8270060443C
S31508019BB0FFF741FA039B20B9D9F80030003B18BFDB
S31508019BC0012389F81430019BFBB153F82A3040462A
S31508019BD0C9F810300393FFF739FA00EB870C50F8F0
S31508019BE027006044FFF727FA039B38B90AF1010AEF
S31508019BF009F118090C36BFE70346E2E70133F5D048
S31508019C004FF0010389F81430F0E7C9F810B0EFE70F
S31508019C1043E9041103F8044C43F8081C013289E7A7
S31508019C202DE9F04F044689B00068CDE90412029384
S31508019C30FEF791FE4FF01808049B4FF000095A1CD5
S31508019C4050F8223000EB82061E44A368304603937F
S31508019C50236903EB820353F8047C039B08FB07374C
S31508019C60FFF7FFF8069006213046FEF7B1FE0546D6
S31508019C70002800F0AC800368994580F0A78009F1B7
S31508019C80010950F82930226A08FB037399680131E2
S31508019C9000D19A60DA60E6E7236A0A2103F101082E
S31508019CA03046C4F82080FEF7F6FC10B13318305858
S31508019CB0184405F1010A50F82A3000EB8A0B9B4437
S31508019CC00023082158460793FEF782FE079B0028C2
S31508019CD046D1129B059A009359462046029B00F0ED
S31508019CE07DF80022062158460792FEF771FE0346C3
S31508019CF020B10168079A8A4240D3002308215846B1
S31508019D000793FEF765FE18B10268079B93423FD396
S31508019D10039A6369DDF808E0E06909FB0323059AFC
S31508019D200EEB800CF4453BD15546069B9D42B3D1BB
S31508019D3000254FF0180808213046FEF749FE00288D
S31508019D4048D003689D4245D2013550F82530226A2C
S31508019D5008FB03739968013100D19A60DA60EAE772
S31508019D6002689342B5D2013350F8232009FB0272E7
S31508019D7091680131A5D1C2F80880A2E7013250F8ED
S31508019D802230002BAEDB09FB0373216AD960A9E7F0
S31508019D90013350F82320216A09FB0272D160ADE72D
S31508019DA05068A8420DD190680499884209D1106873
S31508019DB0C3E9000E9868013008BFC3F80880206A15
S31508019DC0D86018330C320EF1040EABE700254FF0BC
S31508019DD01809AAE7002009B0BDE8F08F2DE9F34775
S31508019DE0046806460D462046062117469846DDF8BC
S31508019DF02890FEF750FC00284CD02318205803EB76
S31508019E00000A04212846FEF746FC00B12858441CDE
S31508019E105AF824300AEB840000220A211844FEF776
S31508019E207BFC77284DD0812836D0762843D1284621
S31508019E30FEF74CFC5C2849D12846FEF734FC05465A
S31508019E40002204212846FEF767FC00220446062163
S31508019E502846FEF761FC621C05460BD0336A3A4672
S31508019E6001333362214643463046CDF80090FFF769
S31508019E70D7FE08BB6B1C1ED0336A3A4601333362E0
S31508019E80294643463046CDF8289002B0BDE8F0474A
S31508019E90FFF7C6BE8246B4E72846FEF717FC6728D1
S31508019EA00DD12846FEF7FFFB04210022FEF734FCFC
S31508019EB0411C04460CD1002002B0BDE8F087002001
S31508019EC0F2E72846FEF702FC5D28B4E70025B7E766
S31508019ED04FF0FF35C2E70B4601461846FAF7D6B9E1
S31508019EE002680346D20705D4427802B1FFDE012093
S31508019EF05870704700207047012303607047062099
S31508019F0008B5FAF7E5FA0120FEF72BF870B50D4604
S31508019F101446064618B1036A0BB9FAF751FA636E85
S31508019F20D90705D4A3899A0502D4A06D00F04CF986
S31508019F30A3891B0701D5236973BB21463046FAF766
S31508019F4071FA48B3636EDA0702D4A3899B0529D54A
S31508019F504FF0FF3013E0A368013B002BA3600FDB32
S31508019F6023685A1C2260197015F8011F0029F2D1BD
S31508019F70636ED80702D4A38999050FD5002070BD51
S31508019F80A269934201DB0A29EAD12246304600F04A
S31508019F906EF80130E8D1D5E7013DE5E7A06D00F09F
S31508019FA014F9EBE7A06D00F010F9D1E72DE9F843B4
S31508019FB00746884614460026D4E90195B9F10109F0
S31508019FC005D52468002CF7D13046BDE8F883AB895E
S31508019FD0012B07D9B5F90E30013303D02946384686
S31508019FE0C04706436835E9E710B50C46B1F90E10C6
S31508019FF0FAF798FA0028ABBF636DA3891B1823F4F7
S3150801A0008053ACBF6365A38110BD2DE9F0411F469E
S3150801A0108B8905460C46DB05164605D50223002223
S3150801A020B1F90E10FAF76CFAA3893246B4F90E1093
S3150801A030284623F48053A3813B46BDE8F041FAF74D
S3150801A04095BA10B50C46B1F90E10FAF759FA431C30
S3150801A050A38915BF606523F4805343F48053A38114
S3150801A06018BFA38110BDB1F90E10FAF739BAF8B5C0
S3150801A0700E461446054618B1036A0BB9FAF7A0F954
S3150801A080A369A360A3891A0701D5236943B92146A0
S3150801A0902846FAF7C7F918B14FF0FF373846F8BD21
S3150801A0A02368F6B222693746981A6369834205DC42
S3150801A0B02146284600F0C7F90028EDD1A368013BDF
S3150801A0C0A36023685A1C22601E70431C62699A4267
S3150801A0D004D0A389DB07E1D50A2EDFD1214628461C
S3150801A0E000F0B1F90028D9D0D6E70139024410B5F4
S3150801A0F0904201D1002005E0037811F8014FA342EF
S3150801A10001D0181B10BD0130F2E7884210B501EBEA
S3150801A110020402D98442234607D8431EA14208D025
S3150801A12011F8012B03F8012FF8E7024401468A4288
S3150801A13000D110BD13F8014D02F8014DF7E70244AD
S3150801A1400346934200D1704703F8011BF9E710B59E
S3150801A1506AB10139841810F8012B11F8013F9A42A6
S3150801A16003D1A04201D0002AF5D1D01A10BD10465C
S3150801A170FCE71F2938B505460C4604D916230360A2
S3150801A1804FF0FF3038BDC26B12B152F821304BB9CE
S3150801A190284600F016F8224601462846BDE838400A
S3150801A1A0FAF7D2B9012B0AD0591C03D11623036039
S3150801A1B00120E7E70021204642F8241098470020AD
S3150801A1C0E0E7FDF7D4BE70477047704710F8012BDA
S3150801A1D011F8013B012A28BF9A42F7D0D01A7047D5
S3150801A1E00A44431E914200D1704710B511F8014B3C
S3150801A1F0914203F8014FF9D110BD034613F8012B1B
S3150801A200002AFBD1181A013870479368013B002BC5
S3150801A210936010B408DA9469A34201DB0A2903D1D1
S3150801A2205DF8044BFFF723BF1368581C10600846F6
S3150801A23019705DF8044B7047F8B506460F46144683
S3150801A240D518AC4201D1002007E03A4614F8011BA3
S3150801A2503046FFF7DAFF431CF3D1F8BD2DE9F04785
S3150801A260164698468A6807460B690C46DDF820901B
S3150801A2709342B8BF1346336091F843200AB10133BC
S3150801A28033602368990642BF336802333360256811
S3150801A29015F0060506D104F1190AE36832689B1A16
S3150801A2A0AB422BDC94F843302268003B18BF0123EC
S3150801A2B0920630D404F1430241463846C847013074
S3150801A2C023D023681A3454F80A2C03F00603042B06
S3150801A2D00ABF54F80E5C002533684FF0000608BF24
S3150801A2E0ED1A54F8123C08BF25EAE5759342C4BF36
S3150801A2F09B1AED18B5421AD1002008E001235246EF
S3150801A30041463846C847013003D14FF0FF30BDE812
S3150801A310F0870135C1E7E1185A1C3020023322447F
S3150801A32081F8430094F8451082F84310C2E70123E7
S3150801A330224641463846C8470130E6D00136D9E7B4
S3150801A340B1F90C202DE9F041170705460C4656D4FC
S3150801A3504B68002B02DC0B6C002B3DDDE66A002EF8
S3150801A3603AD0002312F480522F68216A2B6025D037
S3150801A370626DA389580705D56368D21A636B0BB159
S3150801A380236CD21A216A0023E66A2846B047411C83
S3150801A39024D00023636023692360A389DA0400D5E6
S3150801A3A06065616B2F60B9B104F14403994202D02B
S3150801A3B02846FDF7E8FE002363630DE001232846DE
S3150801A3C0B047461C0246D4D12B68002BD1D01D2B91
S3150801A3D001D0162B2AD12F6000202EE02A68B4F965
S3150801A3E00C3042B11D2A01D0162A21D100236360FF
S3150801A3F023692360D5E7626022692260CEE70F6987
S3150801A400002FE9D093070E680F600CBF4B69002334
S3150801A410A6EB07088B60B8F1000FDDDD43463A4627
S3150801A420216A2846A66AB047002808DCB4F90C3028
S3150801A43043F040034FF0FF30A381BDE8F0810744A4
S3150801A440A8EB0008E7E738B50B6905460C4613B9CA
S3150801A4500025284638BD18B1036A0BB9F9F7B0FFCC
S3150801A460B4F90C30002BF3D0626ED00704D49905E9
S3150801A47002D4A06DFFF7A8FE28462146FFF760FF24
S3150801A480636E0546DA07E4D4A3899B05E1D4A06D7A
S3150801A490FFF79BFEDDE770B50C46B1F90E1096B0D5
S3150801A4A0154600291E460CDAA389002113F0800FF0
S3150801A4B014BF40234FF48063002031602B6016B02F
S3150801A4C070BD6A46FAF702FB0028EDDB019901F433
S3150801A4D07041A1F50053594259414FF48063EBE7A6
S3150801A4E08B89F7B59D0706460C4607D504F1470340
S3150801A4F0236023610123636103B0F0BD01AB6A46A2
S3150801A500FFF7C9FF009F054630463946FDF738FE75
S3150801A51048B9B4F90C309A05EED423F0030343F095
S3150801A5200203A381E2E7A389206043F08003A381A4
S3150801A530019BC4E904075BB1B4F90E103046FAF77A
S3150801A540D7FA28B1A38923F0030343F00103A381B2
S3150801A550A3891D43A581CFE7C9B20346024410B5B5
S3150801A5609342184601D1002003E0047801338C4256
S3150801A570F6D110BD014B1868704700BF8C22032025
S3150801A5800A4B1B6F03F00703013B032B03D8DFE8D4
S3150801A59003F00A030608FEE7054B18687047054BE2
S3150801A5A0FBE7054870470548704700BF0080005023
S3150801A5B08C2203209422032080D54302002D3101E9
S3150801A5C008B5FFF7DDFF054B1B6FC3F303330133F3
S3150801A5D0B0FBF3F0024B186008BD00BF00800050C5
S3150801A5E0882203200048704700B4C4040048704715
S3150801A5F0002D3101014B1868704700BF94220320D2
S3150801A6000048704780D543024FF40022184B5A661A
S3150801A6104FF0B4439868C0F304400C280AD8DFE821
S3150801A62000F00B0909090909072119091B1D1F0052
S3150801A63010487047002070479B6803F04073B3F1D8
S3150801A640807F11D0B3F1007F10D00B4A002B08BFD1
S3150801A65010467047094870470948704709487047C6
S3150801A66009487047094870470948704709487047BB
S3150801A67000900050405DC60000093D00C0EA210176
S3150801A68080BA8C010048E801005A62020024F400ED
S3150801A69080841E0040420F00014B1868704700BFB6
S3150801A6A090220320034B5868C0F30800003818BFEE
S3150801A6B00120704700ED00E038B5044630B9164868
S3150801A6C04FF48A71FDF709F8222038BD03782BB1BA
S3150801A6D0012B10D0022B11D0032B05D140F2FF73A9
S3150801A6E06278D340DB070CD40B484FF48C71FCF726
S3150801A6F0F4FF2120E9E740F2FF13F1E743F6FF7380
S3150801A700EEE701F0EDFF0546204601F0A7F82846D9
S3150801A71001F0E1FF0020D8E7623703080A4A08B5C5
S3150801A720127852B107280AD8084A02EB00131B7B94
S3150801A7303BB1EEF7DDFC002008BD0548FCE70548FE
S3150801A740FAE70548F8E700BFBDFD022048C1022027
S3150801A750028000F0018000F0078000F00B4A10B576
S3150801A76012780C4662B107280CD859B1084A02EB8F
S3150801A77000131B7B43B1EEF7D7FC2070002010BDF8
S3150801A7800448FCE70448FAE70448F8E7BDFD022057
S3150801A79048C10220028000F0018000F0078000F025
S3150801A7A00B4A10B512780C4662B107280CD859B174
S3150801A7B0084A02EB00131B7B43B1EEF7D7FC206076
S3150801A7C0002010BD0448FCE70448FAE70448F8E706
S3150801A7D0BDFD022048C10220028000F0018000F080
S3150801A7E0078000F0084B187801280AD1074B1B7817
S3150801A7F0012B07D1064B1B78002B0CBF0220032027
S3150801A80070470020704700BFCC210320CD210320CB
S3150801A810C9210320034B1B78012B06BF024B18687D
S3150801A82000207047CD21032004C202202DE9F04102
S3150801A8301B4B1B78012B00D0FEE71A4B1F7867BB11
S3150801A84001F04EFF184D044695F8008000F098FD7A
S3150801A8504028164E287012D0154BB8F1400F53F800
S3150801A8603030336001D1AFF30080124B32681B6878
S3150801A8709A4208D12046BDE8F04101F02CBF376065
S3150801A880AFF3008002E02B78402BF9D0EFF7D4FD27
S3150801A890204601F020FFBFF36F8FBDE8F08100BFAE
S3150801A8A0CD210320C9210320CA21032000C2022089
S3150801A8B008C2022004C202202DE9F041044608B963
S3150801A8C0FDF73EFAFFF7EEFEDFF864800546154F01
S3150801A8D040B12023237040F22633C4E90237C4F875
S3150801A8E00480FEE7104B1B78012B13D10F4E3378EA
S3150801A8F0F92B13D801F0F4FE33780133337001F0E4
S3150801A900EAFE284640F23A332070C4E90183E7603B
S3150801A910BDE8F081022040F22A33F5E71E2040F215
S3150801A9202F33F1E7973C0308CD210320C9210320E2
S3150801A930E83B03082DE9F041044608B9FDF700FA9A
S3150801A940FFF7B0FEDFF87480194F40B1202323705A
S3150801A95040F25233C4E90237C4F80480FEE7154BC6
S3150801A9601B78012B1BD1144E3378E3B101F0B8FEE5
S3150801A9703578013DEDB2357055B101F0ACFE2D25A6
S3150801A98040F263332570C4E90183E760BDE8F081CD
S3150801A99001F0A1FEFFF74AFF40F26D33F2E7022507
S3150801A9A040F25633EEE71F2540F25B33EAE700BF74
S3150801A9B0893C0308CD210320C9210320E83B03086C
S3150801A9C090F82710094B10B553F83120C26032B9F7
S3150801A9D0026143F8310003EBC103586010BD00243E
S3150801A9E00461106143F83100F8E700BF08C202208C
S3150801A9F090F82720094B10B553F83210D40031B915
S3150801AA00C0E9031143F832002344586010BD0022FF
S3150801AA10C2601A1952680261D060F5E708C20220BD
S3150801AA2010B5044690F8270000F080FC074B94F80F
S3150801AA3027201B7820469A4203D1BDE81040FFF72C
S3150801AA40D7BFBDE81040FFF7BBBF00BFCB2103202E
S3150801AA5010B5044690F82700D4E9033282B90D49A6
S3150801AA6053B941F8303001EBC0014B6000F072FC7C
S3150801AA700023C4E9033310BD1A6141F83030F7E702
S3150801AA80D36023B9034B03EBC0035A60F0E71A619D
S3150801AA90EEE700BF08C20220F7B504460D4611B31A
S3150801AAA001F0A4FC00260746104B1A683346501ECF
S3150801AAB046F1FF31E5FB0701F9F7B4F823460146EC
S3150801AAC0CDE900660A4A04F1440002F06EF908B1BC
S3150801AAD0FDF736F90323204684F8263003B0BDE88E
S3150801AAE0F040FFF7B5BF0223F5E700BFCCC102204E
S3150801AAF0C1CA010838B5002304460A4D286880F8FA
S3150801AB00241080F825301146FFF7C6FF34B12968AD
S3150801AB10201D0C62BDE8384001F000BF2B681C629D
S3150801AB2038BD00BF04C2022010B4064C2468A4F83C
S3150801AB3080200022A167E26701211A465DF8044BCD
S3150801AB40FFF7D8BF04C202202DE9F74F0D9C054631
S3150801AB500E469A4601920CB9FDF7F2F80FFA8AFBEE
S3150801AB60BBF1000F28DBFFF79DFD88B901F0BEFD9B
S3150801AB70C0B99C4B1B78012B36D13DBB0A232370E8
S3150801AB80994B636040F24313A360984BE360FEE779
S3150801AB9020232370944B636040F23513A360934BD3
S3150801ABA0E360FEE71F2323708F4B636040F239137E
S3150801ABB0A3608E4BE360FEE78A4B1B78012B13D10A
S3150801ABC0002DDBD048F208039A4537D8BAF5004F6D
S3150801ABD019D8BAF1080F29D8BAF1000F1CD04FF4C9
S3150801ABE08B7323FA0AF315E0022323707E4B636005
S3150801ABF04FF49F73A3607D4BE3604FF00008404616
S3150801AC0003B0BDE8F08F0AF5FF437F339BB28B2172
S3150801AC1021FA03F3D90715D408232370724B63600D
S3150801AC204FF4A373A360714BE360FEE76FF4807280
S3150801AC300AEB02039BB2072BE9D9EDE70AF5FD43B7
S3150801AC407F33F7E729686A4B994209D00C232370A9
S3150801AC50654B63604FF4AC73A360644BE360FEE736
S3150801AC600AF4807300930C9B13B100230C9A1360AA
S3150801AC7001F036FD0AF00F09B9F1040F074607D0AE
S3150801AC80B9F1080F3AD001F026FDFDF759F86EE043
S3150801AC90E96836EA010C01EA060816D1009B13B1E8
S3150801ACA021EA0801E960534A12680AB1C2F87C80B0
S3150801ACB0384601F010FD002222704B4A62604FF4BB
S3150801ACC0BB72A260494AE26099E7BBF1000F08DA54
S3150801ACD001F001FD1D232370434B636040F27D1390
S3150801ACE088E7454B1B78002B38D001F0F4FC2D235F
S3150801ACF023703D4B63604FF4C2737BE7E96811EA41
S3150801AD00060813D0009B13B121EA0801E960394A04
S3150801AD1012680AB1C2F87C80384601F0DCFC0022D0
S3150801AD202270314A62604FF4D172CAE7BBF1000F53
S3150801AD3008DA01F0D0FC1D2323702B4B636040F227
S3150801AD40A91357E72C4B1B7843B101F0C4FC2D23FB
S3150801AD502370254B63604FF4D8734BE72846524658
S3150801AD603146019BFFF7E0FE384601F0B4FCFFF7D8
S3150801AD705DFD01F0B5FC1F4F06463B6893F825209B
S3150801AD800023032A50D8DFE802F00223463923704C
S3150801AD90154B636040F22D23A360144BE3603B68B7
S3150801ADA0D3F87C80009B4BB16FF4887242FA09F2A2
S3150801ADB0D30741D4EA6822EA0802EA60304601F07C
S3150801ADC08AFC00222270084A626040F26F2278E704
S3150801ADD001F081FC21232370034B63604FF40E734A
S3150801ADE008E700BFCD210320A33C0308323D030831
S3150801ADF0464C414704C20220C92103200C9A02B1DC
S3150801AE001360304601F067FC222323700D4B636003
S3150801AE1040F24123EEE601F05EFC31232370094B33
S3150801AE2063604FF41373E5E601F055FCFCF788FF00
S3150801AE302378002BB3D0E0E6304601F04CFCFCF752
S3150801AE407FFFBBE7A33C03082DE9F0410546884689
S3150801AE5017461C460BB9FCF773FF514B1B78012BA0
S3150801AE600CD0022323704F4B0025636040F2323326
S3150801AE70A3604D4BE3602846BDE8F0814DB90A232E
S3150801AE802370484B636040F23733A360464BE36057
S3150801AE90FEE7012F39D9B7F5004F0DD048F2010366
S3150801AEA09F4227D0082323703E4B636040F23A3312
S3150801AEB0A3603D4BE360FEE72A683C4B9A4228D1E2
S3150801AEC001F00EFC0646EB6848EA0303D5F8048050
S3150801AED0EB60B8F1000F2CD1304601F0FCFB314B89
S3150801AEE084F80080636040F26233A3602E4BED68FC
S3150801AEF0E360C0E72A682D4B9A420AD101F0F0FBBC
S3150801AF000646EB6823EA0803E0E72A68274B9A42D4
S3150801AF1009D00C232370234B63604FF45073A3604D
S3150801AF20214BE360FEE701F0DBFB012F0646CAD1A0
S3150801AF30E7E74046B0F88030D8F8188003F00F03E9
S3150801AF40042B07D0082B0ED0304601F0C4FBFCF7C2
S3150801AF50F7FE0CE0816FEB6831EA030307D10022A3
S3150801AF6001F020FE03E0E968836F1940F7D1B8F1D3
S3150801AF70000FDED1304601F0AEFB3B0401D4FFF7EA
S3150801AF8055FC01F0ADFBED6801F0A5FB002323702C
S3150801AF90044B636040F2A333A360034BE3606AE7A3
S3150801AFA0CD210320A33C0308273D0308464C41470E
S3150801AFB02DE9F84F0A9C0546894616460CB9FCF751
S3150801AFC0BFFEFFF76FFB48B120232370734B636005
S3150801AFD040F23313A360724BE360FEE74DB90A23CF
S3150801AFE023706E4B63604FF49B73A3606C4BE360F5
S3150801AFF0FEE766B1B6F5004F2ED008232370674BDE
S3150801B000636040F23913A360654BE360FEE72A6883
S3150801B010644B9A4224D101F069FB58BB624B93F801
S3150801B02000B0BBF1010F31D101F05AFB2F7D8246E9
S3150801B030DFF88081002F33D1D8F8003085F814B0B5
S3150801B040DA6A2B61EA60DD6201F045FB534B277032
S3150801B05063604FF4AA731FE02A68524B9A4213D0D1
S3150801B0600C2323704D4B636040F23D13A3604C4B98
S3150801B070E360FEE71F232370484B63604FF4A07318
S3150801B080A360474BE360FEE7484EC7E702232370F8
S3150801B090424B636040F24513A360414BE36013E002
S3150801B0A02B69D8F8002093421BD1FF2FDFF8EC80DB
S3150801B0B03B4E0BD101F00FFB1E23237040F25D13AB
S3150801B0C0C4F80480C4E90236BDE8F88F7B1C2B75E9
S3150801B0D001F001FB2323C4F80480237040F26913AD
S3150801B0E0F0E746B101F0F7FA1D2323702B4B636095
S3150801B0F04FF4BB73D0E72E49097841B101F0EBFA59
S3150801B1002D232370254B63604FF4C173C4E792F86E
S3150801B110271093F827208A4202D9184600F072F9B7
S3150801B1204A4604212846FFF7E5FC504601F0D3FAC2
S3150801B130FFF77CFB01F0D4FAD8F80030054693F8FE
S3150801B1402530032B26D8DFE803F002101E1700234B
S3150801B1502370124B63604FF4D073A360104BE36006
S3150801B1602846BDE8F84F01F0B6BA212323700B4BE8
S3150801B17063604FF4D573F0E722232370074B6360AE
S3150801B1804FF4DA73E9E731232370044B63604FF414
S3150801B190DF73E2E7FCF7D4FDE2E700BFB83D030839
S3150801B1A04B3E03084D555458CD2103200080FFFF1F
S3150801B1B0C921032004C202202DE9F04F85B00546B6
S3150801B1C0144603910AB9FCF7BBFDFFF76BFADFF8E2
S3150801B1D05481504F40B12023237040F25723C4E9CC
S3150801B1E00237C4F80480FEE745B90A23237040F202
S3150801B1F05A23C4E90237C4F80480FEE7039BC3F364
S3150801B2000E0343B10823237040F25D23C4E90237D4
S3150801B210C4F80480FEE72A683F4B9A4208D00C23FB
S3150801B220237040F26123C4E90237C4F80480FEE7BB
S3150801B2303A4B1B78012B68D101F052FADFF8E8B0D6
S3150801B2402B69DBF8009002904B450BD001F043FACD
S3150801B2501B264FF41B73C4E901832670E76005B00A
S3150801B260BDE8F08F2E7D013EF6B22E752EB101F0A6
S3150801B27032FA232640F27D23EDE71846294601F0E6
S3150801B280B8FC6B683BB902982E612E7501F023FA5A
S3150801B29040F28A23DFE799F8271099F828A0514543
S3150801B2A01BD0484601F0B1FC8245534628BF0346E8
S3150801B2B05FFA83FA514510D24846FFF7C9FBDBF816
S3150801B2C00020504682F827A000F030F8DBF800008D
S3150801B2D0FFF78EFB124A82F800A0012369682B75D5
S3150801B2E0CB6A2961EB600023CD621A460093284692
S3150801B2F001F0A1FB029801F0EEF9039B1B0401D4AE
S3150801B300FFF794FA40F2AD23A5E7022640F265233A
S3150801B310A1E700BF3F3E03084D555458CD210320F0
S3150801B320CB210320B83D030804C202201F28084A7E
S3150801B33006D84FF000411368C1400B4313607047AC
S3150801B34001235168C0F13F0083400B4353607047A6
S3150801B350F8C102201F28094B07D84FF000411A6887
S3150801B360C14022EA01021A60704701215A68C0F1F8
S3150801B3703F00814022EA01025A607047F8C1022063
S3150801B38008B5064B186828B95868EEF7F9FF203052
S3150801B390C0B208BDEEF7F4FFFAE700BFF8C1022014
S3150801B3A02DE9F04105460E4614460AB9FCF7C8FCD4
S3150801B3B0022EDFF84C80104F08D90823237040F27B
S3150801B3C0FD33C4E90237C4F80480FEE701F088F9C1
S3150801B3D00DB90A4B1D6805EB8605ED6E01F07BF983
S3150801B3E00023237040F205432846C4E90237C4F80E
S3150801B3F00480BDE8F08100BFE73E030804C20220CD
S3150801B400573E030870B504460D4694F8263094F85D
S3150801B4102760072B08D8013B062B0BD8DFE803F07A
S3150801B4201F22221F1F222200FF2B1AD0BDE87040BF
S3150801B430FCF786BC2046FFF70BFB284684F8275005
S3150801B440FFF774FF204B20461B68A34203D1BDE8D2
S3150801B4507040FFF7B5BABDE87040FFF7C9BA84F87E
S3150801B460275070BD94F8242084F82750082ADDD87F
S3150801B4700123934013F4B17F10D113F0840FF0D157
S3150801B480042AD3D1204601F084FA236AB5421C69FD
S3150801B49094F8273007D2AB42B7D8E2E72046BDE891
S3150801B4A0704001F076BAB342AFD1204601F0ADFB48
S3150801B4B094F8285094F82730854228BF0546EDB2FE
S3150801B4C0AB42A2D1CDE700BF04C202201FB5054B8E
S3150801B4D0186801F0C9FB69460020EEF78DFE05B034
S3150801B4E05DF804FB04C202202DE9F74F05460E4616
S3150801B4F014460AB9FCF724FCFFF7D4F8DFF8B09133
S3150801B500DFF8B08138B1202323707123C4E90238EA
S3150801B510C4F80490FEE701F0E9F838B11F23237057
S3150801B5207423C4E90238C4F80490FEE7584B1B7823
S3150801B530012B40F0A180574B1F78002F40F09F80C8
S3150801B540DFF874A1DAF80030002B00F09B80082E92
S3150801B55004D840F20513F340DB0707D40823237008
S3150801B5608723C4E90238C4F80490FEE745B9082ED2
S3150801B5706CD18C23C4E902382670C4F80490FEE71E
S3150801B58026F00203444EFBB101F033FC434BDAF8D3
S3150801B590002019683B46A0FB0101F8F743FB404B25
S3150801B5A01A6892F83C30002B3DD0136C31682B4455
S3150801B5B0136419B18B4224BF5B1A1364156C2D1AD7
S3150801B5C0002D43DD25EAE57533680BB1AB425CD93D
S3150801B5D000263146314BDAF800C01A683346501E48
S3150801B5E0E5FB0C01F8F71EFB824601F079F8CDE977
S3150801B5F00066DFF8ACB00546DBF800305146294A4B
S3150801B60003F1440001F0D1FB012690B1284601F06F
S3150801B61062F83746C423C4E901932770C4F80C803D
S3150801B62003B0BDE8F08F01232844106482F83C304A
S3150801B630CAE7DBF8000080F82660FFF709FA284612
S3150801B64001F049F8FFF7F2F8DD23E4E701F048F8DD
S3150801B650154B05461A78154B03EBC20653F83210FB
S3150801B6607668B14203D101F036F8D323D3E703EB69
S3150801B670C20001F081FAE2E702277823CBE72D27FA
S3150801B6807D23C8E713278223C5E71E27B023C2E710
S3150801B690CD210320C9210320F0C10220CCC10220FB
S3150801B6A004C20220C1CA0108CB21032008C2022014
S3150801B6B0F43E03086F3F0308ECC102202DE9F84365
S3150801B6C0099C8146884615461E46BDF820700CB968
S3150801B6D0FCF736FB27F01A034BB108232370444BBA
S3150801B6E0636040F21F13A360424BE360FEE7FB066B
S3150801B6F032D4B6F57A7F09D3082323703C4B6360AD
S3150801B7004FF49173A3603B4BE360FEE73B2D09D9E8
S3150801B71008232370364B636040F22313A360354B2D
S3150801B720E360FEE7B8F13B0F09D908232370304BD4
S3150801B73063604FF49273A3602E4BE360FEE7B9F1A1
S3150801B740630F24D908232370294B636040F225131C
S3150801B750A360284BE360FEE742F20F73984509D9C7
S3150801B76008232370224B636040F22713A360214B01
S3150801B770E360FEE7B9F57A7F09D3082323701C4BEA
S3150801B78063604FF49473A3601A4BE360FEE74FF4CA
S3150801B790616303FB09553C2303FB0855164B1A68DD
S3150801B7A082B14FF47A7303FB05639A420AD81E23C2
S3150801B7B023700F4B636040F23313A3600D4BE360B4
S3150801B7C0BDE8F8830D4B4FF47A7218684FF4FA7393
S3150801B7D0B3FBF0F333444343B3FBF2F307F00A0137
S3150801B7E0224600FB0530BDE8F843FFF77DBE00BFE2
S3150801B7F0F43E0308613F0308F4C10220CCC10220CC
S3150801B80010B5044620B94FF4D8711248FBF765FF05
S3150801B81023782BB1012B17D0022B18D0032B05D176
S3150801B82040F2FF736278D340DB0704D440F2B311C8
S3150801B8300848FBF752FF0122637821789A403023A2
S3150801B8405943054B5A5010BD40F2FF13EAE743F638
S3150801B850FF73E7E7793F030840D0035010B5044664
S3150801B86020B940F29D211248FBF737FF23782BB107
S3150801B870012B17D0022B18D0032B05D140F2FF73E9
S3150801B8806278D340DB0704D44FF428710848FBF7E4
S3150801B89024FF0122637821789A4030235943054BC6
S3150801B8A05A5010BD40F2FF13EAE743F6FF73E7E784
S3150801B8B0793F030840F00350034B5A68D20702D573
S3150801B8C0DA69002AF9D1704700C00A5038B9064B1F
S3150801B8D05A68D20702D59A6D002AF9D170478C2188
S3150801B8E00248FBF7FABE00BF00C00A50B040030881
S3150801B8F010B9044B5964704740F2C7110248FBF767
S3150801B900ECBE00BF00D00A50B040030810B9044B82
S3150801B9105964704740F203210248FBF7DEBE00BFB7
S3150801B92000E00A50B040030810B9044B1964704787
S3150801B93040F23F210248FBF7D0BE00BF00E00A50A3
S3150801B940B040030808B510B9044B186C08BD044883
S3150801B95040F27A21FBF7C1FE0020F7E700C00A5042
S3150801B960B040030838B504460D46FFF7AFFF14B9D2
S3150801B9701DB1012D04D0002001E0034BD86C38BD60
S3150801B980014B186DFBE700BF00C00A5070B50646AB
S3150801B9900D461446FFF79AFF16B915B1012D03D0C6
S3150801B9A070BD034BDC64FBE7014B1C65F8E700BF80
S3150801B9B000C00A5010B50446FFF788FF14B9024BB8
S3150801B9C0586D10BD0020FCE700C00A5070B50D4641
S3150801B9D008B3036813F4E07F03F03F06C3F382124A
S3150801B9E012D0012A12D0022A15D10C4C9B0603D576
S3150801B9F091210B48FBF771FE55B104F580540123DB
S3150801BA000020B340236070BD064CEFE7064CEDE716
S3150801BA1004F50054F3E70E20F5E700BF6C800050EB
S3150801BA20063A030864800050688000500229F8B578
S3150801BA3005460E460CD8144B5C5C012D0ED0022D22
S3150801BA400FD08DB944F00204104B1F688FB9F8BDA9
S3150801BA50B0210F48FBF741FE0024EEE744F0080445
S3150801BA60F2E744F02004EFE7C1210948FBF735FE68
S3150801BA70EAE77B681A68144203D0314628465B68B0
S3150801BA8098473F68E2E700BF4D4703088CC4022088
S3150801BA90C846030838B5104D2B78ABB10F4C23783F
S3150801BAA01BB100F07BFA00232370002000F09EFAF8
S3150801BAB00B4C50B100F0A4FA0023012120782B7019
S3150801BAC0FFF7B4FF0123237038BD0122054B1A7015
S3150801BAD02278054B1A70F7E7D8210320D6210320CF
S3150801BAE0DE210320D9210320DA21032010B500F035
S3150801BAF0EEFD064B04461B781BB1BDE8104000F06D
S3150801BB00E1BDFFF7C7FF2046F7E700BFD5210320B0
S3150801BB1010B5174C2378FF2B1BD1B8B14FF46471BC
S3150801BB201448FBF7DAFD2378FF2B1DD0EBB101335F
S3150801BB302370114B1B78012B16D9104B1B789BB917
S3150801BB40BDE81040FFF7A6BF0028F0D1013B2370DE
S3150801BB500AE0002BF8D140B940F295310548FBF7C8
S3150801BB60BCFD2378002BF1D110BD2378DFE700BF98
S3150801BB70DD21032050470308DE210320D9210320B4
S3150801BB80431E012B2DE9F0410D4623D940F2B1118F
S3150801BB903248FBF7A2FD324C2378FF2B1ED13DB369
S3150801BBA040F2B9112D48FBF798FD2378FF2B13D0E6
S3150801BBB00BB32C4E01333278DBB2012A23700BD931
S3150801BBC0F3B902243078A04206D02146FFF72EFFAA
S3150801BBD0347001E00228DED1BDE8F0816BB955B9B0
S3150801BBE04FF4DF711D48FBF778FD2378002BF3D05E
S3150801BBF0013B2370F0E72378DBE7002DF8D0D8E77F
S3150801BC0000F065FD184F04463B7823B9204600F03D
S3150801BC1059FD0124D6E7154D2B781BB901222A7047
S3150801BC20134A1370DFF84C8098F8003023B100F0FE
S3150801BC30B5F9002388F80030204600F043FD0120BD
S3150801BC4000F0D4F900F043FD2B7804461BB100F04F
S3150801BC50D7F900232B7000233B70D7E75047030819
S3150801BC60DD210320DE210320D8210320D52103204D
S3150801BC70D9210320D62103202DE9FF47EFF31085AB
S3150801BC8072B6AFF3008000F0F1FF00286FD0714E55
S3150801BC90714F337823B10020FFF73AFF0023337041
S3150801BCA0387868B903A900F071FB48B96B4B039A58
S3150801BCB01B689A4263D80120FFF72AFF01233370D4
S3150801BCC03B78674CDFF8C491002B76D020780128A1
S3150801BCD040F09880207800F02DF999F8003013B1DA
S3150801BCE0604B1B782370AFF30080284601F039F8C2
S3150801BCF0EFF3108572B65C4B1A7852B100221A70AE
S3150801BD00584B20781B78984203D101212170FFF7FF
S3150801BD108DFE564800F0ECFA00F0AFFF8046002889
S3150801BD20B7D1534B534F18703B789BB189F8000034
S3150801BD30DFF8549199F800301BB100F02FF989F812
S3150801BD400080002000F052F9002879D000F058F957
S3150801BD5000233B70337823B10020FFF7D9FE002377
S3150801BD60337000212078FFF761FE00232370AFF3BB
S3150801BD700080284604B0BDE8F04700F0F2BF3E4B0C
S3150801BD801C6800F087F9241804D540F262313B4853
S3150801BD90FBF7A3FC039B9C428DD200F075F9830047
S3150801BDA043F002039BB2019300230399344A00939B
S3150801BDB0091B2E4800F0DAFF82E72E4BDFF8B08028
S3150801BDC01B780BB900F0CEF82078022831D198F803
S3150801BDD0003023B10022264B1A70AFF30080DFF83A
S3150801BDE0948098F80030002B7FF474AF254B1B78AC
S3150801BDF023B900F0CDF80122234B1A70012388F8E4
S3150801BE00003067E74FF001080023DFF864A08AF8DD
S3150801BE10003099F8003013B94146FFF707FE9AF842
S3150801BE20003084F800803BB1B8F1020F7FF452AFBD
S3150801BE30D0E74FF00208E7E7B8F1020FCFD049E79C
S3150801BE40012000F077F8284600F08BFFEFF3108504
S3150801BE5072B676E7D7210320DD21032094C4022098
S3150801BE60DE210320DA210320D321032098C40220EE
S3150801BE70DB210320D821032090C402205047030860
S3150801BE80EDBA0108DC210320D6210320D92103209C
S3150801BE9038B500F01CFC094B05461B78012B04D864
S3150801BEA000F010FC0024204638BD054B1C6800F044
S3150801BEB0F1F80444284600F005FCF4E7DE210320E6
S3150801BEC090C40220164B17491A6F10B502F00702E3
S3150801BED00A601549154C8969032A01F00200C1F364
S3150801BEE04001134A21700FD0D3F8201101F0070140
S3150801BEF0022909D0D3F8281101F00701022903D034
S3150801BF000021117018B910BD01231370FBE7D3F88E
S3150801BF10003103F00303591E4B424B41F5E700BFBD
S3150801BF2000800050C0C4022000C00150E221032055
S3150801BF30E3210320012805D00238012809D8002069
S3150801BF40ECF746B9054A136923F00403136130BFB8
S3150801BF50704740F26D210248FBF7BFBB00ED00E0D8
S3150801BF60D2470308074A0849D2F8203103F00703E4
S3150801BF700B60D2F82831054A03F007031360FBF773
S3150801BF809EBE00BF00800050CCC40220C8C4022057
S3150801BF900122014B1A707047E12103200F4B10B59E
S3150801BFA01B7883B10E4C2378A3B90E4B9A6DD10336
S3150801BFB002D5DA6D920702D49B6DDB0704D54FF4DF
S3150801BFC08032094B9A6210BDEEF7D2FD4FF48032EA
S3150801BFD0054B9A6200232370F5E700BFE32103208E
S3150801BFE0E02103200040005A0050005A034B1B78F9
S3150801BFF00BB1EEF769BE0120704700BFE3210320AC
S3150801C00008B5FBF75DFE174B1B7833B10122164BBA
S3150801C0105A60164A9369DB07FCD5154B15491A6F01
S3150801C020096822F007020A431A671349D3F820213F
S3150801C030096822F007020A43C3F820210F49D3F8F9
S3150801C0402821096822F007020A43C3F828210C4B64
S3150801C0501B781BB14FF480320A4B9A62BDE808403F
S3150801C060FEF7AEBAE221032000D0015000C001500C
S3150801C07000800050C0C40220CCC40220C8C40220DB
S3150801C080E32103200060005A014B1878704700BF6E
S3150801C090E321032008B5054B187818B1EEF7E4FD3E
S3150801C0A000EBD000024B1B68184408BDE3210320AE
S3150801C0B0BCC4022008B5164B1A7822B300221A709E
S3150801C0C0144B1A6F22F0070242F001021A67D3F8DD
S3150801C0D0202122F0070242F00302C3F82021D3F8F7
S3150801C0E0282122F0070242F00302C3F828210A4B4D
S3150801C0F01B7833B10122094B5A60094A53689B07D9
S3150801C100FCD4FEF75DFA0122064B5A6708BD00BF4B
S3150801C110E121032000800050E221032000E00150C4
S3150801C12000C001500060005A0D490B68A0B10022F9
S3150801C130A3B1834203D1836822B90B6003E01A468F
S3150801C1409B68F5E7936083680BB9002070475A69C5
S3150801C15041690A445A61F8E722207047022070476C
S3150801C160DCC4022038B500F007FA0025084B094C53
S3150801C1701A682368C31A2AB123B15169994203D3AC
S3150801C180C91A5161206038BD55615B1A9268F2E798
S3150801C190DCC40220D8C4022038B5154D2B682BB350
S3150801C1A05B69A3B1134A022014681C4400F047FED8
S3150801C1B0204600F01FFA00230F492A680B7022B1A6
S3150801C1C0D08880070AD501230B70002038BD0220CC
S3150801C1D000F035FE022000F057FAECE79268002AD3
S3150801C1E0F3D050690344012BEAD9EEE72220EDE7A3
S3150801C1F0DCC40220D8C40220E5210320C38870B517
S3150801C20004460D463BB9FFF743FE8542064602D270
S3150801C210FCF750F835460E4965610B688BB90C6019
S3150801C220A3600DE0AD1A9A68184665616AB11346AE
S3150801C2305A69AA42F6D930B18460521BA3605A6181
S3150801C24070BD0020F4E70C60F7E79C60A260F7E791
S3150801C250DCC40220F8B515469DF81C20BDF82070EF
S3150801C2600271069A0446026000220E46C0E90335A9
S3150801C2708260C7809DB900F07FF93044A0614EB154
S3150801C2803546062F1DD10822174B28469A6200F01B
S3150801C2907BF902E0E36866617BB90020F8BD00F02E
S3150801C2A06BF92844A061002EEAD1E3686661002B88
S3150801C2B0E7D0204621689847E3E720462168984752
S3150801C2C0EBE700F004FA0646FFF74CFF294620463D
S3150801C2D0FFF794FF054B1B68A34201D1FFF75CFFEB
S3150801C2E0304600F0EFF9D8E70050005ADCC40220C6
S3150801C2F038B5044640B3C388062B01D100F0CCF902
S3150801C30000F0E5F90546FFF72DFF104B20461B689F
S3150801C310A34208D0FFF708FF044680B1284600F07B
S3150801C320D1F9204638BDFFF7FFFE04460028F5D1AE
S3150801C330FFF732FF222802D1022000F093F928469E
S3150801C34000F0C0F90024ECE72224EAE7DCC4022065
S3150801C35038B50C460546A8B1A1B100230B7000F00B
S3150801C360BFF90121084B1B6833B900F0B4F9002065
S3150801C37038BD9D4204D121702278002AF9D0F4E70C
S3150801C3809B68F1E72220F3E7DCC40220F8B50646EC
S3150801C3900F4600F0A5F900250446124B1B6823B980
S3150801C3A0204600F098F91B2011E05A691544DA88ED
S3150801C3B0B2420DD100F0E0F80B4E3368C01AA8421C
S3150801C3C00AD3002320463B6000F085F90020F8BD1A
S3150801C3D0FF2EEFD09B68E2E700F0CEF833682B44D6
S3150801C3E01B1AEFE7DCC40220D8C40220014B1868E7
S3150801C3F0704700BFE0C4022008B5084B1B7803F05C
S3150801C400FF004BB100F0F5FC054B1B689B69C01A90
S3150801C41002288CBF0020012008BD00BFE5210320AA
S3150801C420DCC40220014B1870704700BFE4210320C9
S3150801C430C2072DE9F843044607D54B4A1368013369
S3150801C4401360FFF78FFEFFF7A7FEA30740F18A8067
S3150801C45000F046F94FF0000805464646FFF782FE0A
S3150801C460424F3C680CB16369A3B10022404B012ECF
S3150801C4701A7003D118F0020F18BF1E70FFF78CFE51
S3150801C480222802D1022000F0EDF82846BDE8F8433B
S3150801C49000F021B923465A693AB91A7921799142A4
S3150801C4A088BF1C469B68002BF5D1284600F013F976
S3150801C4B02569DDB100F060F8A269A0EB02084FEA30
S3150801C4C0E873A84573F1000311DB23691344A361DB
S3150801C4D0E36813B1204621689847B4F8068000F04E
S3150801C4E0FFF801360546FFF73DFEBAE7A84600F014
S3150801C4F0F7F881462046FFF717FE484600F0EBF8A5
S3150801C5002369002BE4D0B5EB08054FEAE87363EB22
S3150801C5104303012D73F1000304DA40F2476115481C
S3150801C520FBF7DBF8A38B33B1E28B13449BB2B3F56C
S3150801C5307A7F0FD2E38300F0D3F880462946204656
S3150801C540FFF75CFEA369226940461344A36100F024
S3150801C550C2F8BDE7A3F57A73E383A369013D013BFD
S3150801C560A361E8E7BDE8F883E4C40220DCC402203D
S3150801C570E42103208048030808B5FFF79DF9014B1C
S3150801C580986908BD00C00A5038B5044600F09FF8FE
S3150801C5900546FFF791F90E4B022C9A694FF00101F6
S3150801C5A08CBF12190332B2F1FF3F38BF013A00209E
S3150801C5B0FFF7ECF9284600F085F8064B1A7832B1F0
S3150801C5C00221054A91640421916400221A7038BD3A
S3150801C5D000C00A505E23032000D00A5007B5044B59
S3150801C5E001A9187900F04DFB019803B05DF804FB29
S3150801C5F07C420308F8B5044600F069F80746FFF7D8
S3150801C6005BF9154B9D6900F016FC06460020FFF7FD
S3150801C61099F9830704D4731B032B01D8AE420FD1B2
S3150801C6200021631B022B98BFEC1C0846B4F1FF3F9F
S3150801C6302CBF2246621EFFF7A9F9022000F0FFFB74
S3150801C640384600F03FF8054B1A7822B10121044A11
S3150801C650916400221A70F8BD00C00A505F230320B6
S3150801C66000D00A50830700F0010106D50123044AC8
S3150801C67041F002011370034A93640020FFF746B99B
S3150801C6805F23032000E00A50830742BF0222014BC1
S3150801C6901A64704700D00A50054B1A7832B902213C
S3150801C6A0044A91640421916401221A70704700BFFB
S3150801C6B05E23032000E00A504FF4004070474FF410
S3150801C6C07A70704710B962B6BFF36F8F7047EFF390
S3150801C6D0108072B6704780F31188BFF36F8F704769
S3150801C6E0EFF31180302383F311887047EFF310833A
S3150801C6F0DB0706D4EFF311802F2894BF0020012011
S3150801C700704701207047F0B50F46054685B080B3DE
S3150801C71000292EDBFFF7E4FF6C696E683C436C6108
S3150801C72086B9FFF7D8FF6B46324639462846FEF7E3
S3150801C7308BFB9DF80030002B18BF6FF002042046D2
S3150801C74005B0F0BDB6F88030DA0505D503F00F035C
S3150801C750042B03D0082B08D0B669E1E7B36F33EA97
S3150801C7600402F9D124EA0304F6E7B36F2340F3D0B0
S3150801C770F8E76FF00304E2E77FB50E460446B0B169
S3150801C780FFF7AEFF656925EA06036361FFF7A3FFB5
S3150801C7906B46012231462046FEF756FB9DF80030CE
S3150801C7A0002B18BF4FF0FF35284604B070BD6FF057
S3150801C7B00305F9E7F0B50C4615461F46064689B046
S3150801C7C020B96FF00307384609B0F0BD0029F8DB38
S3150801C7D05A1C2DD1FDF766FF0028F2D10746EB0753
S3150801C7E004AA4CBF40F0040340F00803019215F077
S3150801C7F0020503AA214608BF43F480730092304616
S3150801C8003A46FEF7A1F9FFF76BFF776915B927EAEB
S3150801C81004047461FFF75FFF9DF81030212B23D0C4
S3150801C8200FD8002BCFD01D2B16D04FF0FF37CAE7F4
S3150801C83023B1FDF737FF0028D1D0C2E74FF40040F6
S3150801C840CDE7222B0DD02D2B0ED0312B0CBF6FF03F
S3150801C85002074FF0FF37B6E7002F08BF6FF0020750
S3150801C860B1E76FF00107AEE76FF00207ABE730B546
S3150801C87089B005460C46FDF715FF024610BB25B3E0
S3150801C880B4B1631C00D1044604AB0093214603AB43
S3150801C8902846FEF78DFB9DF81030222B18D0232B46
S3150801C8A009D0002B0CBF00206FF0020009B030BD83
S3150801C8B04FF40042E8E76B7E002B14BF00206FF0AF
S3150801C8C00200F3E76FF00500F0E76FF00300EDE70C
S3150801C8D06FF00100EAE71FB50446FDF7E3FE0146DE
S3150801C8E070B984B120466A46FEF766FC9DF80000D9
S3150801C8F020B123280CBF00206FF0020004B010BD40
S3150801C9006FF00500FAE76FF00300F7E708B5FEF7E1
S3150801C91037FDA0F140035842584108BD036810B5D8
S3150801C92091F8272023B9C1E906330160416017E070
S3150801C93093F8274094420CD89B69002BF8D18B6158
S3150801C9404368CB619961F1E7C1E906329161D96121
S3150801C95006E0DA69002AF7D1C1E90632D961016030
S3150801C96010BD016A41B14B689B6933B9C1E901330D
S3150801C9700023C0E9063303627047D0E9063212B9CB
S3150801C980DA614B60F4E793610BB98A60F0E7DA6123
S3150801C990EEE738B5056A6B689B6943B1FFF7E1FFB6
S3150801C9A005620146281DBDE83840FFF7B7BF38BD07
S3150801C9B038B590F8263004461546072B37D8DFE8F0
S3150801C9C003F01E1E04041E1E1F1F00234366A0F843
S3150801C9D06830FFF7C6FF90F82630032B05D144309F
S3150801C9E0FFF786FC08B1FBF7ABF92046FEF718F806
S3150801C9F0002384F8255084F8263084F8243038BD7D
S3150801CA0000234366A0F86830FFF7ABFF90F826309D
S3150801CA10072B05D14430FFF76BFC08B1FBF790F9FA
S3150801CA20042384F8255084F826300023E5E7BDE879
S3150801CA303840FBF785B938B50C4691F82610072911
S3150801CA4007D80239052906D8DFE801F006060505E3
S3150801CA502020FF2930D138BD6266A4F8683010B1AC
S3150801CA602046FFF77EFF94F82630032B06D104F102
S3150801CA704400FFF73DFC08B1FBF762F92046FDF7D4
S3150801CA80CFFF0023A38484F82630E4E76266A4F87E
S3150801CA90683010B12046FFF764FF94F82630072B5B
S3150801CAA006D104F14400FFF723FC08B1FBF748F966
S3150801CAB00023A3840423E6E7BDE83840FBF740B921
S3150801CAC0F8B50C46FFF70CFE94F826300746013BED
S3150801CAD0062B39D8DFE803F0453804384C3804000A
S3150801CAE0002694F824302046042B0ABF236A3546CB
S3150801CAF01D696666A4F86860FFF733FF94F8263067
S3150801CB00032B28D1FDF78CFF84F826604FF4407378
S3150801CB10A384CDB195F8273095F828209A4213D0E9
S3150801CB2094F827209A420FD1284600F06EF895F816
S3150801CB30281095F82730814228BF0146C9B28B4291
S3150801CB4002D02846FEF75EFC3846FFF7C4FDBDE86D
S3150801CB50F840FDF76BBE072B04BF042384F8263083
S3150801CB60D4E70023204684F82630FDF759FFEBE782
S3150801CB70042384F82630E7E7D0E90032934210B55A
S3150801CB800FD00021DC68A24215BF2161C3E9031257
S3150801CB90C3E90312C2E9033116BFD3600260046018
S3150801CBA0436010BD002310B5838490F826300446EF
S3150801CBB0C167072B1AD8DFE803F012120404121210
S3150801CBC01717032B05D14430FFF792FB08B1FBF782
S3150801CBD0B7F82046FDF724FF002384F826302046BF
S3150801CBE0BDE81040FFF7BDBE0423F6E7FBF7A8F83A
S3150801CBF0F5E7C36A00F12C028B42D86801D11060AF
S3150801CC00704703F10C020346F6E7C36A3F2003B9EE
S3150801CC1070475A6822B192F82720904228BF1046D9
S3150801CC20DB68F4E72DE9F341054601260027C46AC6
S3150801CC3014B902B0BDE8F08121462846D4F80C8023
S3150801CC40FFF7D7FF616819B9217521614446EFE7F6
S3150801CC502675CB6A2561E3600023CC621A46204615
S3150801CC600097FFF7E8FEF1E77047704708B5FFF749
S3150801CC704DFE003818BF012008BD08B5FBF7FAF8C4
S3150801CC8008BD09B100F008B8222070470121FEF756
S3150801CC909DBE0021FEF79ABE70B506460D46FFF702
S3150801CCA01FFD0446202E59D8DFE806F0111A581F31
S3150801CCB0222558282B582E58313458373A3D584092
S3150801CCC05843585558465849584C584F5200FDF73D
S3150801CCD057FC002628602046FFF7FDFC304670BD4C
S3150801CCE04FF4C070EAF7CEFBF3E74FF42070F9E78B
S3150801CCF04FF44070F6E74FF46070F3E74FF40070B5
S3150801CD00F0E74FF48060EDE74FF44060EAE74FF44F
S3150801CD10C060E7E74FF4F060E4E74FF4B060E1E79D
S3150801CD204FF4D060DEE74FF41060DBE74FF4E060C4
S3150801CD30D8E74FF4A060D5E74FF41860D2E74FF46F
S3150801CD402860CFE74FF48070CCE74FF42060C9E73D
S3150801CD504FF44860C6E74FF40860C3E70020212670
S3150801CD60B8E710B962B6BFF36F8F70472DE9FF4177
S3150801CD700D4616461F460446A8B14FF00008C0F8EE
S3150801CD801C80FFF7B5FABDF82C30424602939DF890
S3150801CD9028302946CDE9007320463346FFF75AFA6B
S3150801CDA004B0BDE8F0812220FAE7F0B51F4600235A
S3150801CDB087B00D46164604468DF81730A8B1C361EB
S3150801CDC00DF11701FFF7C4FA9DF817207AB9BDF8D6
S3150801CDD03430294602939DF830302046CDE9007358
S3150801CDE03346FFF737FA07B0F0BD2220FBE70320E9
S3150801CDF0F9E738B5FFF774FC0546FFF7BDFB0446AE
S3150801CE002846FFF768FC204638BD00F021B800F037
S3150801CE1030B810B504460020FEF794FD012C04D065
S3150801CE20022C05D1C0F3400010BD00F00100FBE75C
S3150801CE300020F9E7704700210846FEF793BD00F088
S3150801CE400101830748BF41F002010020FEF750BDEA
S3150801CE50002008B5FEF776FD10F0080008D000207E
S3150801CE600821FEF761FDBDE808400020FEF7A2BDD6
S3150801CE7008BD04210020FEF757BD38B5FFF730FC81
S3150801CE8004460020FEF75EFD830700F0010548BF52
S3150801CE9045F0020500F003010020FEF745FD28468E
S3150801CEA0FFF7C6FA2046BDE83840FFF714BC000074
S3150801CEB00000000000000000000000000000000063
S3150801CEC0F8B500BFF8BC08BC9E467047F8B500BF68
S3150801CED0F8BC08BC9E4670474661696C6564207457
S3150801CEE06F20616C6C6F63617465206368616E6E37
S3150801CEF0656C20627566666572730A006C6F776584
S3150801CF00725F6672657175656E63795F6C696D6965
S3150801CF1074203E3D20302E306600433A2F55736506
S3150801CF2072732F536964646861727468204E6175FF
S3150801CF30746979616C2F53696D706C696369747969
S3150801CF4053747564696F2F53444B732F73696D70EE
S3150801CF506C69636974795F73646B2F657874656E40
S3150801CF6073696F6E2F61696D6C2D657874656E7363
S3150801CF70696F6E2F6D6963726F66726F6E74656E17
S3150801CF80642F6C69622F66696C74657262616E6B77
S3150801CF905F7574696C2E630075707065725F667271
S3150801CFA0657175656E63795F6C696D6974203E207C
S3150801CFB06C6F7765725F6672657175656E63795FA9
S3150801CFC06C696D6974004661696C656420746F20CB
S3150801CFD0616C6C6F636174652077656967687473E2
S3150801CFE0206F7220756E776569676874730A0046E3
S3150801CFF0696C74657262616E6B20656E645F696ED9
S3150801D0006465782069732061626F7665207370653F
S3150801D010637472756D2073697A652E0A0043616CB3
S3150801D02063756C61746543656E7465724672657184
S3150801D03075656E63696573005043414E206D75735E
S3150801D040742062652064697361626C65642069662F
S3150801D050206E6F69736520726564756374696F6E96
S3150801D0602069732064697361626C6564004661694D
S3150801D0706C656420746F20706F70756C61746520BF
S3150801D08077696E646F772073746174650A00466107
S3150801D090696C656420746F20696E697469616C696D
S3150801D0A07A65204646540A004661696C65642074AF
S3150801D0B06F20706F70756C6174652066696C746534
S3150801D0C07262616E6B2073746174650A00466169E8
S3150801D0D06C656420746F20706F70756C617465205F
S3150801D0E06E6F69736520726564756374696F6E2006
S3150801D0F073746174650A004661696C656420746FAE
S3150801D10020706F70756C617465207063616E20673D
S3150801D11061696E20636F6E74726F6C2073746174CB
S3150801D120650A004661696C656420746F20706F70CA
S3150801D130756C617465206C6F67207363616C65201B
S3150801D14073746174650A00000000E000BA018E027A
S3150801D1505D032704EB04AA0564061907C8077308C3
S3150801D1601909BA09560AED0A800B0F0C980C1E0DFF
S3150801D1709F0D1B0E940E080F780FE40F4C10B0107C
S3150801D18010116C11C51119126A12B7120013461340
S3150801D1908913C71303143A146F14A014CE14F81480
S3150801D1A020154415651583159D15B515CA15DB1585
S3150801D1B0EA15F615FF1505160816091606160116B7
S3150801D1C0FA15EF15E215D215C015AB1594157A1592
S3150801D1D05E153F151E15FA14D414AB148114531495
S3150801D1E02414F213BE13881350131513D9129A1265
S3150801D1F059121612D1118A114011F510A81058109A
S3150801D2000710B40F5F0F080FAF0E540EF70D990DE7
S3150801D210380DD60C720C0C0CA50B3B0BD00A630A05
S3150801D220F509850913099F082A08B3073B07C106AB
S3150801D2304506C8054905C8044604C3033E03B702A3
S3150801D2402F02A5011A018E00000000004661696CD3
S3150801D250656420746F20616C6C6F632065737469F3
S3150801D2606D617465206275666665720A0046616954
S3150801D2706C656420746F20616C6C6F6361746520E2
S3150801D2806761696E204C55540A004661696C65648C
S3150801D29020746F20616C6C6F636174652077696EA9
S3150801D2A0646F7720636F656666696369656E747313
S3150801D2B00A004661696C656420746F20616C6C6F45
S3150801D2C0636174652077696E646F7720696E70751E
S3150801D2D0740A004661696C656420746F20616C6C20
S3150801D2E06F636174652077696E646F77206F7574F3
S3150801D2F07075740A0021224261642063666674208F
S3150801D3006C656E6774682200736C5F7374617475FB
S3150801D310735F7420736C695F6D6C5F6666745F69B1
S3150801D3206E697428736C695F6D6C5F6666745F738A
S3150801D330746174652A2C2073697A655F74290043C0
S3150801D3403A2F55736572732F5369646468617274F1
S3150801D35068204E6175746979616C2F53696D706CBB
S3150801D360696369747953747564696F2F53444B7390
S3150801D3702F73696D706C69636974795F73646B2F58
S3150801D380657874656E73696F6E2F61696D6C2D654D
S3150801D3907874656E73696F6E2F7372632F64737019
S3150801D3A02F736C5F6D6C5F6666742E63630048410C
S3150801D3B04C5445440A006578706F6E656E74203E5C
S3150801D3C03D203000496E7465676572547970652031
S3150801D3D067656D6D6C6F77703A3A526F756E6469F1
S3150801D3E06E674469766964654279504F5428496E77
S3150801D3F07465676572547970652C20696E74292085
S3150801D4005B7769746820496E7465676572547970CB
S3150801D41065203D206C6F6E6720696E745D00633A06
S3150801D4205C75736572735C73696464686172746848
S3150801D430206E6175746979616C5C73696D706C696C
S3150801D4406369747973747564696F5C73646B735C0F
S3150801D45073696D706C69636974795F73646B5C6514
S3150801D4607874656E73696F6E5C61696D6C2D65782C
S3150801D47074656E73696F6E5C74686972645F7061F6
S3150801D4807274795C67656D6D6C6F77705C666978C7
S3150801D4906564706F696E745C6669786564706F69D6
S3150801D4A06E742E68006578706F6E656E74203C3DEB
S3150801D4B020333100433A2F55736572732F536964CC
S3150801D4C0646861727468204E6175746979616C2F3C
S3150801D4D053696D706C696369747953747564696F9E
S3150801D4E02F53444B732F73696D706C696369747933
S3150801D4F05F73646B2F657874656E73696F6E2F61E0
S3150801D500696D6C2D657874656E73696F6E2F7372AC
S3150801D510632F6B65726E656C732F6D7670312F6133
S3150801D52064642E63630025733A2564202573207786
S3150801D5306173206E6F7420747275652E00696E7042
S3150801D54075743120213D206E756C6C70747200699A
S3150801D5506E7075743220213D206E756C6C70747214
S3150801D560006F757470757420213D206E756C6C7032
S3150801D5707472005479706520257320282564292042
S3150801D5806E6F7420737570706F727465642E0043C4
S3150801D5903A2F55736572732F53696464686172749F
S3150801D5A068204E6175746979616C2F53696D706C69
S3150801D5B0696369747953747564696F2F53444B733E
S3150801D5C02F73696D706C69636974795F73646B2F06
S3150801D5D0657874656E73696F6E2F61696D6C2D65FB
S3150801D5E07874656E73696F6E2F7372632F6B6572CC
S3150801D5F06E656C732F6D7670312F636F6E762E6341
S3150801D6006300696E70757420213D206E756C6C70AF
S3150801D61074720066696C74657220213D206E756CA2
S3150801D6206C7074720054797065202573206E6F745E
S3150801D6302063757272656E746C7920737570706F7C
S3150801D640727465642E0025733A256420257320219A
S3150801D6503D2025732028256420213D2025642900A5
S3150801D66073746174757300534C5F53544154555325
S3150801D6705F4F4B00433A2F55736572732F53696495
S3150801D680646861727468204E6175746979616C2F7A
S3150801D69053696D706C696369747953747564696FDC
S3150801D6A02F53444B732F73696D706C696369747971
S3150801D6B05F73646B2F657874656E73696F6E2F611E
S3150801D6C0696D6C2D657874656E73696F6E2F7372EB
S3150801D6D0632F6B65726E656C732F6D7670312F666D
S3150801D6E0756C6C795F636F6E6E65637465642E63C2
S3150801D6F0630041524D5F434D5349535F4E4E5F534D
S3150801D7005543434553530061726D5F66756C6C7979
S3150801D7105F636F6E6E65637465645F733828202670
S3150801D7206374782C202666635F706172616D732C51
S3150801D73020267175616E745F706172616D732C203C
S3150801D74026696E7075745F64696D732C2074666CD6
S3150801D7506974653A3A6D6963726F3A3A4765745402
S3150801D760656E736F72446174613C696E74385F7477
S3150801D7703E28696E707574292C202666696C746555
S3150801D780725F64696D732C2074666C6974653A3AC4
S3150801D7906D6963726F3A3A47657454656E736F7251
S3150801D7A0446174613C696E74385F743E2866696CBD
S3150801D7B0746572292C2026626961735F64696D73C9
S3150801D7C02C2074666C6974653A3A6D6963726F3AAE
S3150801D7D03A47657454656E736F72446174613C6946
S3150801D7E06E7433325F743E2862696173292C202670
S3150801D7F06F75747075745F64696D732C2074666CCB
S3150801D8006974653A3A6D6963726F3A3A4765745451
S3150801D810656E736F72446174613C696E74385F74C6
S3150801D8203E286F7574707574292900496E76616C86
S3150801D830696420706172616D6574657220427569EB
S3150801D8406C74696E4F70657261746F725F4355537C
S3150801D850544F4D20746F20746865200041646442FA
S3150801D86075696C74696E2066756E6374696F6E2E60
S3150801D8700043616C6C696E67204164644275696C2A
S3150801D88074696E2077697468207468652073616DA0
S3150801D89065206F70206D6F7265207468616E200057
S3150801D8A06F6E6365206973206E6F7420737570706F
S3150801D8B06F7274656420284F703A20232564292ED7
S3150801D8C000436F756C646E2774207265676973749B
S3150801D8D06572206275696C74696E206F70202325E4
S3150801D8E0642C207265736F6C7665722073697A652C
S3150801D8F02000697320746F6F20736D616C6C20282A
S3150801D9002564292E004572726F723A20496E766136
S3150801D9106C6964206D6F64656C2076657273696FD6
S3150801D9206E004572726F723A204172656E6120739C
S3150801D930697A6520746F6F20736D616C6C2C206633
S3150801D94061696C656420746F20616C6C6F636174C6
S3150801D950652074656E736F72730000000000000025
S3150801D96000000000FB740108C1740108013A0008AF
S3150801D970BF740108BF740108433A2F557365727362
S3150801D9802F536964646861727468204E617574699D
S3150801D99079616C2F53696D706C6963697479537415
S3150801D9A07564696F2F53444B732F73696D706C6976
S3150801D9B0636974795F73646B2F657874656E7369CF
S3150801D9C06F6E2F61696D6C2D657874656E73696FFD
S3150801D9D06E2F74686972645F70617274792F7466E8
S3150801D9E06C6974652D6D6963726F2F74656E736FDB
S3150801D9F072666C6F772F6C6974652F6D6963726FC8
S3150801DA002F6B65726E656C732F636D7369735F6EC9
S3150801DA106E2F736F66746D61782E6363004E756D34
S3150801DA20496E70757473286E6F646529004E756D3D
S3150801DA304F757470757473286E6F646529004E7519
S3150801DA406D44696D656E73696F6E7328696E70755D
S3150801DA507429203E3D2031006E6F64652D3E757335
S3150801DA6065725F6461746120213D206E756C6C700E
S3150801DA707472000A3D3D3D20415544494F20434CAF
S3150801DA8041535349464945522076362E312028338B
S3150801DA902D436C61737329203D3D3D00436C6173D1
S3150801DAA07365733A2062656C6C795F7061696E287B
S3150801DAB03029206C617567682831292073696C657E
S3150801DAC06E636528322900536D6F6F7468696E67D6
S3150801DAD03A202564206672616D6573207C20436F48
S3150801DAE06E666964656E6365207468726573686FCE
S3150801DAF06C643A2025640A003D3D3D3D3D3D3D3D72
S3150801DB003D3D3D3D3D3D3D3D3D3D3D3D3D3D3D3D36
S3150801DB103D3D3D3D3D3D3D3D3D3D3D3D3D3D3D3D26
S3150801DB203D0A00423A253464204C3A253464205390
S3150801DB303A253464202D3E20257328256429207C26
S3150801DB4020004E4F4953452D3E4F4646004C4F57F0
S3150801DB505F434F4E462D3E4F4646005245440059B7
S3150801DB60454C4C4F5700617564696F207461736B3E
S3150801DB70002E2E2F617564696F5F636C617373691B
S3150801DB80666965722E63630042454C4C59004C41E7
S3150801DB905547480053494C454E43450088DB010823
S3150801DBA08EDB010894DB01082E2E2F6175746F67D1
S3150801DBB0656E2F736C5F696F73747265616D5F69EA
S3150801DBC06E69745F6575736172745F696E7374618A
S3150801DBD06E6365732E630076636F6D008842030872
S3150801DBE00000000000C2010000020000784203089C
S3150801DBF00000050006000900080000005123032063
S3150801DC008D680008B77B0108DB7B0108FF7B0108EB
S3150801DC10197C0108542303208D680008B77B010885
S3150801DC20DB7B0108FF7B0108197C010857230320C8
S3150801DC308D680008B77B0108DB7B0108FF7B0108BB
S3150801DC40197C01081C00000054464C3314002000BE
S3150801DC501C001800140010000C0000000800040045
S3150801DC60140000001C0000009800000018010000C4
S3150801DC70B0210100C0210100CC57010003000000BA
S3150801DC80010000001000000000000A0010000C004E
S3150801DC90080004000A0000000C0000001C00000037
S3150801DCA03C0000000F00000073657276696E675FBD
S3150801DCB064656661756C740001000000040000006B
S3150801DCC068FFFFFF1D0000000400000008000000B7
S3150801DCD06F75747075745F300000000001000000F4
S3150801DCE00400000026DEFEFF040000000C00000010
S3150801DCF06B657261735F74656E736F720000000005
S3150801DD00030000005C0000002C0000000400000075
S3150801DD10B8FFFFFF21000000040000001300000007
S3150801DD20434F4E56455253494F4E5F4D4554414414
S3150801DD3041544100DCFFFFFF200000000400000001
S3150801DD40130000006D696E5F72756E74696D655FAB
S3150801DD5076657273696F6E0008000C00080004008E
S3150801DD60080000001F000000040000001300000066
S3150801DD706D696E5F72756E74696D655F76657273CE
S3150801DD80696F6E0022000000942001008C200100BA
S3150801DD907420010054200100441F0100341E0100B3
S3150801DDA0241601001415010004850000F4830000FF
S3150801DDB0E43B0000543B000044390000B43800003D
S3150801DDC0A41400001414000004020000B4010000A9
S3150801DDD0140100000C01000004010000FC00000011
S3150801DDE0F4000000EC000000E4000000DC00000084
S3150801DDF0D4000000CC000000C4000000BC000000F4
S3150801DE00B400000094000000740000000400000043
S3150801DE1052DFFEFF04000000600000000C00000055
S3150801DE2008000E00080004000800000010000000A9
S3150801DE302800000000000600080004000600000093
S3150801DE400400000001000000EB0300000C001800AC
S3150801DE50140010000C0004000C0000005EE5E49DAF
S3150801DE60882D4B7502000000020000000400000026
S3150801DE7006000000322E31392E300000BEDFFEFFCB
S3150801DE80040000001000000000000000000000006F
S3150801DE900000000000000000DADFFEFF04000000B9
S3150801DEA010000000312E31342E3000000000000031
S3150801DEB00000000044ABFEFF48ABFEFF4CABFEFF83
S3150801DEC050ABFEFF54ABFEFF58ABFEFF5CABFEFF4B
S3150801DED060ABFEFF64ABFEFF68ABFEFF6CABFEFFFB
S3150801DEE070ABFEFF26E0FEFF040000009000000074
S3150801DEF0C87F5538479FE1AAAAEDFED6901381ED52
S3150801DF0056D01929F0AEAA81C3C8B8A505227FAC97
S3150801DF1040AF118BDEDF7FD330A816C15E267F3D69
S3150801DF20EF7E15CC4B2152369C6BA37DC80F7F0023
S3150801DF30EF4C814C6DF42237C33616D37FFAE3339F
S3150801DF40BD816B1503E1DC0C0F2E5C2B94CE7FEEA5
S3150801DF5090ABB9339130F60EE681A3E90157235AFE
S3150801DF60118E35468139F18DCCDE7FCF4B55D226C0
S3150801DF70580CF4ACF8C4814DF3667F33F819DF0AFF
S3150801DF80C2E0FEFF0400000040000000410000005E
S3150801DF90C3110000721E00006406000026FFFFFF81
S3150801DFA0A5E6FFFF90EDFFFF3EF4FFFF37FAFFFFFF
S3150801DFB040010000800E0000FB0F0000FAF7FFFF8A
S3150801DFC029FCFFFFA00D000079E6FFFF0EE1FEFF29
S3150801DFD0040000000012000086D93F08673118F4D2
S3150801DFE055FE233535A9ADF55629DF10FC5A96F6A7
S3150801DFF02A20CF95109BD6A6B5CCBF2EEA0AE5A155
S3150801E000FECDE45810C3403EB105E7EA7FF6B450A9
S3150801E01048D5491B3FE009E36BC117DE8EFCE0CE0C
S3150801E020D3371DD0B70FBAD03538DBD55E989C5596
S3150801E030DE46C2ACB0E5F4AEF6E89FD011D33BB5E7
S3150801E040B404B627A9B34D21E4E03D5BF8EADC0E3A
S3150801E0507C9CCAEE1BFB42232047F44E94B931D867
S3150801E0603F115B09484C5A7265BEE7F417106BAF4E
S3150801E070D316BC319A1CF7BAFEC8A68A02085BD722
S3150801E080D0844CA32667A90A5CAEF8BBD7CDB623C4
S3150801E0901396EE081313FB2577E6E745DAEEDCC897
S3150801E0A07972017F27AD1FBB5D50EACBE33CD1C531
S3150801E0B09FEED7C85BDF2F3EE856EA5926DB4AD6DC
S3150801E0C0A1C22F67F21DEB03B0AC2E3B3BDD3FC56A
S3150801E0D0055F04D0DFE3C610DE43B1AE44CA0B4484
S3150801E0E090858BCAF4F3F6BB2E14DBEB5FE7D15AA6
S3150801E0F0F529EB10EFCCD35FCCAC3824400DB5EA4B
S3150801E10056B7C23C1EF330C15AC1D512FDAC0A1D21
S3150801E110413AF52F7E42F62BA455B3B5E2F5B1F493
S3150801E120B704AC379223EA50D0F3C003D01B40356D
S3150801E1300F205AA717D609F6F5B054084A48FAB770
S3150801E140CDD92DBB4AB9D9CFF8E63816329DC9447F
S3150801E150A917BDC5A333ACAC61B2FCD96F2BC342B9
S3150801E1601C00FC1EAFC1FDC84230B5B459F828C31E
S3150801E170A725393968CBC9A60DCFB41D20C1235AA5
S3150801E180080DE924812DFC4A4223D3E9C153300005
S3150801E1906CC04C5219B7DB242A41561FDDD6159996
S3150801E1A0DE0601CF16C01DBDB9454FCB444B07F757
S3150801E1B016F5553FC25E054F57033C292FEC1E1B2A
S3150801E1C00196CEC9D407E04219B5AE169DC955F5D3
S3150801E1D0DD81A61636CB4660B0B39E3D10C007D882
S3150801E1E051DB4534505AA6E43112F592114CD1153A
S3150801E1F0C9FED6195265DA3501ABA2243640EACBF7
S3150801E200C429FE181DF04F40240D272844E3A55CB8
S3150801E210C64FD2E4AD4B1711FB6315F440F2C21099
S3150801E220EBE05FCB3E6D214DDF104DEF7FE7A4F8A4
S3150801E230453C39E31E000F5515BC5F0402C4590A53
S3150801E240A918125C3EDC15EEB43A434DDD57CA34C3
S3150801E2504FCAF3FBE54B57483ACC224ED9F70D3B4B
S3150801E260CEF3B345500F0CFF5D2A1D5170084309C3
S3150801E27015ECCB512E11B060CAAD442774E7B9EF3E
S3150801E2805D1AFADDD9F0104245C035ED1F5F4048E9
S3150801E2904313C3B75D14C0DEE2B81C03EAD6CA0E3F
S3150801E2A0AD2006021113BC1D10C442F9E118904AAB
S3150801E2B0056DF84556BFC621D0580944F8D426231A
S3150801E2C0FA60462C0656A7152EC4CE34B652DCB6CD
S3150801E2D000F024A4B0FF074B6A35EB322AC7E7CC16
S3150801E2E027D4D1CB2F0EBCD3973E23561BE34FF031
S3150801E2F0C011F1B01CD0BDBFC53F05B260C2EDFD6E
S3150801E300DA3FFCF936F7D53A1DC62E509BC9EB2CD8
S3150801E31052B9023BB31DD6ACEF241A340809E20BF5
S3150801E3200D3B3C11BC0FF7D481D9BACE553C0AF83E
S3150801E3300723CC14E04305DD191E0744E8450334D9
S3150801E340F4C2DBF53001050131C80E04BEF2EB2734
S3150801E350D2E6D256E3A71A2EC20F4CDEF139CC1DEE
S3150801E36035BF29051045D33B3DC0D0CD66A5392219
S3150801E37081DF24AC0AC621EF58C6F8AF033B1BE27E
S3150801E380E5D814B5D122E011182152D537C9AEED19
S3150801E39021E6C132B8E1131CD0B3EBBB010BEFE5A3
S3150801E3A024EC29023C47AF4BEEEBC3FAA0FE25E865
S3150801E3B01D912AB62EDBFC1B5F003BEAB5E0D03A7D
S3150801E3C0B60D0A352425CE0F3036D511DA5109B9DD
S3150801E3D0A60DE5C4FFB9C607432BEBD53D4D55F050
S3150801E3E0F51E28EFEA25BAE8FFF009D656ED3807F3
S3150801E3F0CCDFA827FE4CC1FA3E04BE3230307FCFAF
S3150801E4005118125703662038C7F2D25FF515074926
S3150801E4100608085AFB41B00C27C0072616604EE0CD
S3150801E42034CC46FC331BFDC6152C3BE62F21692F40
S3150801E4300FB52C574B5AF4FAEAF42846EF015C1546
S3150801E4404463252B351F00240FF8BFEE182F1A43F6
S3150801E4503DE450DCD7EA351A0AE14C4EC4DB1F1AF3
S3150801E46050DBEFDF421403F6E5D32154DC42AB421D
S3150801E4708DE9CA1EC0FBC1ACC83EF8F12918E19E58
S3150801E480BB8D4DF52906279AECC38BD5A2FC494FBE
S3150801E490AAA4E8E5072EFE4FE2513A132C30E2D73B
S3150801E4A0B7FF1F58F3B9B9D1C39D1CAFEFD295FB7E
S3150801E4B0C7754EE17FA64148ADCFCB3652DAD43780
S3150801E4C0685008C623D68C2C8441CC9F1D441ED681
S3150801E4D06FA293B1E8D0D05BD2B065005DF695D650
S3150801E4E0C38CEB0EE39F5624FFDD3531BB2307DED4
S3150801E4F045AEF0E456D3E53FA24CCEAFD0D2A32128
S3150801E5002C7FB6C8DF2222D41D19F80C0B07381E3A
S3150801E5100AC8C00B32DA093520C333F9EAEB3F0DD5
S3150801E520470EC0BEE3CBBB45B0A848CC1A1ADDD20C
S3150801E5300A0DD6BBE2C0FB480209EA32019CF1EC9E
S3150801E540CBDF1C2137E5FDDF103E0D429D4242C857
S3150801E5501139E0F05F2FE3F8082C29FF26E92CE7AB
S3150801E56010C9204CCBAEEE43174DD5B7DC0CABD555
S3150801E57025EF11C7A4E74DB2E7E927FFD4051E2702
S3150801E580C307C99325F99930F13FB799A803C7E796
S3150801E59043E7B117B9C2E8DCE54C2E3EBD44FB4E54
S3150801E5A039D41449C5B50BA66B09E7EE1E540FB944
S3150801E5B0D20ABD075B1F96C9D6A40E19003FC8ED3E
S3150801E5C0C081A7A433F4DCCF3046DE07402126FDFF
S3150801E5D00602ADE84135B938FF9B3EBFD62863E749
S3150801E5E04816C9931747B6F9E13E0204EAB65E0A28
S3150801E5F0D7A32EA7271CDCC8D91AD41D5FD244D3AA
S3150801E6001AE6CCAD32F7CDD01B33200BA0C854483F
S3150801E610B9464757B3CF5EC03D02E22800239C3274
S3150801E6202A67D4136C8E5FBED61CDCB5E23BC2F3F7
S3150801E630A7DEBC19ACC51D35D055EFACAF0EFEA291
S3150801E64037FCB6B30043C064C2E751CADAA6BA9D1D
S3150801E65059C214DD68011AF964FAAE4F593DED2F16
S3150801E660342B0956F9F8344DFCC0054F04D1F43A58
S3150801E670A11D4AF7BF36BB1BE9CEAEAA110EFDE3B3
S3150801E6805EE6AAC32D52DAE632A700037FCDD0C6CD
S3150801E6901CAB2AA31FE10305B31E30DF23C2A13732
S3150801E6A0BD633DB62405C04EE9B127EBB6FD35E39A
S3150801E6B0EF21372F0B11403B38ABEC225153D301D5
S3150801E6C03D3C51E8D8011B02D3215D37FA3126BDFD
S3150801E6D0A59D5E3FE4241E1155E65F42C73B3CBF3C
S3150801E6E03635CD71B7D24FAD26F70941BDEED7EF15
S3150801E6F051384745C2FCBB3F9E3535CCF124F0570E
S3150801E7002CF621FED64C9D3AA5BBA930B81D101290
S3150801E710CE48FDE3C2FDA0CA81312EDAB23BAC2A4E
S3150801E720F2ED2EDC5A0AD0B4A3C518A9D155BDF508
S3150801E7300F2BBCDEB2BADC4581CB15480E14F9D0D5
S3150801E740E0AFC2DEA827FBC424FFB047FFC8F0FD2F
S3150801E75035D9C50CD90AFEE924D434D426AD0F33EC
S3150801E7604CE3D1F3B4FB441CD2DA18E507C8B51952
S3150801E770C9E5A9D78CFC1BCA581ABCFCA642C7FC1A
S3150801E780F7F0EBD74E32CC20C0FC0BF2E8DDBADA53
S3150801E7902E23F545BAFFD0C9FFE9D5095907EB304C
S3150801E7A0A30E32FE15134F0C4A2C390BD73244B936
S3150801E7B0E9DBF5ECE92133F502797F35E903F32342
S3150801E7C04CACD451DCD32CE794F9BD4B476815BA48
S3150801E7D03100302EDA03A7B169D31A6491052138BD
S3150801E7E0AA31FEEAF0043A55BF2FD322E4E941A340
S3150801E7F0FED04B5AE00F313C9CAEC265E4EDA5183C
S3150801E800DC814360789FB2B124C64357E41D67068D
S3150801E810FB0D1CFF1A4419052EB6F5473741B3D926
S3150801E820D3DAE843351E138E12B00EAEB247CF0ABD
S3150801E830E30B33E6FD34DB07E8E2094170E65019DC
S3150801E840574B2248B346BDDBC13B5FE66393DAAD5E
S3150801E8508D4459C72189C7232622B703ABCF2A2856
S3150801E860B194DE3E9FC54316EEF91E24171F4410C8
S3150801E870F71E35BF54FACF2DA420551B06D2CC0856
S3150801E8800739C1F90BA349E135C8B7CF9AB28C4C00
S3150801E890B3AA4096BBC4C0ECACD697D9FACF472FDA
S3150801E8A02CCECF1C61D9DEAEF0D8236A66CD461FC1
S3150801E8B004D4C661EFF29FC732EED20BAA3F07AC6A
S3150801E8C07F482A594586DEFE929F27E55B723342C9
S3150801E8D0181356F4AD06A85EDFD1FA390E5B02D9D4
S3150801E8E01D10E2525CCACB7E502F2A42CA67EA1D26
S3150801E8F0200EF70E3F50512EE849D649E403FB1284
S3150801E90047D7B1F33C0717B7C63398110DBBD0FBF0
S3150801E9107239999CE5E69F4D6845BCC35E23484E0E
S3150801E92036E20C220BE9E57F1D1FDDF5D4B70C6134
S3150801E9301C3B5B2D7BE34A4DDAE0EAA311E8B354AD
S3150801E9401148C9D654E5C1E4F109CE27D2DF3FAD56
S3150801E95072B39FD7DFFACD3E5B65656220031ED58C
S3150801E960775CAF003BF43225D1C1F0B4B5CFAD89A0
S3150801E970B5494D133328378ADA4EA5C7E61B0A8AE5
S3150801E9801D3A8FDDD341B5A7C8D0F5D468DFDFD9E5
S3150801E990B54B5A90A5BC29EEF32726F9A62CB0B09B
S3150801E9A048D00BCDB1EAC0F58EEE0F6B16F868C8E4
S3150801E9B058E7F478A6DD56E104FEEEEBE1DB5FAC41
S3150801E9C0B275EFFA0731BC16E820E416DBF02353DB
S3150801E9D04EEAEE68255429C3261515133724C05661
S3150801E9E02AE606ACC122B311BCFFAD812940082431
S3150801E9F02BD4A84C1096063D14FC55CAE06000823B
S3150801EA0036120F097DEB685281F7123B2F419EA200
S3150801EA10C3E7CDAFDB4401BD6376621AE0C695391B
S3150801EA20033361B3E0A4AEF590938FC6B4EA1561DA
S3150801EA30F5FA25D17CE333CF84DFE2A92C99067E4A
S3150801EA4037BFDF33196AD06485F82D43EE71D3B524
S3150801EA504A693C2EE83ED44E4ACA2E483A2D46C249
S3150801EA60B6E50E4A075226E835D696C24B4D56E507
S3150801EA706ECA2552C460A47AFEADAD9DEEA0B2124F
S3150801EA80A12C8C455D5D6C5F3E283A4E0627DCB6A7
S3150801EA904E092DDF0AD634DDB3ED28CDC5F2E416CD
S3150801EAA09CB1D93CAFD2AF1FA8163DE5BB25E93AC3
S3150801EAB02B444133D3353DEC53E1E70704C1370114
S3150801EAC0361D36DF20E5D231C5FF9F381DEDF7CD5E
S3150801EAD0FB983125CFC828BB42355420F11C36D6C0
S3150801EAE0CDDC39B2D51DD9CBF6B7BE24AAD74AFB98
S3150801EAF06854C2C82703DB5B8134B3BC17BF08EB74
S3150801EB00DAE9D9AEBB4DA54726E6A8B2C4144C210D
S3150801EB10EC27BEDA1C540CF06DBBEAEA323EC22C75
S3150801EB2008EEFEBE276AD5C9C4AFCC2AF6F8E708AF
S3150801EB30A50CDACBCFF9CE0FE7DC09D981BBBCBA74
S3150801EB40AADB3C1F0AE425B7FC3C1300EF43262346
S3150801EB5071E1D9B0C4D0D522A90E36F72BFDCF1E47
S3150801EB60B89301C69E09471AF74C3A4F17B416BF10
S3150801EB706310E4C8E92E02BEFF4749EC1916AA49F3
S3150801EB80F1C5DF14F1A6B8EFA116FF10B8DF230609
S3150801EB90AB1BDB4BD0320D2DD84C28F7D3E423DF42
S3150801EBA0C018A9E13F0F1D3EB5CE58F7F8BA42FE87
S3150801EBB03842F7B998F8B431FC2FFA2152A554DA3C
S3150801EBC01BF44CDD1E2E541D202BD846A568F2FFDA
S3150801EBD00BD4D09C1E9EF856EDEAC22EFDFBC7F655
S3150801EBE0465ABA43C4F5AB186B0B3407D0C8A2F51D
S3150801EBF00DC23006311A1B1E7F0D2B4818D4EB5156
S3150801EC00DDD05E09B3504E232AEA69E834EF3ECCDB
S3150801EC1024DAAC46D71C1AFFEB4703E36EAFF9506B
S3150801EC206556C2A1BDFB194BA3B2BFBCD80F2A0FAB
S3150801EC30C90DC824FB4E1CF1DEC903DDFED2F6332D
S3150801EC401DC5ABAFFF094AD8360B27D308B5ED8CDE
S3150801EC50B20AB92AC52F0816CB09DFB1DFCCBB82A8
S3150801EC60D20A2844E5B0EA90C9EE2B39D00C46BC45
S3150801EC709A3DC3171920E2263CC93FDFAFBFB3C28D
S3150801EC80D8310DBBA40A0BE2DEC33D3C2E301DD0A4
S3150801EC90EAEBF8F13E150ACBA2DB55A41E6ADC4C59
S3150801ECA0C7DBFE48F0514158A0E1ECBF3D111318EE
S3150801ECB0E05B1429151DCDF01F5B542D8128313CCD
S3150801ECC0080938FB174CCE25FFE1C71D3CF2B9D61A
S3150801ECD05EF635CC39D2C83CFA1008C3110AAF58CA
S3150801ECE03D4A0701EBB8C739810497AA29FF2CBF0A
S3150801ECF05D7AF21D14D7F4A8E0BC3AD4DBED15B65B
S3150801ED00E0D7232F0B53121E8BE5F3B2F553DCD054
S3150801ED108ED8BD190706A9F1E5DEFE46132B155255
S3150801ED205ADC082BC32DAEE5B61AFBFF02A7D3386A
S3150801ED309BCC00C3B5F8A71D8892A8D3E04036E25C
S3150801ED4007E841B7EB1F2F191088C5CCE3E8ADD703
S3150801ED500169B6E1D8ADA12A4D2CBA0F1FEBEBF12B
S3150801ED6091076143B36F14336FC254B0ED1DDFBE13
S3150801ED7030F52626FD7C40C3F2EF54C096E59A236A
S3150801ED8053622A34C4332FBD3F71BAFBC12E4A1FC1
S3150801ED90C95F252CCC3C01DF6D48ABC30E25CD25BB
S3150801EDA0F0E2E705CDA8530F74A322A7FEE03EA023
S3150801EDB03A212D88CDBA4B75202E1E55FCD621FC3D
S3150801EDC0C8B7FDBD06574B29374DE9A45F424591A2
S3150801EDD0C09607B068815ED2E8EC8A81343199B56C
S3150801EDE034948E994522A19BC3D4281DB1A5BDDFB4
S3150801EDF0BA3849D1F9A6353E8107402B05F34F0BA1
S3150801EE002904FAF6E32AC4F1FAAE2E26DE404F0F9C
S3150801EE103A58F916FA07D4D531D631F115BA06F8A2
S3150801EE20FA1C25B818B852D8C14643F85119A40195
S3150801EE30413AD0E338EDCEE110242214E31CDD1A61
S3150801EE40352BDD2D281B0B3358C311BBE822D00BFC
S3150801EE5041B8EA40A9F12B20BB0DB3409CCB0D2745
S3150801EE60A904C62E2D1743FC4BB0E5F7FEFBF2B4F9
S3150801EE70674D4A19F54C160337B8AACF36AC39C9C6
S3150801EE80D141A92CE3C90BFB06483C36E8F48FF6B9
S3150801EE9056480B4364F8FC430D30DBE80F2CBD25BF
S3150801EEA0031ADBBCF71E3842DD9F0AC5CC1853E4AA
S3150801EEB0C14F1EE9334E56957611AB0BD408F1674F
S3150801EEC07F24E42F3B00C83B05EB4FF11EBFC0462C
S3150801EED092FAA94C08F32C1BFFCDED151CD89C2BD7
S3150801EEE0D3C9C35DA249DBBFCC0444F0F30833C3DD
S3150801EEF0273BB63FE3F1F7F36E25A869AB155A2F01
S3150801EF0048D7FC1F393FDB52871F613702C1E4B876
S3150801EF10EA9320100FEB2AAFD6B9F7C1F7ECF2390D
S3150801EF204462FAF2A637371097342A1A991406E07A
S3150801EF30ECD7E72D8F8D29965266A9A8AD0AA72287
S3150801EF40E2CE429AE94346D0FDEB0E1669AC9A35F4
S3150801EF50D1CF1EFAAD3471FA34981F3F1FDEE06235
S3150801EF60B17FBDC3F4059392015DC3AFC2C149E642
S3150801EF70A804095F6526CEF1D8E3C8D2C913B1AC96
S3150801EF8020DD172EA61D0918A2D965AF4269B4F965
S3150801EF90BA00C810ECB4BC642FD6CD1CCAE7D0BAE7
S3150801EFA00D16D23CC6FD292047189C453B4DBDE3AD
S3150801EFB03F3447505CF314E8F3AC9B02D22258B8AD
S3150801EFC0AEBF41E7D2D49E0B3C911A123C60EFAE1C
S3150801EFD0D3C663D734350CD4DD32AAF4E5B4BB9F66
S3150801EFE0DDD4FFC1555DAE3ED508BFD8A5BB1AC94C
S3150801EFF019DAA2E63A602ADD5DC9C1E483D542C6BB
S3150801F0003262C03323594B213B132154DECC4D21A7
S3150801F0107F6A5C00539C0C5258A8A834F3EB4F2422
S3150801F020B8C5FFC9F310BDE5C139CCDF81F3F1B924
S3150801F0303F893E2BA249B231E797AFC6D90DB5E054
S3150801F040674C54E230DE261BBCD836E60B0422E0B8
S3150801F050DD20D6289B55575D193EB933CFE4BE2826
S3150801F060F6E2ADFAE4FDA6F0143ED2933528D94569
S3150801F070001741A7C43E25280E9CF4BC264202006F
S3150801F08014F91E99EA40E827F7A936D7DCBA9D2C68
S3150801F090D330B02D2BC4EEF806E3AEF6B866466E4D
S3150801F0A0F3C1CB312E4EC8FFF73D1936DB5EE60EAE
S3150801F0B0E1EA02ED4B399A2E29D5FDEC05FC0D271F
S3150801F0C035230C361BDCDC28593C1DC2F7E724FB2B
S3150801F0D025E6E94BED434A634B4A4500E3F8C0F49C
S3150801F0E00E81EA43145D3E61BAC342FE17EBEF3463
S3150801F0F0B1030F443FEDE1EE3AC1F8A8C805CEA128
S3150801F100BF0ED320B045D4D7D9C2EC470A2F181958
S3150801F110B84528332BC8491705F64C4C1054D8C99D
S3150801F120C693AFD8C803053A553856AB0309DA98DA
S3150801F130DE440B0C0F3BDFBC1A60FA9509A10F9E42
S3150801F1402AD904AB42DD3233A01EC30D462225D986
S3150801F15009484A35075538BDAB084CC30A2BB90FC0
S3150801F160C18104AA9119EFF9C9D2F013AFDAA32F15
S3150801F1700612DC3412FDDC3AD24EC1D5E8E3D14E93
S3150801F180F10E222397C803C6A9DAF14AD32AC24F38
S3150801F190B28CCD573413EFE4F6F101A84F1F53395A
S3150801F1A03E6131235249DAD52014182459132B52BA
S3150801F1B0F75CC1151BE2AF8CCCDAE4330B28B32319
S3150801F1C0BFE5D3E3A13DC8CDFE05AF1343D618501D
S3150801F1D0C94E601C395A24FD1AF3FEFF04000000CB
S3150801F1E08000000040200000EB35000036250000B5
S3150801F1F07CD7FFFF8679FFFFA41500006A1B000074
S3150801F200DA84FFFF0E3D00008D0C0000243A000051
S3150801F2104909000029D8FFFF93520000C2C4FFFF25
S3150801F220B44E00002FAAFFFFA15500002ADFFFFFF9
S3150801F230AA210000613B0000B6D7FFFFE9300000B4
S3150801F240B87D00006B0A000046F1FFFFD2DEFFFF22
S3150801F2503F450000CF0700006E1C00007DEFFFFF51
S3150801F26000190000A6F3FEFF0400000000240000B8
S3150801F270B524162D3343B1D128E7181B42F3D1D84B
S3150801F280D4DCB1FE3100CFD1CF1008549CEABF3D82
S3150801F2902B0AA9D5C2E038EBCB1421EEBBE4EA115F
S3150801F2A0B00EE0C307AAC4EDC1E3AB31D7C802CF9C
S3150801F2B0FFDC47FED7E0DC43BDE30DA9EDE8AFC3AC
S3150801F2C017E132E317BBF631F9BBE1B5114381D436
S3150801F2D0F1B032973509B2074EB212AC3518373A42
S3150801F2E0F4F9F0F5F3454DCB650FEFDD06BCE8D92A
S3150801F2F0D404222E1E230043F813FFB40238F7EF75
S3150801F300471C4B1425C43A07D417B85D3E1BF2AE09
S3150801F3103839DB1911DA4FDA32EEEA2E2857B930C5
S3150801F32039C8154D3DC11BE624D1AD031CD69258EB
S3150801F3302B30EBDEC22A0E0D1FD7C9CBDF3C45C4E5
S3150801F340A329D652082BDD0ED43E21C8BCF5C9DA4D
S3150801F350E1E21352EB9A0946F6D93006E6F9372A5D
S3150801F360D6B71E0CE6E2120A012228F725D709B8F4
S3150801F370B22D424521D5D23F333C4CE6E054F3EF5A
S3150801F380D1EBF6F6E800F0511AEB1DD9FBD0BC57C4
S3150801F3900BE5C3F14E38B0B00AA10D430788DA0A66
S3150801F3A05B45C619202DB9DAE6EAE7FBDA4B06E131
S3150801F3B03CBF95136E1654F7A62BE6D7E200595EA5
S3150801F3C0CEFA5E20D3CEC54D04DA30A2C1D7E142CA
S3150801F3D0EFB7E1B806E6B9232E61B8E9B41333CA23
S3150801F3E047C267E526F817380FDFB12EEBAF3EA502
S3150801F3F0161F1D1109DACB01EEAFBBB43C1741E468
S3150801F400F918C70FDCFD131030CDCF4A5F9F470AA5
S3150801F41012FAC439BED01BDB3146344E5624D651B6
S3150801F420BC1017D3B0034EAD3C72D22EF333D5D8E8
S3150801F4303D19C33BD02C52F2C6F4428104C707FFDB
S3150801F4404BEF2BA81FFFE111B80DCE58D2D1FB08FF
S3150801F450903BC6D9F3C9D9EC9D3625D002A3FA4209
S3150801F460C9ED0B23D12D4918533CCF40FD2DB8BB0F
S3150801F470265FCCC9FAF744CBAE06D9A8584DC62C97
S3150801F4809EB2C4B4ECB71FF69605A63FB01807C6D8
S3150801F490B3CDEA3327F1F1026C29F042E2C1FB3F11
S3150801F4A0292AE0DF1C2402E5A2EB2A36BBFF03B1B9
S3150801F4B015F4ABBF1ACCE2CA33E4EE060DCB39EE2E
S3150801F4C0BBF115EA164211F7B3410BC9BF0F9F2EBF
S3150801F4D0C4FF900EC49A41F5750CD5E6E4BC0C162A
S3150801F4E03CAD341703C1D4A8120A300AB7E317157D
S3150801F4F038ACB7F7D508560D102EB8190838430297
S3150801F500BCF6365C23C2DF50C048C3D59851F6AB6A
S3150801F510FE28CE02F74A3FEDCBE447CBF231572F0F
S3150801F520AAC9D74ACC0033F0E534FBBC24BBF35453
S3150801F530FFC40E55E80636CC6646F6BF6BD143E7DF
S3150801F540CB3BE1DD2A1B520A19133EF2174A13B7C0
S3150801F550BBBDB30CD711D321C9B8CE25290922E1E0
S3150801F560E8C6D3642DC5F6DF4A54E1E3DCE9233B5B
S3150801F5704E0AF53DFFB4D528CF9ABF064508DBE903
S3150801F580EA4EB6ABAFE142BB11F9229DAFFF09AC1A
S3150801F59009DAF221A57FBFCCB63CDE43CFE503EEFF
S3150801F5A0B35FD8054FB7DCF312BC4EC84617D6B7BA
S3150801F5B0215C81E4171C313F43AB2B0F200E2059E8
S3150801F5C036DBFDFCF126BA4EE2D3CFB29BFF1D5DB9
S3150801F5D01315DB1BBAF7FEAADE50DD0FFD13CFF5B7
S3150801F5E0EED718AA580DF541A5E1FB1E2716E54EDB
S3150801F5F0CEA5E006B20B25212E51FF0018D007E44F
S3150801F600B53BF59AD0DE0C3B0AE0D52F1312D4CEC2
S3150801F610460EDCFBCA24D8E43D55DC134009C8B3C1
S3150801F6203D27E0E24EC12711DFC4092FBA2C26C8AF
S3150801F6304D204E3CDDF3CDCE4F1C10082A01373F35
S3150801F640F63AEA3DE2041A39D430C4E41D02E03F31
S3150801F6503CC8CC6A0B2F3128EB3A42CBCDB5F6EE36
S3150801F6601FFDDCFBFAF818082C3AE33AE6050EE02A
S3150801F670C93AAA0AF7D1CAD465F3F008E251600A71
S3150801F68011E90B5604CE4AE58108E9CD26C2CB32EB
S3150801F69023D1E7BE15FA4F18F4DA52115F0C09ECBB
S3150801F6A0E4F2D0E0381DBB27D5F3E3E0BDCB03C5B3
S3150801F6B0EE8CF022D1AC3F1AAC4FE14043C600E2D2
S3150801F6C016E82CE4E110105D0DDAF30015DDF7BD3F
S3150801F6D00EED0DB7DECBF8E4EC5050BF50CBF5BEBE
S3150801F6E0D41BC55AEFBD070EEA4C47BEB50233AD6A
S3150801F6F0A1D45EAB415C36FEAADC05CAF8162936EA
S3150801F7000EE5F9390C419FC1CF534913B50E453E54
S3150801F7100917DB062C351E06F8630AC374CF15FDD7
S3150801F720A43B5127F28B5D2B3424DBC667F4F6071D
S3150801F730F3CDCB873AECA27C384E9E89D94647DD74
S3150801F740B25BD5A2444E184D0265D506E24C2DF0A2
S3150801F750CE5E325BBA73EBF521F2C1FE5CFFB338BC
S3150801F7601D3A664EE15C3F0BF1C5080CA8A58CF362
S3150801F77021EF27AB10C7434E36FA13CECEF96330C5
S3150801F780E23CF9948819383D35F8F8E549C5740716
S3150801F7902BD24CE2FF35084B2182B305A9D60216B6
S3150801F7A0ECF2403F01D16EF3DE26ECFAA342E543C3
S3150801F7B0C922DE0D301BCA4B646B152ADE36F4EE00
S3150801F7C01B14D026E3AEE0E7CEC0BC0A212DE4DF48
S3150801F7D0D2CDCA12E0F5D0DD66DEB8DD54271E416A
S3150801F7E0063D203C4F0DCF2428D50BD7E4BEAAAC45
S3150801F7F0AFC5DFA5D9471AEDF27ABB45ADDC9C0446
S3150801F80005CF27EC7FB920F450B86759D398CCF6C1
S3150801F810F1D6EAF38EFEB4D1FC4006AEF4F153C13B
S3150801F8201FD23FADBBFFEBA6DE4FFAF10BD4B026D4
S3150801F8301F1E4DD43CD0E8DE0ACCDC232549AC2179
S3150801F8409D35D21BF02162DADB3211C316B6A6C288
S3150801F850211B33FAAF2A07CCFD4720FF63DC9C0640
S3150801F8603A1B972B3EE25BF714F45F2CC737BDC0F2
S3150801F870627F87033F9C181D68AEDBC813C3C82C7B
S3150801F88027A109AE64520FE1CABA0721B4D5F444D7
S3150801F890F9AE38D954D20056E8EC53601209430937
S3150801F8A0FD3A0C48650B640C74B40E5A62171A3289
S3150801F8B0A942B706D037361C0F3A0173460DC14522
S3150801F8C000FD22F1556F3DA2C3010CEF4EB7032986
S3150801F8D0AC423860A7224DBF2AE95AE5DF41E46AFE
S3150801F8E09BB854D560B3D425A6FA9D4B97B2DCD9FB
S3150801F8F05415E7F5511C3722081AABF03E08B9E250
S3150801F9000B2D6BEFC6696521465B73170705E11772
S3150801F9100DD5E213593CEE09AD5D05E8230A02CD82
S3150801F920B7725CC0C45CD9FB26C643CD38C9FCC4D2
S3150801F930F91AF5D21034CEE51439D93253413D3D81
S3150801F940D4FB00B5B6A1EAA816F10DE2FDDAEE3B45
S3150801F950D2C2B8CEB791CC1357BFBD4CE839FFE236
S3150801F960E4CC4E1710DAAF48471E4B071C5145F930
S3150801F970278C113E353107422E113B3BC5B00BF0A2
S3150801F980410B520DB1153C191822F8E6E74BD7522F
S3150801F990E5E945AEC515EADD13D036C9C41208C076
S3150801F9A00FD2A7CCC253FF430B2000DAEED4E9D31A
S3150801F9B051592533BCD30A0DB11C1939EE50C50668
S3150801F9C03ED5F737D37AC4B5C9181311FE43CBDD33
S3150801F9D000E3FBC7CBACBC2F4E26433141BBD1D488
S3150801F9E001FA067FBE23340110EDF426B932C62486
S3150801F9F0C4D8F4A5AA3CD7201BBF09E8FCF220EE1F
S3150801FA00C22800C9AB17B7DD44E523F11042B3F5A7
S3150801FA10F140001B3ED1DA10CCB417E7A8C232C5B3
S3150801FA203712410BE3AAE0F03FE6EB9B01421D25A5
S3150801FA30EFCBEE43D413EFC7BAF9DCF6B410ACD268
S3150801FA401DF40CDC3B202BE3F3BC432F1E5734B9C2
S3150801FA50D5D7D6D3D8E420F423D93E9F2F2FD9FF63
S3150801FA6022BDF5F405EFDDFEF9DA8F2F40C0EA363F
S3150801FA70C1EEA8CC36C9BD93C7F3B6E80A342557F3
S3150801FA80D440C417AF1609226174C4C5E60C14D054
S3150801FA9009D10304ED57D4E5FF0FE9A11FABEAFC31
S3150801FAA0FC423D09FA1E54A7C14981DEB4A0FAA752
S3150801FAB0AF4B2C3ED3F1B00232FBF481422FCA3A46
S3150801FAC002C9CA4076590606671E3BCA5C38F9EB75
S3150801FAD0260A09C512B8C416FA3718F7E241D82614
S3150801FAE0FE4743B622BE2DB7F54DE66ADDBA2CC5EB
S3150801FAF0F4CBB2E334D1FBDDB735D5CA3B014C3182
S3150801FB00DAD1F4347CE6F1BCECF006ED3CDE12BF4A
S3150801FB103016D5D8285611241916B6110D2B4C793D
S3150801FB20F8BAEFDB46EADB3B472C0E0F3AFA1F4DD4
S3150801FB301A31B90ED230E2DCD2E93A18E8234A2C56
S3150801FB403D1AC0D0E648FE19DDCBC0F6C72F255BA6
S3150801FB50450C8517DDE614F854F3EB40C1F03D1D5D
S3150801FB604EE22F284F073B13C2DD2CEF2C3124E838
S3150801FB70ECBEBA2151D4AF59F4CD07051C0498D56A
S3150801FB80C615FF2ABD0B3EFCA840F3F9CAC10158A8
S3150801FB90FC6608EF1C4A3E4A4826F7023D2449609E
S3150801FBA0B3C5309153C12F40D2C043FB23D82E0988
S3150801FBB0EC1D1F04E819E04003292AD0D9C34D4892
S3150801FBC0562617304084D7739CBC10BDC73A81307E
S3150801FBD01AA66C2F3154B2FEF137AFD6CA26C32DF9
S3150801FBE0652EB3FD1C0D2EF9FBAFC82019E6F500ED
S3150801FBF09F56C9F8BAEC43C1F0B0DFEBFDCAAA0EAD
S3150801FC0053BC168D09ABFB6DDE35B55B23ABB16C09
S3150801FC10CBDB02DEF7485055F866CB2D2A64F22471
S3150801FC20AA4F061C4D1A140A99BF1C1C6039F258B2
S3150801FC30A75AE241BD37C637C98793BDDCB2E23E52
S3150801FC40ECABDE9BC93559FAD8244FE7E4528776DF
S3150801FC50A0200694A743CD5D9EADCB4A10ACB1D783
S3150801FC6027FBF050A0E24508FEB0559BF5EFF66676
S3150801FC70DBD2353CC04755BCA247F6120CB8B204D4
S3150801FC802EEF46B332C205012C3131EABD1697640F
S3150801FC90344D3EF932E948ABB42FDF23310A3A69CC
S3150801FCA0DF2ED0B14F962D44502D2CF1C8B5EB5F00
S3150801FCB049DD47F114C2DA48E6DDB0181833D4CC69
S3150801FCC0D7CC0CF5FB8CD76FDC2FCF42510EF04009
S3150801FCD004D0D104F1E3E6B003C1E9FB4D2C32A807
S3150801FCE014B82C1666384BFE976009A012C6E04474
S3150801FCF0F6F3F10D0E4814F605CAB62A055F24ED8A
S3150801FD0031451D32FDA6053CF93CF62D9C243C7C6B
S3150801FD10FEF10E10B8A126A20B4EE24244D2CE52F3
S3150801FD20A6EEC24A0DD0403BDFA1E3C5172D3C43E1
S3150801FD3031F2BD3E21D8DABE3944D5D3E6C352BE27
S3150801FD40FC4741477348E32381D2E543B9190EE0DD
S3150801FD500628E7CEE6390D11022DC9E3CCF451B2D6
S3150801FD603F5ACCE87994E31A6A15A20799A92AE4B5
S3150801FD70FCFCE92AEEE4B6EC273F2DEEFD2F15AA89
S3150801FD80A82C2B0EE111DEEE3C50D4B2B74A3E89BF
S3150801FD904ED24827AD3F0D29B40CF6A461FDF3BA3E
S3150801FDA00B04F14DE44AFCC8C22436FDF69F6301F3
S3150801FDB026D3293365CBC0CB25F855B70B0D2D971F
S3150801FDC032F03A2D39FFD625AECED20346C11534C7
S3150801FDD0E9DE6214E02B273ED4013214EBD804E5A0
S3150801FDE027ABED1B122CA5D8293CDA1620EB0F3EC2
S3150801FDF0C359F2D3EBD209E13BD4DD1043F60548EA
S3150801FE0003472E37F60FD1BFD7EFAA4213F92A3E79
S3150801FE10302C02FBFD7F2F36CE2201AED742BD061E
S3150801FE20212751ED30EA17DC3BFA50BF46BDEF6793
S3150801FE302216D42FD830BD20ED1F03E1DB0D0A139E
S3150801FE40D8FC2023293FCD20F2CB0E35E728E3DF66
S3150801FE502FC62A06F82321E5FF1D6215C033033193
S3150801FE60D523C12F2330ADE5F241F3D4D70CC7DA38
S3150801FE700F073CD059F63055B9D31B20F029D9F5CF
S3150801FE8050FB09B8D1ECB3A91413F1FAF746F9589E
S3150801FE90FF77450DBDEB4FE7DB19F3AAF73E45B7EB
S3150801FEA041B1FD02D3C5C4FAFAE3E12E5CB6BF112E
S3150801FEB0B29ED44309ECB4C57AE026D7F24002FDD6
S3150801FEC0F1424C3DC7F8F728EDFF36F043E5C05936
S3150801FED0BB159BDCF3FED0B8F0F807CFDBF102FEC9
S3150801FEE008E6D5DB3AF701DD488F10DDE2EE60D78B
S3150801FEF016CCE011F3FCF2DBD7BFC93FE995D9DE91
S3150801FF00F24DF4F751010CF1DFED08C40820F6C0F3
S3150801FF1003B18198429AFC03EB2240F8E5D03807F1
S3150801FF20CCE6521409C5B4D9F6205AC67242FFD78F
S3150801FF302AFD198C2B32330512C3E6253FDD3D57C1
S3150801FF400115C8CBCC14BF3E9EF8A719F9B5B31055
S3150801FF503DBF0E2A213DD53B67CC3D04B6F63AC6D0
S3150801FF602AC9D83026E7DB37051606E2EBADCAF50E
S3150801FF7041CAA0C2CA265A3525CE3A4603061AB937
S3150801FF802404AFC0D4121DF4F1B20AE6BD102AF654
S3150801FF903329E18DF13912944B18B2BCF009C546E3
S3150801FFA0D7DDCDFCCACBC4545838431F019DE0B8F0
S3150801FFB00DD1E216E523D4CA5FBC4012DA2B40B54F
S3150801FFC00AD50F222003BC1B0F3C44CF58D0B831A9
S3150801FFD004C3B7EF4F29283D16DBD8C5FECDB7B701
S3150801FFE0352AD018292E1B0EF4096539F2DC132D92
S3150801FFF0E3C9B31A10C5C42AA311D4B6F436361206
S31508020000DD030D0D2E22B94302E00CF00EC7FE5396
S315080200100A44D50450B303FE22AFDF24D419343080
S31508020020CA1BF8AB3CBD1C0ADAE8254429A7D61533
S315080200303930C62F37BE4712B6E3DF03D34420BC96
S31508020040FE0D115663E03BC237F5DA39A9EB409F3C
S315080200504A2607C51E4BD9D8130F1C1D06F8C6F12A
S31508020060EB14EA0A37C0E02EF45D3C77263F0255C8
S31508020070250CD9E553DD109E360E0C441EFFF32AD5
S31508020080C917F40ACFE9F7DD262A30CC1319082452
S31508020090A70A0A07DF3DD9CE3F1E15BAF63828C683
S315080200A030B2687F47CF1DB6B2F1D70BF13EC01A00
S315080200B0C9BF3207B4609C51D01122F3EC46FB1A31
S315080200C0FB57BFEBE206D23B22F84722082AE7296A
S315080200D0FCFF1A41BDB7AFB353ACA0EC11FEE35E09
S315080200E0B396D4CE1EDA42B8443A3404B1D705D20E
S315080200F004DFE28DA3FC4AC60B62DDCA313CF0CEB0
S31508020100BBA7F13A46C70A0FB3720A53E8EAAFB079
S31508020110EAC2F0B44C52A241A00AFC2142B5041626
S31508020120C00E2C009D2FB1066EE4D124DD2900C62F
S31508020130DD4620FE51EB2CD93FAA241ADFB3DFBADB
S3150802014036CC1658ECB5EA0D14DBCFFE3A19E6C5DD
S315080201500E14C10FB5AF35EAF539BAE727E21A1315
S31508020160B2B8DADA2730C7253EE62A29152505194F
S315080201702A0B01C82F25FAAB81A8B78F19DE3CB91D
S315080201800C034DBFC3360CA3F25D365FF9EDF410CE
S31508020190106A089AD1B2D9FB48A81A0ADDB2E861F0
S315080201A0EAEF1A48FDD91CFE1A2EF9DE1718C646BA
S315080201B02806BB49C8A8F14D0709C6253BAD22BF8B
S315080201C0DFF82BD9E2B0D0C32C3ED70A06D2473481
S315080201D0DCB5ED0FE2EA35B9948B9F08E81EFD2AD5
S315080201E03DEDB5B40C081FD766062BEFB52317B33A
S315080201F0EB16FDDF4127BD1ED10BF737BD2FEAB639
S315080202002B0AB0D467343B43C6E93A439EF5EEDB84
S315080202101E1BE62D43D1244E0326CD30EF3A2F136B
S3150802022046106C3DF7043C34165628AD49CD1C17CA
S31508020230113E0C3804B407EC634C4A41BE03F2B6CD
S3150802024003CC17C1BD2601B5EFE9C4A650EF6BBAB8
S31508020250443EF2B59D3F13F523F609CA3A31AF314A
S3150802026025EAA8CEF804F24F3BCDC71715DB2CDDDD
S31508020270BFE613B6D8ED0407280EC6A134CFE9D7D0
S31508020280D6E298C613E565AC0F3A11C7D8C423D18E
S315080202905019F215139F1E2426ED434FAA15194627
S315080202A0BB3E0DCA0F8DAA052836EBED6A12049AD3
S315080202B030191BF006AEE850CEB0F5F5F231A1B210
S315080202C0DBD22D38EAC3B7EB1099F5011CA52AD162
S315080202D02E150DCAD7CA0613C50A9B4821D003CEC6
S315080202E0342104F6E9BEE52EC241E4148F9FC8B153
S315080202F03D102C1EE4062A3342BC19D11C3BCBB94D
S3150802030004181FD34CE1463A2A25B5B6F63845F401
S3150802031009F823BB37AE2906E0D628E1D8002C2DEA
S315080203201C43BF9D9BAA1901F20BFDCEBEA818520B
S31508020330093030A622D1390B41F6B7B993D3F3B0B7
S3150802034002BF81D0DD472F9CA9CBD8D5C0B65410A1
S31508020350DE1228A3C21D3232C54014DBDABFA493CB
S31508020360AB111CED350548E4BBAF1AAD6EFB11BFE8
S315080203700DFE3DE429264AE403A34126FD03ACE526
S315080203800A341DE9B3F6402D21BC56BC01C9FBEF60
S315080203902930C2DEF0CB24F317F1EF47E0E38E36BD
S315080203A0E71916DBC6CB17F0CAE71D32305A2FF10A
S315080203B03CD2E20B04A541ADE83513E7594D45D4C5
S315080203C026142ED118D71A065A15E2B3D9B2C3EE95
S315080203D0A63DC8DBDDC02AC9573D2801BE4CF3BC81
S315080203E0223EF7C9071724F9D2202FC421DC2C1381
S315080203F0D423CED35081C550F1D1F3F1ED5F20ED70
S31508020400E72FC1112E0D1CE7FF283A35305120C8B7
S31508020410DDD4DEA5090DEE07F9EED107F0B132D526
S31508020420FAB100B41B10201B19B6F234F4080B29D2
S31508020430F53922A851F73A1AC6E61B2F1BA8E73048
S315080204403724ED0F0408221D2F2745E72214FEDD67
S3150802045014C5EDB914F00ED52704FFC1EAE7B8EAC8
S315080204602366EB04100F151E1DD7483E6F0B48AFC7
S31508020470F8B1F5DCED0544D0A754D6F01BFCD181C2
S315080204800CCAE3F0DD00930AE84D49B336CDD31022
S31508020490E3644F34ED10D4E9C25575D9A6D04DF1AF
S315080204A047E922D0B8E185711E59AB00574E0B1D9C
S315080204B0A23418BF440EE0B6FD32BB2D475047E9B9
S315080204C003F1F70CCAF735E715B7BB3B370AA71A84
S315080204D0C60C56D3EA12B74C2213F93C0EF6C121C2
S315080204E0DD4FBFD1CDCB05BCBBE3FF1D7162DF116A
S315080204F0CDE841C738BCE2E4F9F51AE11AA7390E84
S315080205001126F3E9D1F2D3E49E4AED8ECDC118DD68
S31508020510F2C115C7411CB2D6EF3E2605CE1A492F9F
S315080205201B01B74802B6AA1D2F09132A6434B5055A
S31508020530EF3F20C7E2E31B092C4FFAF2B153E793C8
S3150802054035E639F0F538DBD7B9F1E112724A5CFDC6
S315080205503167164005D7F0ECCF46BCCC0C060537FA
S31508020560171CBBA7EA63D71D221E0C87D334067A4B
S315080205701E6BDA3A6BE0E810FAEB2ED300E2F42AA5
S31508020580EF354519C2FF1EB9AD282B397CEE1D1071
S31508020590F01AECE4B7069ACDEC03ED52DDE9090F41
S315080205A0E647EFA4EB32B67F19920F490E27F52ECE
S315080205B09A31A7C0EA0823D5ECA027260E6ABFBF40
S315080205C0B60238BA122C1A6515E750476DFCAB8885
S315080205D0FE5852CCEB18A907DC001EF62350270B4F
S315080205E08D2C0EC0EEC82220BAEE399DE4301EAD1F
S315080205F02739BD06BC4136ADE31AF3DF3844A206F5
S31508020600BAC1250F49A625F120458F65E79CA3DACD
S315080206103D4D37D128A6D9CC3033C0B344300E511C
S315080206205450EB2B9C1F52280732BA050BBF3508CC
S31508020630291318C296A632BA0D0AF68D0A5EDDC5C8
S31508020640FB003433F414C1544DC720031AC559AB01
S31508020650E93C2631C8DF5DE10A431BE6E6DB31F0F9
S31508020660DA1FB4BDE6FB2AEBD2B31E05F3113E41EF
S315080206701E16B9421303D512D83454D89718F7A1BF
S3150802068017F9BA2E1A62B104BBD2EAEAE242A9EE15
S31508020690E8F4D1D2FCC122376829A6D31077BBC1A8
S315080206A04927A25317D729F6D51AD547F350A0D505
S315080206B0D033EE0F05F513E4BCC6BC5618279F6D5A
S315080206C0E202F7FD05D72ABA36E0C90CD4C42738A0
S315080206D0253F67D03FE8C505C1A22CE3F0C55602FF
S315080206E04FFEA6DA0CC74304E40F46B940FF09C910
S315080206F048BDE1DF422DD00441E7EFEEDDE1D90244
S31508020700DA04E8CEA00DECB71DCC354FDB2AEEC6CF
S315080207107831C42D13E19E093A1F9C0DBACA4813B3
S3150802072097109A31184FEA16CFCD34A6BDDB2A03A5
S3150802073062CF36CE08D3C0CCDCCC0EBAAD0F14F5D8
S31508020740D8B80BC54341082D041FF6C54134E6E166
S3150802075033002DA9D7B2B9F2E1E49F36EBCC2302D6
S31508020760F29DE4DA2301BB064335F9F33E2BFE9FDD
S31508020770F0DC2899F28E9BEDF0978113EE0A17BEEC
S31508020780B0F6DACDDC2BE6E6C544A52DF4043E0E1A
S31508020790DAD016A11D17C24A1205E7FDBE0BCDB364
S315080207A0D2FEF1D43A4DCF1520C13FFFEA06D0E07A
S315080207B05132E98F1396380C1E3B13E1F2925620FA
S315080207C0F9D1DEE6BC003826E8C92E19BD20B5C522
S315080207D0ADB8392A28DD55E748490443102CD39089
S315080207E0140CACD6F947273F0FD92BBACC303E2387
S315080207F052CFEBCB42B835381704BB40342CD3273B
S3150802080002B23D11C2FDEAD9F6F7DCB7C7E0E9BD87
S31508020810D0EA2CEF021D115D511936E30106D138D3
S31508020820F4B99EB2D2035E1CDF3707F09C02B4000D
S31508020830FEBCB12B4A58C7E90B37388122C3D649C1
S315080208400AE326A406E9D1C2A806EFC5CE12C6BB9C
S315080208501C085815BACEDBFE5A192621A2D50C0C4D
S315080208604429B4D50CD8D7E746E3DF14990DC1302D
S315080208700DFA28CE2AFA4BB8E5062DAB0703D41D86
S31508020880C5D3D35FBA0F452AAAD3DA3CE745101770
S31508020890B2B2D64501DDCE32D5D4B58CA61F3718ED
S315080208A0322FB0B3ADCCCCB9251AB4E7B0BBB8EE8B
S315080208B0CEBFD9B65609051F5F583E33D75CFFAD82
S315080208C0C310D3F248DCEBB9FBDD121E1BC606DBEE
S315080208D042ACE92E28C5CD34FCF3F43DD25CB249CC
S315080208E0401306DC34DDD5050CA60CD6F1EADD2A62
S315080208F033E1C7E01DEF24E9260E0A061E17F85152
S31508020900FF46471DB8C2F5B318F33B162BC952CF9B
S3150802091025FC55D32D2CE2060FD4053329F2E0F037
S31508020920CC2C3AC6DCD1DCE0FD0FDA13F51B04E069
S3150802093035373A29E3BAE6E9F0C91D62271BC81D0D
S31508020940313D23C8DB2B1538D305F8E70AECDBF46F
S315080209505415DA19320AC217241EBD2FF0DDD6360F
S3150802096052C51CCBDEF7FFBAC6C4F5BD37D5F62C81
S31508020970E319F80121FAB7AAC7C4BAD224D2F6FBF8
S31508020980C1CAF2D400E5C6EFEED6B717052D0EFAA0
S3150802099025F13A2BDE1338BB2DFD15D92A2B3B1729
S315080209A0CC33D1A4CF312ED306B1DAC3F90A16B99C
S315080209B0EDC5C9EA0BE9AC3DB522D6F24B28474A42
S315080209C01B033ACE13303020FED2FA0FF917DC1980
S315080209D04B3343C4F6E429B9FEF8E71A2AEE2C1C6F
S315080209E0CD1E0E2B7F2004F5EE32F419C12C04B766
S315080209F04C27CE2E0932B6E9EBDE20E33C02C70CC1
S31508020A00BAEAF8B52AF7240F3EE03FF13201E426A6
S31508020A10C9DF1E2FDEF1CE0C88DDB70AF8F540AF26
S31508020A20D5FF25B6AF3DE0E4133D1AEFC1ECC2D5BA
S31508020A3044F1D2D4F62F52BC2CF306D63FDEC3FFBE
S31508020A400D1EBA3FBFB80047C439ECD2D3F533CF2F
S31508020A50EDF2E6114EFFF0494CD600CFB53315F04C
S31508020A60CFD3E8BDDE0C0550DDDBF72327353FD0B3
S31508020A7093D8FC191C3CE20ADE0CD115D5CBF2E957
S31508020A80F13FE30E0D1AFDF5FAFBFE04E500BED2B0
S31508020A90FBD1EEBBD7E63D32FA49E3C6D519EEE8F5
S31508020AA0B8DC201807DD14291D272FD027351B315E
S31508020AB030EEDA243938423047E001C6C0B8082F8A
S31508020AC0393AF6E71735DBDFCC253004AA2CF34092
S31508020AD09EBE4E083C7FEB18E141EF2DEBB902FDB5
S31508020AE0EAD7010A17C8B1C814110DE6C8FBBB45F7
S31508020AF0E947D9CD11FCD0ECE6E00F1B0D1AEB2223
S31508020B0006F51F24FADA3464BAB610ABB3FDC94047
S31508020B10C5AEBC330ED01EFB281D0BD3421CEECC31
S31508020B20F02A3F2EEFD0F823FFF2F827D2DAC332A3
S31508020B303B2007BAF9243AC9FBA9B1FE42BBEA52DD
S31508020B40FEC6E5E0DB54C919280099D137EE403ACA
S31508020B50C5F2EEEDD3CDD0D53BD705BC452CF7E291
S31508020B60FE2FB02DB8CAD40619492ACD3B3523DD46
S31508020B70321D335103EC405996D6D14D58DDE4BEA9
S31508020B8007E5E835C5E4DE13B013F79F2050E33FC7
S31508020B90D1B21E4F2EB91706F22CBFFC3EF7CAFC7D
S31508020BA0BD1407C62D4A22D33DC6E2EAA917D00EBE
S31508020BB0DEE3ECD3FCB31CB715FA3CDC201F260B8C
S31508020BC0D7E9D7BEEB31EE35BED05911CCE0E5F800
S31508020BD0C45448D4BE39DC0D27EC0404DA17210DB7
S31508020BE0CE27363AF9EDE2F61B1609FE434FBC0349
S31508020BF045062A19330E1611A51ACBC9E9E720D5D7
S31508020C0022B1AFADF0AC03810038BABF1EACFD2BE2
S31508020C1028F42CDBC6F1D614EA12F5F9CEFF2463C2
S31508020C2022FAABCE3D51FC2AEA3AEAED47DFFA3917
S31508020C3011342C5C52163DFD0AE74851C8BD39C924
S31508020C40E7A12918C767B6D7BBD31ADC5B5F31465B
S31508020C50D0305DE730191705400EBC714E4FC1DB27
S31508020C60F949B1BBFBE93921095925C6BE352B9E7F
S31508020C704FB6F0350F28434B1EB7D8450AF9D10DA2
S31508020C80E1FDBBE9205612A2CCB83A4DFA0515D2B7
S31508020C90D3CD1C2BF9CA43B6EDCA272DD5FA405037
S31508020CA0E2FCBBF3DBBEA3CFEBF2AF23D406431DB4
S31508020CB06BBA0EF902D73AE8FAD5A513CF3A2EEE51
S31508020CC02D51F2B7D81D15BB03A3F6100E3806CE62
S31508020CD02850B3DB02181116991F33B2B8C6033C63
S31508020CE0141EFE093064F2DF2FE85BEC3634121369
S31508020CF0C0E31A190A413648DAF7072BC9C0FBBB03
S31508020D00C769C1E9D6DF594ECE02B5F010B4C6FBA3
S31508020D1053EBC5A828DD10EACABB15FF07C827EE9C
S31508020D202C09ECDFA9E9285DCED6CE03FABCCEB3F0
S31508020D3051DF11A135CFE9D1C542D37FE72634A6C3
S31508020D40FAE911AFECF0213AC8CB594D20FAEFC2B5
S31508020D503B2BEEF61E110A2C34B6EEDA242F17C8F0
S31508020D60DF24A12E8B2BC8152923081D0AFA1D304C
S31508020D70C51DFB3924F101EDE4F63314F9C415D483
S31508020D803F4F19CD02A59D0722CFE8D1C3E93F37C8
S31508020D90DC2B5100E73C260EBFCF0930C4B8F93424
S31508020DA03EC9C41308E0C11F11A3D4C8F3F4ED3930
S31508020DB0C837E2DCAEC548DE4019DF3A26530BC611
S31508020DC0CCDAF4EE411CEE12AFC818E42ABD38EAB2
S31508020DD050A7074FBA01FBE6A517CFB2BAF8E151F9
S31508020DE03AE61CBCA31A4BC83F1EC70D2FEDC338E3
S31508020DF0C604C4F3F5FA49DBF10C5C0F302343470A
S31508020E00FC1FDA3893B6C63013290D9F4117D6BB95
S31508020E10D5A62A4018A514D7E413C3E5D1CE1310D4
S31508020E20F7E71A30D8CD16F7B120852A25421634A7
S31508020E30DD0905C7ED7F47350207CEB74F7F30EE8E
S31508020E40E314CDE4FAB705D61C275BC9D20E0BED1F
S31508020E5013CEF23AFA1C2D3CDADBF3495AD43DDAC0
S31508020E6030E904C6220D33D0D548AD4C48BBF6E668
S31508020E700DD73FFCC338DAF2D42027F15C3EE1DE17
S31508020E8012B8D2FE02DDD422E9BB4FDCF35031940C
S31508020E90DC48EF40F6092900E40EBB15F0BDD9ED92
S31508020EA01FFDC0E3B7D9E728D6FE302FC6F8CF30E4
S31508020EB0D14ADA09A2FE35357FAEE2E7600F58A7B6
S31508020EC0B0FF10D5581BBD1259EFF60E38E8CFBA47
S31508020ED0AFC58FFBC6A2101DEED4C9D76305EB17A3
S31508020EE012FCB629FE471BB11D0CC5D322EAFEE742
S31508020EF0D22CC12CB4EE4015D8566211B4D0B69E87
S31508020F00BEC2DD072A5017C624BED8D2E8DF11D6DC
S31508020F10E1C8DF48DCCBE8090F0646E701F70FB858
S31508020F20CCD39D5951EC2E12DC19F33C334E2DF1DC
S31508020F30BA27181ECD8D35991CFACF170F0108F757
S31508020F40370E183F0548272C06DBD465239B3D3B05
S31508020F50133D28A566A7E35014E35EC3B203ED3733
S31508020F601FD47D00B0D82139DD0BE5F3E5382C39DD
S31508020F702C4C10D6A3A8EDB8543505BD3B29151C33
S31508020F8032D49D0E41ABD28F3835970AFDB266052B
S31508020F9050EC8DBFCE11BAAF2A9DA396C7FA502F31
S31508020FA0A8061A17F516F9A053F4FBBF1709BBB220
S31508020FB016441AC2B713AC343AA43868A4C45A7988
S31508020FC0C7DE18A7EB2F551EF7103049C0CE2FB033
S31508020FD0E0B6BEBA40DD1DE3D6CB47A4F53D515374
S31508020FE03A30FA4CC1D8B67F16A5D966B34AEB137E
S31508020FF01A4E2884B00F162C4401306AC066DBA24A
S31508021000DA5EC00BAFE60ED6B507E5FBAAFCB82D2D
S315080210107436D667538FECFDEBDA3AF219A83439EF
S315080210205713B1031AB9F14ABC0B264F45ED0E45C3
S31508021030D1E2B91F25098B0AB1FC954D79CCBF0FB0
S31508021040005F34F02B57AED2153FD039EEBA403591
S31508021050C02937B00E01365ACEC65B3EFE2B0BE2CE
S315080210601B35CA270EEA91E79DBAD8D3492E2DE138
S31508021070783D23D3DF52E5181AF65319BAEEC45F40
S31508021080660A3806F55857FFD6BC431023DD2613E1
S31508021090B0D4C1BB49109F31D136ADE45E634FF17E
S315080210A05E2EC738672E443E5ECEC1ECF650C4D8D3
S315080210B0E172213CEAB5281E132021E7F6E5C6DFD0
S315080210C0F5E0F74CA1A9C610AF4782AA2C5238D030
S315080210D00C664651C0272A2E041B44ED172C3708E6
S315080210E0FF512366181C4C15B904AF2025A82C629B
S315080210F0F3363E4BD7E123E479F7AE491EE6E3D948
S31508021100F5EEA8FB121803C034F948D70E2FC7F11B
S3150802111067F814310EE80604CDC1E9C65947EC0B47
S3150802112053E705D03F1C030ABEDCECD4F30D42D6C6
S31508021130EDE521242C360D1260560D272254161F72
S315080211403CF0027F7DE73813DA31AFC4E63FD55467
S3150802115045133F2BFA1FFE54F4CDD73902BFD79851
S31508021160032FD6E902A9BCFFDB36BAF637CE10F151
S3150802117018F5A0E8C9E826C535FDB8E6CB3B5CB24A
S31508021180B23DEA693D4F5FEBFE7469D2B4C3D843F8
S31508021190200D60E210D0C5D4185BDA37FA2E3DC2AC
S315080211A09AE1E72944461CF8409EEC163B2CDB14D0
S315080211B0E901D8D4D82747C76CBCD80ADEBEEFE8FF
S315080211C042F2D98F0D17F1E5CE12C2EDFDD63ED306
S315080211D00614262D49474BE805E5E5CCF99E2AE390
S315080211E03FE4BCDF45D03E9DAED312482FCCBAD3DE
S315080211F02D5CB73DB0FF73DCA5DF1F3A4023C1F56E
S31508021200DE1111B7AC34BDF01A1056AE0D3914D32F
S31508021210E912BCE501DD21B4C2FCE72FB1BAF2C37B
S3150802122010C9042D1735E35BD71F46E9CC634C3149
S31508021230F22726CDF7531304B1DBDF9C3A2F982DFC
S3150802124054E076570B2FF41D61F327120ECDCB44CB
S31508021250096A3010F09C215D39EAF0C8643559BD37
S3150802126032FC37AE1E22CC9D416C2F8CCFCFDBA32E
S315080212706219FAC46EFDEB5EE4213D2969024CA1AE
S3150802128000BBD6AB22C1964105F872E8B2B4E4DFD8
S3150802129040635A46073EE157260C6762D9478AB920
S315080212A0606AC905EACF0BE23D14162E35DF04340F
S315080212B00A24EF572506C526A7B6C42209D95529F1
S315080212C0BD00288835694C6716ED5D33756B07AB2B
S315080212D05CCE1F7F0F3674EF53BB2130DAF9EF3B32
S315080212E0B2A36A2DA4B4225E25DABE4D464A00137D
S315080212F0DBF8002BF761512FCBC7C72609E126CDAC
S31508021300DBE5F90E9849436034091B1D07A6FF372A
S315080213101C3DAB39244C28CBEFD24F02B4D6F5DCB0
S3150802132009AD42EE3F4ECCA7CF4AC9F6FF1DFB5385
S31508021330F1CACCDFE7EFE5DD1333F01BA3CCC72CEC
S31508021340CC17DCF3D9BA492AFFC3074C1FF9F7F5BC
S31508021350F5FAE5F2322E0FF7F51FEEA9D0CAED30EF
S31508021360F3B720FC0BE42AC9214F6716D0EF064AC9
S31508021370D4B356093A42EB09D318B152E54639CDE8
S31508021380E0E3D3CBF8606981F8C1A134AF16C5068C
S31508021390E31014D84E69BAE6EFCB38F22BDE2224D4
S315080213A0DC391FEAAFF7E4F4583E5CDE2901521431
S315080213B0E6BBF3223F331CDA46FDE8F131D7281F94
S315080213C016B3DD29226116D83BE029E915C329039C
S315080213D0154C57C8C16E45EE152852CD15FCE93293
S315080213E0031ED7316DC5EB69E25F43B229C4F4F235
S315080213F0D9EED922DF000513E23AFFEDD5DDCFB3E8
S31508021400BFCD31EDE134DDC399FAF4E70307FF33C3
S315080214102943E11734E10BC29D4B15ADCAB513F248
S31508021420D926C2272EE6DC58D1D34D0FBCD9E3EC18
S3150802143031AFD8F6BE4FE2CB125042D2E2381CC6C2
S31508021440BA46C3D01AF3452DE6541DEBF0ECDA1E64
S31508021450B3B924F7E4221F25BE54C400133C512F06
S31508021460DEB929EB17F6CC03484BDBC8220330BC9E
S315080214703AA53B360D29EB44013F4BC400B5CBD305
S3150802148036D639F4E3B2C02616F9DD35A33C1FC9B0
S315080214901E28F9EEF1220DADBC0DD8B9C501F055DD
S315080214A02A5125C33FF1FD3515E2D835ACBBC2CF6B
S315080214B019D7AEF7D1BE2735FD1A18C1D1471DED8A
S315080214C004D83436AF314BFD24101CBD0D21CCACEB
S315080214D0DF4EEC1AD00319DA00012BDB1F02B5B274
S315080214E024D1EA1848DA1D2221DD97FBE2E12F3ED4
S315080214F0061C40F11810CB1816C8D44322FCEED8A5
S31508021500177FFA4ED7DD603E0B23C44339F1C9442F
S31508021510D2361E1130C4C1B1CC2B442DCF32162D72
S31508021520F236E3103896E524ED023A21241F2810F4
S31508021530BE30B7CEF414E72D163325CF10414C052D
S31508021540AB0BE7134E19F4CFF33096CBE227EDF443
S315080215503AD2C4EED7FCA1BE3D1E3FAC004BE0EE2C
S315080215600BFA16B42B243C4842C034E731DC9EED14
S31508021570BE1CB2F8033010F242312CF33919EFAF20
S3150802158025CD2ECDEA35F98BCCF7FA100019C0A66F
S31508021590F490CA2AB8C5B4503ECB410E27A8EC121D
S315080215A0D4CB3F59F5DE22481511C014E83CDA06B9
S315080215B024CC2737AA0DE0FD08EF1D1FEBF940479B
S315080215C0A7D3D5D7C3E22409FB5516509E2B3E1244
S315080215D0BFEBF3404BBC06DC1469DAEBE9064007BD
S315080215E03B37FC1ABE9A08171BCF1B307AE34AB858
S315080215F0E40CF8E118C71AA4D7D6002EB42C2CBFCF
S3150802160023449FA51524C2240F4500F3F32E361151
S31508021610CAF43B4CAF04E20BF4B5F2E1C502C44985
S31508021620280981510F15390EF245B3FD25CDAA09B0
S31508021630573E39FEE111C32F6139C0690AD1EEFB63
S315080216403EE961674FB9C4A5421C1C1626BEB025E1
S31508021650BBDF0AE53D2CBD255E01AA56BDEB3F4818
S3150802166095D81814AFCDEDE43FE4C9542BC9ED0C57
S31508021670B217FFFF040000008000000007290000DF
S31508021680FB2E0000042900009AFBFFFF37CDFFFF5F
S3150802169051AFFFFFF72600007BE7FFFFE4030000D8
S315080216A0EDDDFFFF51D3FFFF724D0000F0EEFFFFA5
S315080216B0BB260000C26400007DFEFFFF94FAFFFF0E
S315080216C07C090000BE6D0000A24D000068FDFFFF08
S315080216D091390000C51B000045120000AA27000028
S315080216E060360000CBD0FFFF77BEFFFFD783FFFF30
S315080216F0D10100009BEDFFFF230800003E18FFFF03
S315080217000400000000020000EC2D7F91DAD84B8914
S3150802171030D30A8F6294374B3C9BDEB781CA38FFB7
S315080217202DBFAAA2CD58E1D14347A5CE20F1D2E3D7
S3150802173052812F836BF8FE634AFE861B33C8B0318B
S315080217404081468F1748CBF4F64B375B5AC50AD900
S31508021750208178A7C3A61892405BCF73DE3FF0615B
S315080217605FE7837F0292D9FFFCEBC8FF1E9DC8592B
S31508021770E77FE9E1A6591E318E8446A97FF31C4903
S31508021780408A952675CB895A60003BFE5D8FE7989D
S315080217908E38257F44572ABE2FFBC890596E57D0DC
S315080217A054B5A3497FD6E0A413126DCF6EFA2079F9
S315080217B0CEA17F7ADF0E38FFB850B3D0387BBEA3EE
S315080217C03651B85D4D7FBD568114B73E0228395C45
S315080217D06E1D07EC3C58E5689EFEF8B079B9A2364C
S315080217E083A4C48159D88ED02F8124533B7C906B15
S315080217F031BE8932FE35F4301E90BF4D2ADD703275
S315080218007FA926D5FFF1AE4901812CDB5F85EFE37F
S31508021810AF08EA5C843964453B31223412EC675CD2
S31508021820A3D87FB9733BE8E2F0F2814B673666705C
S31508021830CEA52077F1E487CAB0B5815FBE210263DF
S315080218402A7B5C55697B5CD3F60DA7A2F53A8526F9
S315080218505DD07F4249349925360E0C40BB8196AE3F
S31508021860E1B9163BEBE8EA1068DE819FD788EA8D74
S31508021870B2163C9DFD3BB5C9B21AAE98F666482E1D
S3150802188064EA3D5DEF819134E77FA7A5AEBC1FCF21
S31508021890C1E32EAA87B2C45C74E056B54034B67F5B
S315080218A0D843F5A5C413BA68084AE504B685EAF723
S315080218B01181A1071AA30402C2C28169392D0F5FD9
S315080218C0E6A70CFAC2ACBC3C3C7F35DDD4E5343B1A
S315080218D0942B1464438E1A7813E0BC8111EB547866
S315080218E0962B11A024928425DBE7379842B96A9A87
S315080218F04BA6B76D483D727F4EE7C0CF2CC24B212F
S3150802190054F9FF29D5494A7F4A1AFFFF0400000005
S31508021910800000009EFFFFFF211D000065FAFFFF01
S315080219209A06000034040000A3EBFFFFDB03000065
S315080219304D0400006EF4FFFF8CF9FFFF96DBFFFFF4
S315080219403DEDFFFFB5E1FFFF03310000C2F0FFFFE7
S3150802195068F6FFFF34070000F1DFFFFF20FAFFFFFA
S315080219608CE0FFFF26F8FFFF8E110000472A0000D1
S3150802197026FCFFFFE221000029F5FFFF33180000CD
S31508021980890C0000C8DFFFFF04110000A7EAFFFF69
S315080219909AE5FFFFD61AFFFF040000000048000080
S315080219A00FF1B0343F221D24F8BC1D42CDC2F43AD1
S315080219B0392946F7F7F1EC21DED7D9B014E3CA0E76
S315080219C0ACC6D8F84243DE2E073AF715E51B42F1B4
S315080219D0C9391B24041420E3CCF9E1FEB82623BC3A
S315080219E0CDFA1ED737E8F1C8001ADA00E2FA1D283E
S315080219F00FD4BA12DA31B05206F91BE13F03B7A780
S31508021A008441DBE6D9002FD9D30014E9FB00CCD6F2
S31508021A102FE0274CD6C4ED0BDCE6D81D44F6410070
S31508021A203714523123DE312825B13201E7DD20F899
S31508021A30C725E446C44071F146C1CF0240F7403596
S31508021A404DF122DAC42307FBE7CAB1D92C2E244862
S31508021A50E4D3B847BD362CD11FA20A0BD4E057D718
S31508021A60ED50BFD8B3D34D309F05D7FEE5280837CA
S31508021A70FB345A3D20D3CD49DC1E0A9DF5F8EAC14E
S31508021A80B3A527E7DB181E19222FA5342218CDE79E
S31508021A90AF0422C6D9B94538F619D9B2B130FC4EC7
S31508021AA0D70034C8BE0719DE3F2C40F1BF09CFDB89
S31508021AB01FE62FF3B6B2242D648135EFFCB3CF8B24
S31508021AC003D12F3CF7F4DCAC020FAA2EBA39044C28
S31508021AD03DDB58F8B25006ED05D2D20BFF0CDADB25
S31508021AE0B2F5D4D25B2BD3D7F7FBE9BBDEDCB2E780
S31508021AF0B511C0C1B801B5D4DD305DB7309A18F852
S31508021B00A44700BCC0F2471E20474402417FD53F86
S31508021B10241DDD39ECD958065FB3E10309E8453FD0
S31508021B20443BF2B2ECCB1C1BCAE7FDD3AF4DC9B698
S31508021B30E0D79CFCAC24FA1053F83C2A25AD94ACA9
S31508021B40E5B1F4DCC944C4F7CE2AD1CAFFA3191FEA
S31508021B50F6050CC0D014FC9742AAC7BB04E5820856
S31508021B60984EC6CD1343EAF5326F55502634CF2424
S31508021B70000232A0E7EB393931D052F6DA345DD1B8
S31508021B805F385033C409C7A6D6242B0C3978384790
S31508021B901D032539D64AFEAFC8ED03D504C110F395
S31508021BA014FBBE1CEE1CF3B7CE153866D32134FAE5
S31508021BB0FEC4C1E53AE8361EE7D9E2AD47A8CAD05F
S31508021BC0C71129FB40502B1A3D51FFEE1557A6E9BE
S31508021BD0CAE7204D362E2D1AE50510C4269B66380F
S31508021BE01304BA3ABED5EA12CBB326121FE1F90D8F
S31508021BF022170AC6CCD204B012E6925ABE22D8DA04
S31508021C00EAE22807B512BAD335A5BEB2C511DFC9AD
S31508021C101FC9E12F04E0BCFFEE342FB5B8F3D9256E
S31508021C20FB0AEBF8F300A640462717D105C055F67E
S31508021C30ECA90713E40AE8B6DBE7044BC1D3FFCEE7
S31508021C40AD0CFE140D18257F33E20FD824C947E8D8
S31508021C50E6DFF0FCC3AC06FE070C9125A8472A234B
S31508021C60F2C12ECF2DCCEFF243BFDE2DC3C129DB45
S31508021C701E052A4214C0BB27F602382C350B8CF8EF
S31508021C800CFFCB35E2DAC648E3F919E71BD2D43E94
S31508021C90EBBDC3EA4D06E0FD1AEA014DD4E2214244
S31508021CA0EF41D5FD30030A56C606DF11D3D3FACA69
S31508021CB038C02FE5B8D119B8CDF7A5D715DBA9B421
S31508021CC01044D9DB1CE2D33114D4C2DE3012BBFC79
S31508021CD0EF102E3056E0A6C9173B24B1B3DED12B3E
S31508021CE0D3EDF13B0FE8241007E01E18261308204F
S31508021CF032C6FB29EEF220B5F044F22CCC0ED0FD0A
S31508021D00E801CCFCD88FE5249CE5C1EDE0F7FC059B
S31508021D101D0DF6C05B05EDC1FC9327880FEA3DBC95
S31508021D20DEDB4531BD93FCD6D6A0323E8EAECDAFB4
S31508021D30A0E364BA38A0C95012CFF29D08AB353079
S31508021D400EE3013A29D3F0D3D8733AD8351CE851B1
S31508021D504DBCB55A3E2CC52009303617B0485092AC
S31508021D60F16934ED55224B333838ACA0F0F4EA2544
S31508021D7011C44C52C5F50244F0C62719A31DD1A3B6
S31508021D80CF18E420DDF0969FF6389BF90D2AC9C9CB
S31508021D9047F4E718D41B2270CEE44BA7D53B3C1A6E
S31508021DA01272FF7F02DD44CB707EE934E013F9201C
S31508021DB00C2EC5C2371563BCE32ECB4B25FE243148
S31508021DC09AB426A907CC165F27E88C34FE1FDCD303
S31508021DD097AFAF5EC4472401C24039F8B5DAE2FCD0
S31508021DE0C43F580BA7E0A1EAFC351B12B7E5492404
S31508021DF095F1FF3D04070AE8DD20E5AACFB70E13E1
S31508021E00FEFED64147F4B5F0FA7E4FBAF067E9D33B
S31508021E10C0F302D0D50BD6C561D1C1CF365368B847
S31508021E20FE58015D0C2947C4CC1AF40504F95E5123
S31508021E30BE65B5D9FC37F14A1C062DAAFE53C93828
S31508021E40BB0EFD182503DECC3BF9BE135BB91BB3EB
S31508021E50F0C71E5224D8E51011C526F2B5DCCCB758
S31508021E60F51B0211E9CDB31BA858DAA6584352321C
S31508021E70FE403EDB1DB1A4E1E544E7B59705ABA2FA
S31508021E80ABB43EEBA6B135959C19C4FDAAF957DC4D
S31508021E901C10A4C7A018110DDC2EB61149A6FF2DD9
S31508021EA03BDB144921AFBD3C15FFA7C741ED6D4F7A
S31508021EB0D7EC4D2815F91F1DE34441BB10BD6D1F14
S31508021EC02523D21EFA20BDE7DC0A1C62A5D52CBA48
S31508021ED0BA08A8BA2A2A2DE524E1F047C1E6C63788
S31508021EE04B182EDFECB304F74BA7022681E62265D0
S31508021EF0FA46E7439E435E21F0358927F5F91BEC3E
S31508021F00F01BFFE9283A1B0EF7C1D5E54F1A6603FF
S31508021F10F5F4FACAEA261F14D6B6A0C41F21E6AB00
S31508021F20E80419BDCD94BEDD9917DAF3E538D01A5F
S31508021F3032B53D56F01DFA1D4809932C4A29E16D22
S31508021F4006FD360D5C34DFEBD10FD14CE9F95801A9
S31508021F50211023E34597DE23E0F1DFC62C63D83A46
S31508021F60CEEA18DEF50A461B3ED8D7E7C2EB15D3EA
S31508021F701135F31C4F81B7C79DF70711D912C41340
S31508021F804932BCFC38FFC9E1C010D0F1B5EFD6B46E
S31508021F903F58C1C6DE46DFD54BFBD61BC57CED16C0
S31508021FA00325C7E6ED1CECE82B2027D4AED8073D5F
S31508021FB017EE351EEA1518DEB711D745F6ADE73E18
S31508021FC005171A1116BC47D0BFAE28CE1C2BEF2711
S31508021FD006C441E0E7E622370FE83642B51D37C5A3
S31508021FE00E13E8BABFAD53D71129B7C6D9310EB009
S31508021FF01B22433C2B40FAD7174350C9FB8E090DC7
S315080220001B291E393F1F26BFCDC6C05E2316110ED9
S31508022010192D5A06DDC9AADD1CDCD04D0F6D090C37
S31508022020F6FFD6371BCE090DF1F0EECFC52C4625A5
S31508022030BA3E2DE52E1949C7DCB9D2E445D42ED0CD
S315080220402C2EE9F4D535FBE108F745B4CEFAE218A9
S31508022050F537E3FD3DB3F13CF6243E150B09E0AD39
S3150802206011BFE6D20DCFC43EBB1CDAB10B1BE83753
S315080220702123B4DAA1DF13AFCFE8A7F32A13DFCB04
S31508022080E2FF4D9820F0BF0EC53F09E515CFCFFAFE
S3150802209017952044A8F0FEB7D43026E2F6A70145E4
S315080220A0813FF59B59D4D1C640EAC0C03444C929F8
S315080220B03CEAC0CBE2F106103A3D384BC8011D3462
S315080220C0F0D1336CC6FC02F81E5DA30FDC433ADF7F
S315080220D01FD9E0AFF22DDA3233F7A1D99ED6F32D06
S315080220E02AC61C14B4D2CF28381B3ACEDCB3C1FA9E
S315080220F0CF0F50BFAC0520D9C020D630D9F5DA2388
S31508022100C3FBD0FB2209EFFD0E51E14222EAD107B9
S31508022110B6FBE03A2B02DCD009BC264650DCF511A8
S315080221204E2DECF4B7F7E45DD00E111F604E170E74
S315080221303DCDE6B2212B4E9CF421BDD3C724242AD9
S31508022140F1E1DDBEC5B5C4E8AD1617252E01B920E5
S31508022150451A4EE1C90C25FB10D6B718D732A74146
S31508022160F53DC920BD0642051E2A1A3C2042D5EA7B
S3150802217034EA4DBFE3434BD410E531E9E5C350D702
S315080221802C29920701C7E028DBC90BDE542EBEC7ED
S3150802219030BE23413AE9F838DB180BDBEC0A20D3C8
S315080221A02F125C05F2F1ED16E8E710FCF1F5152899
S315080221B0AE1F152D381C06F907A94D03CE2DE3DFF0
S315080221C0D850C21B230ADC2D022CD236C726363833
S315080221D015B2BE16FB52820513E4C3B3DACFBBFAB5
S315080221E02ECE1AFC05CA3507092103DC031F2B0369
S315080221F0471611CDA2EB0C1C96B2B103C29908F789
S315080222003C0F4BF01BABD2FBFF0CBE080008FEF4DA
S31508022210F8E7F321B83600F6D8F2E1DB140ED93125
S31508022220C92007401F07D6EF3904F203BF003E064E
S31508022230E91128C440250FC2812CD522CEAA2BE843
S3150802224024D4A447F71FEDEA47C6D30D1A0F432C29
S31508022250DAA8FC00CEBCA3DB4CC2D0D7046EEF1CB6
S31508022260308A3C2A0EECF9F2F9D3EA3B37C8BEFCAF
S31508022270BE24EC1B08E70AEC2AEC4B10D5342DF1E8
S31508022280FF0DC72631F20F25E720D0FD31F73A0EAA
S315080222905F07D7E94D64D7CB1B1DD3C2CE3CC32CEF
S315080222A0F33EBCE3D7421CB81CDCB1CEF6D2F1B37E
S315080222B0240CED351BE4982A371BCD35ABC3BFDD9D
S315080222C01A2AD0CA2FDACD4ACF17000DF352FCE9E3
S315080222D0E6DA381932E8D1CBAE0298E5EFF3D0C484
S315080222E0063DD40525DDC931FCE2C9D9141426F008
S315080222F0E826ED12F7322C3C3A2BD90EB40F19B850
S31508022300A6F8E738EBB704FDEB2CCFB2D1E11EBF36
S31508022310C7E3240C0B40D8BAA9301935A9EAEC034D
S31508022320D1F9EF1DE4B7391EC0C4CF3BFFD2BA04B8
S31508022330CEBEE116F8041EE00F3509310544ECF06D
S315080223400131CBC5C3EE1BC3CEE3B6A735CDDEF846
S3150802235024092144F243D2E7BE06D7F00EE70C2839
S315080223601DED8134330BB7E1EB3ADD30D9EF2003AB
S31508022370F3B31238DDFE9725D9010A341EC126DBCE
S315080223800105CA0C0B0ACB0BC0241C1CF8D7BA30A1
S31508022390C4D7F90BF30926F316BFA7D90D1EF0C643
S315080223A01635DCE5E1F0C510EA081AFD520CD632FC
S315080223B0CEC315360AC5ABE269FC19DF27E405B2B6
S315080223C02BE5A7D14884E7341F39DAB77AE20A41FE
S315080223D0FDB9C6CCC56DF923F336D53DB2C9BDFDE7
S315080223E0B01B2944EC293D0C220FB8C2C50A201E8F
S315080223F0CB4418463EDF21C1C954C34A183D4B1D7A
S315080224002AB72DD74325DB3ED3E64C25C6FEE1BFC8
S3150802241035011F3D984C4D03D7DB182FD1BEAEA10F
S31508022420E951B20EE48B3A0B0BE03ED8ED1216597F
S315080224301FD84834B971C82307D1E5283717FE26AD
S31508022440CCD6E8D0A510E8134A932465ADE4C5EFC7
S31508022450DC5423F318A49E2904352B295DFA11723C
S315080224603D341414FC26D71D5EBF1F4CF6F504FF37
S315080224704A11031135EE930D2D475A0D0E020B51D3
S31508022480D721E4B616CF7F27E10A171124114B1B71
S3150802249053843515941C1DB64709030D1629CAFD22
S315080224A0EB1F0EC5011C1C0AA24EB46C1928AE23DA
S315080224B0CE3AF24E43304D199F544B401BB3C56179
S315080224C0CCAEA6471C482234BBED67FA193C39F351
S315080224D0262430E733DE174018AE18BE4AA4DEFEBD
S315080224E01B05C3AF2909AC20431C2328CDD5AA2234
S315080224F0EAEE2CCC3323CFB900DC28C39E1F02AFE9
S31508022500CA101B4DA8CA16DBCC0EF423D308D7EA89
S31508022510BECAC0EFC817E60CD1EDBF20DC30351BAA
S315080225204702F3DC23C62C0FC92107FBD6D0264166
S315080225301543F4DE40DC404455413CDFF1E7F21D29
S31508022540FB401E20B1F3EFFB3AB9E1D01F0105C2E9
S31508022550DFF2D91D08470014F5C22DD108CDED07C3
S31508022560B504332EC41E2A4E0232BE3D301CFEE08E
S3150802257017224C18C4F63E20D2160EE2DF40C8F4E3
S3150802258040F6DAEE21DADADF210916042823E70310
S3150802259015180F29D12BD53AE0ECC22BC6C3DE0596
S315080225A03720DF0429F61BC9EE00D2052F3B02218C
S315080225B0BC28BDBCCB65E4C17F30F1A2B0BF21CA3D
S315080225C00ED2E959270FD8F8251BC2E623BBE241EA
S315080225D0043B02E8EFCD0AB14033D83E0AFF1FC0DA
S315080225E0451217CD1E2813C5D1F41F640113E93607
S315080225F0ED0601431E18F84E65D2C9A6FF09FBD39C
S31508022600EE0757AACF2FF012493041B44214CC062E
S3150802261005D9C2F8C65D70BDFB99E405111036DC12
S31508022620C73F0EE04533D7FEC63533FE27C72D050D
S31508022630EC45D730D940253AE806000FDECAB5215F
S3150802264044155435E60EFA4AC11DB1EA5A1210C1AA
S315080226500CE03BE2E329571BEEF29656D8FDE3055A
S31508022660CD2FEC1529D7E132C09E2D153518ADD9D7
S31508022670E2C83BD32E1AEBA456E6EA33D3642944BE
S31508022680231A297F34EF40C01C27D54703EE15626B
S315080226903641DDE8053CF02BDDED26C8EE02ECD727
S315080226A0D427DB0FC73837D42437951CCD343233B9
S315080226B0C93825E02D2FDFE81218AF07E95E51D297
S315080226C04894CCDFDE36C5CD4ECD15FED9CD0F2EBC
S315080226D0F2D9FDDCA93E16F94233EE312EB7FDF7E3
S315080226E0F1B734C61ED74D4520F43DD3D50B31CFAD
S315080226F0F535E013E832E41B70E7412FDFD81648B8
S3150802270009D3E9D2B1B11748DE304A5649DF23FD6B
S3150802271000F8E1F1A81460C0CB0A29FE91365732B7
S3150802272017DF48BFEDC8C849C910372FE1ED1ED9D2
S31508022730C24BC6D71F415906B6EB442013E343C81A
S31508022740FBEDF904D82FB9E8ECB80CE6CA2C28D563
S31508022750E5B13D35EC5EDA15FDED27FF23ABBFE3A8
S31508022760133ED7D42F36BC62CCCD31FE3DE816EDEA
S31508022770E7E707ACE0B9F9220ADC22DCC30C0E292A
S31508022780FEDBCC4130ED4DC2541C1006E1E9026174
S31508022790FE45F33C1FD0F3CF604AE248C35326599D
S315080227A0300A23C4253CD8B42ACF002291B71C008C
S315080227B0E03001281F2CB4B237EEC0A6BFFCE3EA0C
S315080227C03446132B4D41DFF9F4FC3010EF1A3EC0A4
S315080227D0D8E6CF20E8E2AEA67F3FC32BD245160243
S315080227E0B6C43AD23913D572D8D64737CB43FD3257
S315080227F0241900C8CCE301F803DF07F0BD346048AA
S315080228002BDFDC43D7F6D2CB21412E22DD37DC2D56
S315080228100B36BD4429733949433DEBEB2DE30EC50F
S31508022820FF5266E00B130A4FD73DD3F430FBFE384E
S3150802283018D617111F392E02F9382C2222A514D2BE
S31508022840C411BFE0F09F05BADCDBB7390D7EB00DC7
S31508022850F4EBF0CB2D060DCE7808ED2A2D33D233C4
S315080228601BB373DFD518EBE342E6E2F6C108B7CA33
S315080228701138D7195A19DCB030B70CEDEDDB343400
S31508022880EB502CE83CD71A49D2213531440B1F4468
S3150802289031E4FC101B51D4367FCFF7B8F7041A3A45
S315080228A044160601F1DD3E2129F8FE00EADEA8AD4E
S315080228B0543ED00ABC6622072E28EEFAA0E7CDBA05
S315080228C0FAA229291C12EAECC6FDCD47A8DCA714F0
S315080228D0CBC725B7FD24E2B8C806320D34C609F2BD
S315080228E02C5C532F30D84E40370C05C614ED5028B1
S315080228F02E54E93EDDF9C9BA2818F43FE5EAEBF4A5
S31508022900224EF325F6AF0FBD23F7D324FB220DD9AA
S31508022910BE17BC2BCBFCE9343105B2C7034B2613D1
S31508022920E82820F5BFCE1130483EF4103EBBF3C569
S31508022930E8DE083C06E3CED954F90D24C21D1F432E
S315080229404844F35A2F672AD7071BCA50DC1DB7D249
S3150802295019EB2EEF3807D1D3E6FBC90D30CB02F2BD
S315080229602327DA141C32A7CE383214EBE1D0349975
S31508022970144116FE07B4EA38D21F3FF84FF5D65867
S31508022980D9DFD40ADCC4084C29B5F5DB3F4AF1DCA9
S31508022990B0DC2C30DC14F91B19F1C6221C11CB430E
S315080229A04C201749CC36E0E828F914DBBA1424C8B7
S315080229B00DECD2A1F524D7D60F5E2CABBC07D228D4
S315080229C0134714912D2D20543ED3B5FBCD4221FA3F
S315080229D0104C04190331AB0B0F37E61C0E15411BBD
S315080229E09C2B3527A6AB4572EAE30F280CFE3DE27F
S315080229F010E8640C37A3E713B4FBDE14CEB7E599E7
S31508022A00C6474D9E2F0AE620AFCDB2A80B091E1B5C
S31508022A10DD3CF2CEBE06D543B74AFBC3C3D00CC6CD
S31508022A2010472A08F50CC935C2F9361B23F0B22F0E
S31508022A30D401D1E5D6BCB53F33C1043032DB563FAB
S31508022A40C207F3351BDA0F0BE21A37B93EB1B0C02B
S31508022A50CCF0F6D25CC8BD314E06E24DD726FFB49D
S31508022A60BA45CEC509EE0C1DE322D115FE5A42E33C
S31508022A70DD3FE9EFE5E181341CED1A1E0F073AE462
S31508022A80FE411CB14C49FA78650642B76F1CD4CD93
S31508022A9008BC01073F58CCB0A65CD459083B0E596E
S31508022AA0F3495420D3FAB53C1FE8461209F7D01960
S31508022AB0D7D88AB8D0FDDDE0C1660FA5320EAA07BF
S31508022AC03A50A2D3C1083C13B2F82455B43FAE0D0E
S31508022AD018C1BBADF80CD9D91FC1CAEC13DECE0B8F
S31508022AE0D7122D56BFC6B1426F430302795B52ED28
S31508022AF023F0EE4535572949D8F1B80D35404C45EE
S31508022B005AAD04D534D3BCF4B90A593BDC14BBB666
S31508022B1026CDD50740DFEFBECBF61BCDD81EE2F792
S31508022B20BAE11B022D2FD0D9F919E304ABEB5BD41A
S31508022B30604CD31D22DEDEAB3564E616F321E7BF11
S31508022B4032C7C93AAAE5CB39F46A4A3D54E631E4B2
S31508022B5035DC15DD055F28C30CFC390AE8E8C24EE8
S31508022B603B24E6F2213E810429BC33CAD724451FF9
S31508022B70EC559036E64A0541B14153B54295D3A084
S31508022B804821A09BD70B94C1E0DEEFE7BB0CEEFE13
S31508022B904708D4B2F2EB2DFCD0DD0BB9C3A342D45D
S31508022BA0A1A0138B2BF4362EC507545BFA26124BBB
S31508022BB032F22821F1C351D4FC3AF39D47CCE8CF2F
S31508022BC0C803F1A8D8ECEF0AF9B019F33DE02119C8
S31508022BD024F038DF451CE4F415202519BFEAE23C47
S31508022BE04847743AA1B8DB10E6590FAE0F2B184CBA
S31508022BF0E71CC962F25CF621DAFF59E0D70D4909EA
S31508022C00AE1ED1C017CFD0BBD12C474A29BF26004A
S31508022C101BB655D8D6EAB5F835BA0B0D02FBC9C6A6
S31508022C2051F006FE39260E9AF9121D1E21C8D42B1A
S31508022C30BAE5EED4F80BF3F6DF0A35BF25453413A9
S31508022C40EFF6677FB804391AF6FF1FFE2D2D5F1EB1
S31508022C50D0EC1C316C95A6DF6DC70FB1B1F8F01731
S31508022C60C1B54D22A5F4FE630537FE2AC4D9D4356B
S31508022C700314092AF7C7E0B6E2320BFFBE0E1B3F62
S31508022C801354D51C33C6FEF53D8735BCC6B713F7B4
S31508022C90192400EB3D382E30283542F8F003BD23BF
S31508022CA05EE66133C7B0EA22D8EDD4B054011FBE3E
S31508022CB0C2B90FFEE6114526F01238B5BC1C4D0FF7
S31508022CC05DE9AA3F0BB09D0AC8A6B4EFFAC2301254
S31508022CD028690D2D169BAD33EFFCD2B707D72231E3
S31508022CE09DE12C11B53CAD60534C99F90D3AE53F7F
S31508022CF0DB2DDA22CAAB233324C9C23F0FB1FBC488
S31508022D00B4BCE27C3BB9C5A2C5EC4EA1D305112DD4
S31508022D10D910CF9C1B2F86FBE96011EDFE04890AA8
S31508022D20B72AC1F4ECEEEC96E2EC26B3848D1304D2
S31508022D30034A2836A8E2A1103FA055CAEBAD414D79
S31508022D40900A413FDFFEF40018D6ECC3253B44E85F
S31508022D502CFF0A2C6D7315CFDE4E1DF9F9F29E81F2
S31508022D60DDEAF540D9FE16C0479D48B2D69C2C9F8F
S31508022D70E8075B049932EA132E34311418F523EA6C
S31508022D80F3400634DF3814F1132AE558EE9D253E42
S31508022D90310BA65A07DBAFC746EC3A9BC62263C578
S31508022DA0D1DBBCA128E2EBEC12ED3FBBA1E82D1E5C
S31508022DB0C02FCEA5620B28E67E13D8512205FBB397
S31508022DC03F44505136C6DEE9243AB4F9229620F435
S31508022DD0472A00C508659DF279573A22B119364540
S31508022DE02E4F202B35A630FEE228163E15B51F00BB
S31508022DF0D408C9440115DE3522080AB3EADDCE46EF
S31508022E003C0B5931ADA017F553F5E027BD9EF631B7
S31508022E10B018CA332BDA14F438B30E0C133356F738
S31508022E2050C92FCCF9D01CE5FBCDEFF71F9BB01587
S31508022E30B10DDBF23CC89B18F5F8C4DD2545EA2A34
S31508022E40E938223BD835F250B8203E270E06C3E2AF
S31508022E50FBB4E6F7E62044E15DEE14B506C8292F71
S31508022E603F21D661B92804553FFDB7B10BD9411C9C
S31508022E70D840362AFD220EF0C14EF5E1EB4BF52479
S31508022E804EFA2D51A935F1CFCDDF03F910DC18FB27
S31508022E90A851C3C3930A4850E5F90E10EC8143388A
S31508022EA0FACF2130FE4DF0FE4FD43ECF7BCF0DE256
S31508022EB0F3221331F0FACF2D302040CFBBEFE35B7C
S31508022EC03DFAECDAF84958C432D04803E0C9B61BD1
S31508022ED0BA27511E9921002FA6A022042200B70163
S31508022EE051193C59E60DDA022CABE46CF0D9443799
S31508022EF022CCBF2616FED5F808023511F9F8E040AD
S31508022F00EC233912C452C011474906E738A321FAFD
S31508022F100744EDC69B65B9594C2782BBD50F73E1A9
S31508022F20D53018C737CCB4F3F3B4B31CA5E74206B9
S31508022F3027B3161373E1C4ECF8113121EA12B2C0B1
S31508022F40EA39F520D9F24FD7103AB427DBF6E3D19E
S31508022F50D5C117B7F74ACA1DBCC93E32D74BBD48B9
S31508022F605ED6022E38E1F6B731D43D3E5502F5DB80
S31508022F701B25F2121C0DD46150FFE1E7ADF7DB46C3
S31508022F80C3AB01D2B3FFB3E5A81A2959D7134FDF4A
S31508022F90D205C95D3AACFDDE1B1918BEE0B89AE344
S31508022FA0A5CDDEC04BE84AB9094C37C4FB10D40894
S31508022FB0130CDBEBB6B721DD243642213E1E274A27
S31508022FC063D2E1D104B51E34054D2B07C4D0F91AD4
S31508022FD0CDD51F142414DC1632ABAE244812E220D7
S31508022FE0263C4201CEF3A8CABC221FDD27EB582194
S31508022FF0B69DB0DBDC0BF4CB1E2112AC18F2C7FF70
S31508023000814417085152C64D0500C01EB10907135F
S3150802301030D243F9FD2ED5FEE2ECC3C7E9BC03055F
S31508023020DAD133D83B23FAD3D439EAF6D802F6D51D
S31508023030233F33363EE8393FF21D4F0D41D00BEDA3
S31508023040CDD8C5E2C0EEF711A613CF2214D040D4CC
S3150802305084CA4EF02C0DEB9C460434D83AE208D3C7
S31508023060D510F45B2E2ECFEBA6021B58CBC1B71494
S315080230700404642EF6C8D026F335DB322631DA2B61
S3150802308041C0F3E99AE3284EF439EC1015E49AB6EE
S3150802309015EE430CB058F1C281072AD2BD4529D88C
S315080230A045203002A101BA3BB8BEE72729B5CB9E17
S315080230B02205540ECDA10FB6B52AB6E5ED1D30216F
S315080230C03DC5EB4BAF17930CD23226FDC2F5E0484D
S315080230D0BEA537139549B1F3AE67F1FCFAFD3D1962
S315080230E0F4073E0214E2C59312DDC3EA43288D1A99
S315080230F01CB9A925302F39235523E5EEBD2DEADF64
S315080231001519D51328CDA8301ADF17F2239834E0FB
S315080231100C2E6CEE070921E5D3D89B630B20D94800
S315080231202AE7FB281CB30827B00412FA5221F4D95D
S315080231300CF705FAC30A25084DD828CA244DE09B80
S31508023140F143D52E3D4EF0BE27DBCFD3C411CA3389
S31508023150065B3A09AED9C31E7F3032213FC02BF235
S3150802316010FB02B221D4FA32AC0151FA232746C027
S31508023170B92806CC4000E4E9F2DBBF58FA13FC5141
S31508023180C232B2E1329DA9F6431D02F41427D512C2
S31508023190EFFD0A0FB2F321C8F849AAD6D6B9D7B8AD
S315080231A0F1E93FD9BDEECC3751DED629BB9C22F2D6
S315080231B039FBFA39E7F23B3A1640F348F031412A2D
S315080231C0B8303C08EF33C5091AF8AEDD30B7544BB0
S315080231D0B715B360F42AF0F0E0E2F4F84717DC0515
S315080231E000CDFF4332C7B70027BBDDAE5929E6BA81
S315080231F0E79B3CF0CC1CED3C5CD0C6CAE4E60AB4BC
S3150802320061E5B4D7FD02F3F8E822F9C99AA206AE37
S315080232103620C8B7F9D5A8140DED23D15109313C8A
S3150802322011BCF507AB023E13FE12CAA10C2200F42A
S31508023230CB01E0E7C5D0D643FA66AA1331B134AA60
S315080232402E411B18F2DC1C22B418392C0827DCB0D4
S31508023250E7F4C1FE16E246F8E33AE3A1B1F3AC2677
S31508023260076041A63CEC440C1FB209DC2DEB3C106E
S315080232700820F0D3121427FCCBFCB0C607C3DD1A0C
S31508023280CBEBEB46AEE9DF01C6BB194299D2C9EAD6
S31508023290D0ED833432EBBDAB24C9C39FE1B0EFFD59
S315080232A01428E5B603B4B53D0E0B3ED549D3C5EB96
S315080232B02CF9D84F1CF803170E1434F10DCAE3B2D1
S315080232C0F3411EDE0A26F80638BC1C12502AE637D7
S315080232D065CD0431F406D8B7262AA61819B7003FD1
S315080232E03A4633BE50E0A72BD1AF2EB2E4001CC932
S315080232F038BE8B230CC9F8B7C91039A0CBB23E4ADF
S315080233003B3E201CB6F6CCEECCB4E10D3F38F22893
S315080233103CC74FCFBCCED9B32671B40339F6610088
S315080233200DE5CC231CC3E9C13E17E2E61E4FA7C52D
S3150802333017E1B8D21DDF02227FBDFA2FF9441A0B14
S31508023340C6F5464CA81203BEF24DD8DAF7E8F307DB
S31508023350F4AFEF0131C617F0EF18454D381CFECC15
S31508023360452992F6F4261E5406B4C447E8172B4399
S3150802337030CD2021430EF1DA0FBBB01D5615F3FEF0
S315080233801EB45E1A1DD3352EF815ECB5E1DE1A0702
S31508023390E937E909F3A41519C536D07B00F3E430F9
S315080233A0E90E43F6EF35E6CAAB071C1E9452DBBAA2
S315080233B00C1FC027F54E37E53DCCE9E3BD27B3150B
S315080233C0FA465FF33A44EB1AB33D19FCEF0326C9F2
S315080233D029D2FCD6BC1A2EDEE1E406731D0B2EE3B7
S315080233E0BDC99350091ED131CE35A62638191155B5
S315080233F01551CDE60AE1D2AD62ED18C6FDC42558CF
S315080234000DB01247F0D9B3C2CAEEFBAC81FD5834EF
S31508023410E0E00B1434E6CB4D013AFEBFF220B3C20C
S31508023420E1F5E53FC8DB13FD46052C5604C45B1DD2
S315080234301CBC164D3BE322B6073FE3E9075CB5AD74
S315080234403CF74E20D913236FF1E0023108E2D2D9B4
S315080234503A2EF6F1D8CFBFE7B95BFD524A3C210EA8
S315080234608F2EDB08C6D3A2E1B92FC0C543EAF839C5
S31508023470401712E20F5EFFDEDEB0B2E8EBCFF4B41D
S31508023480DEE008471EB9321B05D408FCD0FE5E3CB6
S31508023490BFF7FD18A3FBB3C13758CFDE0942076849
S315080234A02E0EEE12D9CBFF13D91AD532B14C9ADDAC
S315080234B0CE13E32AF41435F5C8D22E2D0AC3C3282F
S315080234C0D04205130CED010CFD1DC0F7EEDDBA1254
S315080234D0063B1EC1428C201FE7B42BBCFBD7CBBAD6
S315080234E0C74C1320F7EE1217CC2A234515D2DADF7A
S315080234F04C3B632B1BBCAAE4F3C2CD23D4B528DA12
S31508023500D344F9E4F212D310323B38CE13CFB4D4F3
S3150802351014D4EAFCD738CFEF9A420132D5CA310D14
S31508023520F0CC1B9716D9F7FFD63912342724F70E93
S3150802353026BE361CBFCF2723D6ADEC0DBBD7E53644
S315080235401A0BC4D6EA32F60A1934431D0420E8F3E4
S31508023550E9D0CF37952D183F0E1824BEF9C43E0878
S315080235603309D9D7E4C91E08EDBF1910DF489431CB
S3150802357041341EFE427F1413470212E9BBF311BC03
S31508023580E6004F1DF518C905DE230E2FD5E2B8ABA6
S31508023590D725D0D3DAB423BE00E420E1C74CDC3DFC
S315080235A0C93FBCBC104F010B4817D4191764BE306B
S315080235B0414BE225485514345CBDBDFBD3D946D0F0
S315080235C0F5C139031349260FD10ADC4356BDDEDF9E
S315080235D0EF52370C3A3F30C9FFF5FDF5AD494BE8D6
S315080235E054122A31AA024CC9AFFB0C3517D33F0134
S315080235F01F55572300AE2DDEE9B52A4342F52EA8FC
S315080236006DDFD621DD1C15082206B4CCAF54010B9A
S315080236102AFF26DD5513A603EEAB09F60667ED0467
S31508023620ECD2E92E8DABE71EC0CBD9B2D73C12E855
S31508023630CCF40C37A35EC8F1D742FB29AF882058D1
S315080236401DD3EBC2CBAF4FAED5F9F31EEFE9FAECB9
S3150802365008DFE402E7C871465534B74A0D280BA8B5
S31508023660F3F5C5F8D12C360B13C4C0D03E51A6408B
S3150802367028CD1E54BB23DC5C05DA280512813DE5FC
S31508023680DE03482C13061FABCDBE3034F9F537DD01
S31508023690162CC72B41D7D52F194ED03E464CD7509C
S315080236A043E7CECBB6183DE01EE146282B15F402B9
S315080236B0AA4C0724F404D1E31402F974E3B2E80B22
S315080236C012C6A6461DBE0DD4D9DB95ECDC2BE8C97D
S315080236D0EDB9E61C0041CAD427E3E52CBD0E11223A
S315080236E0B103120335A4CBF2141D1153CC35A72E00
S315080236F013B5141D324CF4EB0E3327F9180504FEE4
S315080237002E234D4F070CEEF6E914E94213E4DF1AAD
S31508023710A4F656B1E7B63BC531243039E3FA22E8B6
S315080237202AEADD29371C0523FD14CC6DE6DB1A07C8
S31508023730BE145FB448E3B33D7FC302E3D62EC7A6E1
S31508023740381612D9D70B2312D9EEDB9EF2E3BCB296
S31508023750003319D71022F32DD304AEAF0FC04DD9BB
S3150802376002B9E703B30F12DD07F8EBEA04DF37FE07
S3150802377048F63C3BCC1209E5EFF22BF3F4DF1FEDDA
S31508023780EAD1083900E7F647D2464515DA17F9F1BC
S31508023790F01C161DC61B1221B14ACBE349D60836C0
S315080237A0ED2AE0D842F0EAC4FEF49C296736F0EB2B
S315080237B03328D030A825DACF5CD0B2DB1858D5E743
S315080237C023B23F2EE1FA07CC33D2DC43F7B1CF1747
S315080237D0A90A002DDAB54CF8D01C3B2816D53C3A76
S315080237E00D49C9E00ACF2C3131DB3663ED38DB35BA
S315080237F0FBE2D3042526CAD774213310D4EF32024A
S31508023800F9420D39DBF31D0F14BCE1300DC229F064
S31508023810193725F14DEE340A376347B819E5F9CF5A
S31508023820201EF07A3BBF9B38FE0F34AEEFD4EBBBBB
S315080238309E14F72A15B9EDF240B1E3FE4546F8158E
S31508023840F63EA631D41A32F83AF2BC4A06C300C08A
S31508023850ED043C2429B227DF302945B8F10FBB55C0
S315080238604AD43ADA26C822F6D918C7DB19F6C01C92
S31508023870091ADF03E6EBEECDFBFE08C3D7D31051D8
S315080238803ABEFA2748FDAA43DCF6F9343625D0D1E2
S31508023890F4375BE0A4331BE616F1C356EF1808D3D8
S315080238A0C4B2E8F2F42A3F20B932E01C0ABD2AD291
S315080238B0BD2C33BFA80615CDEE3F32412C81E1540B
S315080238C0FEF3DEE4330745120718E6E13532F4E67D
S315080238D0BFF82B31263ED834DB12D3D9CCE3D444F5
S315080238E0E7BF0510CD57C6AC23EFF53624A00CC3A7
S315080238F0AFBFF003C9D36A0455C2FA0C3E3018FDAD
S315080239000C23C512F1E017943122F64F40F135081F
S31508023910C4EE2C190CD2FC4746071A2130D4F65BA2
S315080239203754B868CBFB2228F55A00C44EEB1A2E38
S31508023930381616F828D9AEBBF7D10FD647D140EDBF
S31508023940EAF6F9302AE33445A5A84D151B91CAF3C0
S31508023950C9E5412DB51D08ADBDD01CE73A0C342E7C
S3150802396001B4ABFFF2F9569938170D4ECEE868DA6C
S31508023970C1E674E3030FB349B9DF4702E5B8EA7E45
S315080239806C0E3210C8CF0FD92C0756EB51D132C65E
S31508023990EDED41D1F144E9441BF8E157D5F8CE687B
S315080239A00517D3181943151E41CF2E59C2FFF1C365
S315080239B0DAFC382F01F657E117B4CA672E3C2516EA
S315080239C00CBAE6F98ECA3BAB2EC3FAFA06BF3B27F8
S315080239D02331EE4EBF22FF61B2CF5BEEAC8152CAF3
S315080239E025C0B5E5F45CE2D35FDC13B3ED5BBAFC44
S315080239F0CAB63557213BC431C3E9D96FEC0244161E
S31508023A004E27116AF51B1B1333AD0528050FCD2565
S31508023A102239CFC00E2B02C5A9B3E909EC3FD94218
S31508023A200140CAC4EC0DF31FF744D16AF403C71761
S31508023A30ECEF70EF07B8063764CB34EF03463D4325
S31508023A403BF1ED0FC81DCD0F0AF8EBB2631CE7B4C4
S31508023A50D6B7484ADD52E70FE104E44A18C336AF3F
S31508023A60219C04E041E1E9CF46AA0EA31D2628D6E9
S31508023A7035F1DBD62252CE51AEAD3A9DAB5A232A48
S31508023A8005C550100FB94F162B42EED771B0C9ECC7
S31508023A9006BAF72D3BD826F3AB46BCD60DAFC58979
S31508023AA02E3823F6FE27F29FE4DC24680EBCBF3DBF
S31508023AB0F50DC02BBD391D2069C1D50B350D311643
S31508023AC0E002C2F803ABB00B5BD704EFBC312DCBD7
S31508023AD01500F6DBC9221CA515B4F110CD31B41CAC
S31508023AE0D9BF157B3CEF27EF0800DF323942D7C52D
S31508023AF0D032DCE2CFC602C25E19E2CA586E9FB164
S31508023B00B4E60CFAE5ABC061C92F3411EC44D942CC
S31508023B101C01F54834013434D0F7E15812B368CAA7
S31508023B20296BD902BC200D41000921B530231EDBC1
S31508023B30D9383B38E3E70E491056F8F9FA1A13FC56
S31508023B40F7DA79BDB9E745292534450DFF4BBC5C43
S31508023B501641EA3506347700F75C810407D06B19FB
S31508023B60FADA091DF4E412DF1BF6B5243015DDEA8C
S31508023B7026C9DDEC0CEDF0DF02D2B5E2C4D7F609B0
S31508023B80E3CBFE07CEA9DB2A1D2DF5F7F1EAE411F0
S31508023B90F22021CB2CC5FCF82CF5354E26374815D4
S31508023BA0D3E5F81446F5F8C2BBE0CA5035552B19C9
S31508023BB0D8C2D81936CBACFA34F5E324D403070FA6
S31508023BC019E1D918FB14E1CFE4E8ED21AB01BB16E4
S31508023BD0FF2EB70ED207F40681B014E2BCFCF61B20
S31508023BE0E2D83AE6DC04D728CBF63140E62739E2B2
S31508023BF00CC02123EBB92FFF00D31E1F1938C4FEB0
S31508023C001E0D0FC0B13EE31DEA08FBC70BCF42F3F8
S31508023C10E70E3B3F15E7291509FFF423001E54E674
S31508023C2017DAECEEE9C4C20D2A18050531D1C5FE2C
S31508023C30F208FBF7D931E90209FD1ABE3DDA32D29A
S31508023C40EBBB1D0A0CD91EFC130EE9070116D7D0C9
S31508023C50C83F0B302D9B4FE04A043538F51BFC4A0A
S31508023C601D15D50E3C1C1DEF0F300435065942149E
S31508023C70DEE91FC807229EEE1CC3D30EFDDD25E42E
S31508023C80A40BF003E7D925FBA406CC049AC5D839B8
S31508023C90DD292F2539D528B22B2A209BE42BE325AB
S31508023CA09FD9FB0A17CF2ADBEA12F8DB19E5DAB540
S31508023CB02EFB1BA80677C5C143D4C90DF317BCA3AF
S31508023CC019CA0DCC270D3D0DCCD72B0BB1C228B680
S31508023CD0E8ECEB061737594C3509DC94AE4BAD4880
S31508023CE029E02DE91DEF0BC3EA0ED652D0F140E2C8
S31508023CF0AEE14BCABC29B020DC21BE0259EBC12376
S31508023D00D6F121F612203539B22DE4DEE819DEF7AE
S31508023D10F0D6B3DB021B1918E912C0F5ECC343C28D
S31508023D20E31444DAB9EF04F7F1D0C204A0C7CFBA54
S31508023D30EFD034002BB11C13CF3DD10AEDDF124868
S31508023D40EA0422D6D20628C6BCD82CF9D9452BFDB8
S31508023D50F0E616A1FE2610232D0928D63611E418F8
S31508023D60ACECD4F40BCD3106D929FEC6414FFF136C
S31508023D7048F4EE99B2DD4A26FDF5E73254040E26DA
S31508023D80C4A9D61EFFB531CC22810D96B9F6E89A9A
S31508023D9044EB0FE0C3D5563E4A47CF1207FF30E23F
S31508023DA00DC429D1C7B9F83138CD460538C424E23D
S31508023DB0C4FD5226E30C37FEC8271CF1E7CCCF25F3
S31508023DC091175B0231DBD9D29E1601E9F3E8A5F712
S31508023DD02D1DDE2B2D69A320D552F7300E5DFCB6BC
S31508023DE0C8DB7005F908E65FD2251CACDBCB413A85
S31508023DF011144B3BF427BB1B31141A7F025B2CD7D9
S31508023E009DC6FF5228FED9EBF7FC031B39332B3527
S31508023E10BB21EC25E7E22B457E09B7E00179A4F838
S31508023E2008D7C75807D0AE09AC11EEF2A3A7C2F25B
S31508023E30D31CD3F3BFFB1EC9E5D80DDEAD28BA1BCA
S31508023E4007350FC22ECCE0E81ED9B43F3DF106D1A4
S31508023E50F6F01B00D3DBB6D5FF19393EF1D607C2F9
S31508023E60E5332B29F616375CCF29F8AFED2703E0A1
S31508023E7039F7E124C1C32CD4E61FFD501DF5323FA4
S31508023E80873EDE38CB2FD21823DCBFC33E0337F07A
S31508023E90FAADC10EBB34CA06B03519A121AC101C45
S31508023EA02A337EF94618E1DCEC17D7E9B51F12ED7D
S31508023EB0B9E7D0BBADCF21CFC5E43919EC1CD04048
S31508023EC022C9FF1A2CF7F234131322D1DED2DED21C
S31508023ED0F6E4C42BC8EC0C05E1D6C458DECEE4F5EC
S31508023EE0C9DDE6B6EEC5E43FEBE7C9E6E4BC1DEE7E
S31508023EF002EC0C301B15DE06DB0429E90F0118D586
S31508023F000C4345E82AC5DD690343CA0643FDD712B1
S31508023F10FD0FC6BFC9E2EC22B83C3FF1ABD505D3CB
S31508023F20011D16202313D4C62D2501E2CB20D00964
S31508023F3025FEB9D804BC1AEA6CEBF9D8CB31210DA7
S31508023F404701EBDADD14FDFC2BD310EE0E2AC72D42
S31508023F50B3DD05BAEB2BF201FCBADF08AFF4D1CA1E
S31508023F60813FF41EC9F02628E9472A192019E7F8DD
S31508023F700FF2CF01CAD8220446F30F38240DE7F907
S31508023F801513D7F0DDDAB747DB1134F9CD2EEEE398
S31508023F902CDBE9DEE922F0E11902DB4CC20141E53C
S31508023FA0DD44A3C4EC332A261312F6FD22C7D446EF
S31508023FB0EBDA28001148CEF5C324E9C401E2150F4D
S31508023FC0CEE7F3ECDDE410FB0C4924D4430917F6DB
S31508023FD017FFFB3103BB460B1EE91425F4064522DF
S31508023FE0695B4DC432C920DDE1C25A2C50CAF83E7B
S31508023FF0E1C00675D9DE41DFD0480933364EF834BA
S31508024000F661072FD71969A05B954560E2CF41A8EB
S31508024010E2BD30FFB385EBBB93D010283EF6F01F06
S315080240201020D9C538A93FC5DD23F04B27DF251E49
S31508024030A2D630D6E7D6CBC1F936A319A8DB06EB4A
S31508024040C8E8690C1970E3CE17021AB93C5DF50F78
S315080240504A5BD5C6B5063B50B93DF744DC044B6905
S31508024060B9C8DB92C5DFD246EC13362B3CA53B001A
S31508024070CD51B978325AD1C616F5BD46EACD29AC24
S315080240801C588FCCA435E24E5AF6DBF3EBCEC56A42
S31508024090C9D0156D2F7746B8CBFDBE9C52C8FA3FDC
S315080240A06946BFB50DAF56C74DBEFCC56643304E11
S315080240B046CAEAC82CBCBBB71CFC40416816193470
S315080240C06745C80C0321F50B6CF7F91B2A148924DA
S315080240D0ACCBD40EF5F52E4C172C28A8B10AE92A32
S315080240E0EB0BAEE5DF4F354EBF0BDB1F43BD484931
S315080240F0DEB65B24C036219D54274181AF031B05DA
S315080241002FE3DA653055F3A4C36CA6E52C0ACBF582
S31508024110C26AA7CA2F04BBD2610AF5CC2248D4695F
S31508024120CF0EF2F11126096806BA24CED4EBF8B5F9
S31508024130F1E05C41E9B919C1DB30AC39FA26E0187D
S315080241405310B334D723A9C3D8F4FA4009C9455141
S31508024150595F3FB5C8A4BA0AEECA5CD1203513D84E
S31508024160214D4E2B2F2CE3D70818DD0727105DEEBD
S31508024170F63FDD09FA0C36EA141FE24F072B381C04
S3150802418085CF09EE0CA9F9210C373A1E0F3DF02FFF
S31508024190480C0555D4C5FE2C2A21D069F4F7EECB76
S315080241A0A7EF0DA8CC3FFF03240025F900D9041E6A
S315080241B0E3F91C4FF02DD410D8471D4918D41832EC
S315080241C07FDBED0F26EBD550C7FE1E2D05BFD5D3D7
S315080241D05D3ABD02D71FFEC2F9E0BFB104F3D23D74
S315080241E01B43F5F11CE208D0C1D7DB3951B321BA1A
S315080241F0DBC8E8C35DF7F116926DD3F2E40FE62247
S31508024200BF41B721B347FFDCE901E14AFA59F74F43
S3150802421029B8423159DFEE133804DA2D4EE8AEF7E3
S315080242202BCECD25E01CEAE42B37CDD6FB0315F0C1
S31508024230D321EA05D7BEC813EA4B2F01FC5734EC43
S3150802424001DDB422C3F3E4D4CDDC3CDDFE02E63B59
S31508024250C30B3EE250FBE7CFF7E0DC21AC15C9DF22
S31508024260FCDFCF6C38FC19F4DDEFC61E3D08E616F6
S3150802427018E3FE17163ADAEB14F12CD3BAEAEBE690
S31508024280E100060781332024DEAE12AD32EE3FE1AD
S31508024290E5F11BE7DDD2A724F8EDD8033AC60C10E0
S315080242A0F0E6D00AA820F52BC2FE05E1F7E445EDB3
S315080242B052B53DDCE1E62EEDCAE62612369ED5FE5D
S315080242C0E8C7D8E4D52A031E12D5C7BE344CD5E5AD
S315080242D0FB03D8F3F709E93EC1F5FCD51E0B01DC51
S315080242E01C30EE444F02BF080BD6E0031CAD3D005E
S315080242F0141EFE34D603083938191F34D816291263
S31508024300F2F3D5C10BC7B7DE3BC541F936E2D83D54
S315080243102910E3D224D8E73C1DEFFBF3E824C3C0F7
S315080243202356F20BEBFE0C1F152D332A2027EFBF5F
S315080243302B03F30315FAF1D40C0941E9E2041BD362
S315080243400E1204BEE3D50EFD3ACFB1D30101AC0479
S3150802435029DFC0551C502B35E529F418CE35ED3A20
S315080243604725DE2DED3CEF0A0F01E6F9E2B41B05FF
S31508024370D510E5C8DFD10FBDFCC03AE4E60745D142
S31508024380C949D120DC0747B3001AC8F1F70CB8D5DA
S3150802439021163A31530CE24358070319251230F70E
S315080243A02DDE01C6F7E13BCAF6453A9CF81CFF0822
S315080243B024DCF0D7DA3ADB29AC01F5FBC2992CC921
S315080243C02DE12D2EE2D31E0BE318FAFD2204C42F8B
S315080243D035D9EA0FDED5EFCCF6D412BBF7C2E9BC63
S315080243E0E4FC3DEEF2DA2BFA36010BC5BBFDEFFC17
S315080243F0E8D2F9CA08286743D632EF0EC1F10B286C
S3150802440023EAFFC41FDDB8AF3D14C00D0DEFCF364A
S31508024410E91B16031E32F3CEE9F9D3AB0A0711E4F8
S3150802442025BF0E4DC8C40B2A36EF514E3EA0D5F90C
S315080244308114EF21DC9442CE45A50E260D26EEFF09
S315080244402B0D112D3328F5F1123DBAFFCADEB9F04C
S3150802445044FFC9F53632134A470C1412DBE20DDA69
S315080244602FEE4EBC209F26D5FDEC180AAB490FC588
S31508024470A7A30733FEFA66B7D9268E50C5032F06B9
S31508024480E63CC32BE420CEF8D80C010B4807B651FC
S315080244903BB34416D88FF5CBE93B58E0B8323BF923
S315080244A09B643065ACEF3E3F5C0122282BE1EF5A54
S315080244B0CC90FDE6C743F403DD323F4A3C22241979
S315080244C02473E321A00F21424DF5AED33B5E43D0C0
S315080244D013E638120A575EB85835C6BCF6E1ECC47C
S315080244E0EF08EFE0FC1AD8ABCFB83E6BD68E235056
S315080244F0FF56F9C305E300CDA5B35528BCE501C5AA
S315080245009F0EB5E0413BD60F6225B9B662C9395B43
S3150802451000CF4B21E36792BA30F0445757DC1AB200
S31508024520F9E9E427F6B6C6CDC31BB220BA6D359FA4
S3150802453007F31CAFBAFED8A722ACE4372C1BFC0043
S3150802454044D511DAE52915039C3848FCEE111DDB22
S31508024550E11AEFB8CA81253638CD61FBC5C7A65B15
S31508024560D1BCD7BD381B3ED8DEC44A231AE8E0457B
S315080245704A9D245DAD0624D7D90B59D20C250F22A4
S315080245804CC1ED229D2C04A71F2506AD4C0C07B283
S3150802459021E232E7BE08FA20F7EFD4AF1FCB752522
S315080245A03AB2F63CAF01DDEC27C6E863143C4CD2BE
S315080245B0ABCC52EB70FDCFF60624E62DB8B9BAB2EB
S315080245C0DBD0074A13E107A8B41BF9351FD1E5DA90
S315080245D01E06B7DFBB2F2AE1B8C01B0D3BB6B3A137
S315080245E05B1B6EE1D54322E77F4CF0C6C9B9ECB333
S315080245F03A292AD19928CB031246D0CA2928ECCDC2
S31508024600C246271F0652DFE250DB074CF5AEEBCD5A
S31508024610221B51CCF3EF1D5FF53DE4F512F2DF479D
S3150802462003CDFB79582813DB40F3B55633CAE204A7
S31508024630E33D44FD144BF2E50B68F357B6FD0AE475
S31508024640730A2DCDD4D1190A12DF060DF88AD5F8C8
S31508024650F1133B113CC0DB3131CAC2C8F1BA463E3E
S31508024660E9E4190E0601C117D227E14F3D1E42C5DC
S31508024670EFFF014356070620EEC1DAF8C7F2D6A8BD
S31508024680F2D0D420A7FBE2B0F81FE9D439AFF6413D
S31508024690C52A4350E01602F4EA104522A7162AB79D
S315080246A0E3EBF054FDD841B6181CEBD94CFB4A048F
S315080246B02529B83E23FDE10C095F1C35C03EBB2CFB
S315080246C07F483BD0331E18E2D12BCBD1D5B1BAEFF6
S315080246D0DDE94DB8C63EBFAE0DA2ED60CFFE2AB2E9
S315080246E02B2A821D0ACF18AD2CBEB22A14482A07D5
S315080246F0EADA28C0BCDCD134D126CD83A51ABDEBB3
S3150802470006A2F02FD62F1D50F1CD0DD4DD193A0E83
S31508024710EE07DD16AF3C3FA6BD192E3B1CC9DAB71C
S315080247208B152306CF37F160B1E702F3423DEE0956
S3150802473032AA5E261894E82D0CD1E7DBF14710EA77
S315080247400CA74D3E14CFF3D328D4F1D4D81ED516D0
S31508024750E83D18CC0E9CD84BAADD2614CAE3C10F35
S315080247602232B9CA4C40C0C4DF0C003675D1F213E6
S31508024770C12242D00DF2EFDEFED93330610617416F
S3150802478036DAB8C8FDE1E2E6EDB8262C313A173436
S31508024790DF6BFC0ACDE4BBC00ADDE00C0928EC6F2E
S315080247A0FD2EC6E75E230732DFDA462B3352264151
S315080247B0FCEE25E42D0EED1E08FE0A31274E165490
S315080247C0E21D01DB2C2BD1D3B3392CBD32B4F02038
S315080247D0F00F215DEC15D709ADC4181C06FEDA20C8
S315080247E0B23BE68108F9BB530C3036B52E0941F1C6
S315080247F045EE3DD9FA0B300FE4A11ADE050507FF8F
S31508024800BEF328E493E5C5E9A93D2654CBEB201D62
S3150802481026DD312636A6324FC1C2C850CFFD3A49E7
S31508024820A2141AC417FEE3E14406F23DD109AEFA10
S31508024830DFE41CE8A7EE3148E5FE2BFFF131C5F3AC
S31508024840D4D70DB920DD372904180BCFF509C5448D
S31508024850B9D605EDFED912B5351239B4DD031228DB
S31508024860A7ED4031DD28E850C6BFA14B3EF74F4EB3
S31508024870CB3FB40627F500E957BD0831A7F216F76C
S315080248803918BA2CA1A1D8BF18ABDB1800CA2C312B
S315080248900F8B04024749A1BDBDD72B0DE9E9244870
S315080248A0F462F0CE21E22DD6D9D901ACCAD7E9B243
S315080248B03340565C122A0E2859DFC7351AFA2FE9F1
S315080248C05A38C3FAEA143CDD15BBDB09F1C829E9F3
S315080248D0EAB206BA4E210CF4202A9A1B18CFB42B38
S315080248E0C102F82D1A2A4101F9B9F719B53AAA2FC0
S315080248F0FB15301C7F8DDB18F8FA4AF756A7092AEA
S31508024900E731C765E8491860B3CDAAD40B14A01CD1
S31508024910B1BB2E248F0EFFF5FF979ECCDB06523FC6
S31508024920E136D65255CF06FC17F027C9FC3DD826E4
S31508024930C9DBD7E820FFB6F45EB43D1EFFE9F1DC19
S315080249409627BCD60893D3EC17A8CF24BFE5C53C57
S31508024950D130044DD71BB8EC9BE7FFBFA6BD400B71
S3150802496004584C18C3FFE356BE2EEFC7F433E64A83
S3150802497025EDFA1CC5FD2501D1CCEAF72A5CE647E6
S315080249805EF130E6EE481D32AF0E1BF4CF3F191327
S31508024990B150CCC1E0FF0CBC65F80129DF2E723399
S315080249A09133DF39F55B56B904DFF50D25580E113B
S315080249B011FD570454F6B1F0C922FCBFDA9EB90DAF
S315080249C0D2E9DA59D6EDE6FCE3DF281BF811C1EF86
S315080249D0062DE3E40D18D2F138DA03FFC316ECDD2F
S315080249E044FB4D1B1B04FF72321DFBFACD64F60114
S315080249F0E22798D343D0271920B12081BA36112746
S31508024A005815EB52EB57B00E363C2D20F1291FB83C
S31508024A10E4E0ECB9C2C2E105ECBCFE3723F4FD388A
S31508024A2019C7DF01D7CEA31E34F8C4E9A03446E479
S31508024A3032D93945E5E8A4232AE230BF4CEEE7A28B
S31508024A40BF480AF1DADC062A3E03C30237072731D2
S31508024A50133740F8B5FC0022DF51C65735F081B34B
S31508024A6067FF6938F039F1B738FD260BD7D100D977
S31508024A703710D8DED6ABE8CD563F49DDFD5927D3E8
S31508024A80CAC61036DBFAA2F1CBB420BE151816E652
S31508024A9001DCE016F6ECB6E41AD3CDE856DFA5EF4C
S31508024AA0C144BE002ADFCB01450D3C16B53CD1CF29
S31508024AB0411D11B315B7A40FE92EF04FFABF23EC27
S31508024AC0272A4614D2540F3DDCDB112DC2DEE31130
S31508024AD05961E1F140FC0BC334FAB33DE013345299
S31508024AE0ABE2DBF5EBB3F0CB04F9173629D93D284F
S31508024AF0E43BDCF3DFC804BEC44CEEA4C712BEB165
S31508024B00D260361D10D90A2B4AD9FF1CD3D424AC3D
S31508024B10BBE12B10EA1607F2ADB4DD2029DDC0DCB5
S31508024B20C0D5D13FB046E116F1C2BC0DDFD24F3334
S31508024B307054E9D8F4E936432FDEF0E714F2463D1D
S31508024B40F204AAF9E3164DC70121F0E5EC6959C941
S31508024B501BE010204042EF0A087BB7BEE51313B6E6
S31508024B60F2F80615E2E30C391B3EF1FFD51E48DCC6
S31508024B7012180DE3C4DB3738ED3BF8FFB5D20F2226
S31508024B802F04263752D7E341CBC4AE48E8CB3A388E
S31508024B900C2C38C7FEA6EB2FFBEED6F6DE00F0D1BC
S31508024BA000FAEB51F8FAF3E43D1BC2E4E5E5C30764
S31508024BB0C300CE29444EE9BF082ED31E1D0FCE06CA
S31508024BC0F902C81210C3AB17EEEF30174E1DF444A4
S31508024BD018E4D8132923AE491500EB164339961063
S31508024BE0DEE4FDDC16620EFCB9C4C0350A04CB2627
S31508024BF0D87F1511CA32D620C8474F1216E3601E4F
S31508024C00C03401F541F7CEB7FDF9F9BAE730452ABE
S31508024C10F8E2322A420F1D3BECE3EBE308C03ACD39
S31508024C208A29EE5328AEEB513B4134CFC4A52ABAA2
S31508024C3025C500ECC122092308E0F32AEF16EBD7B3
S31508024C40D21378A9BAD6111FDDF5CDE83C19A4F11D
S31508024C5030EAD5133A1C35C62A3FD2C7C2BFF2C8B4
S31508024C60DBD2F1E61F16FE082BB624174AC8D9006E
S31508024C7044A8FFD46004143ACDC5FBCEDD0FCC2B75
S31508024C8005D5293DC4033913CDEBB9F8DEECD8C2F4
S31508024C90BCB21914C3D90CF9B9E924D8C9D2E52D7D
S31508024CA001FBC21DFC1F02D80D220ADBEC47F2EDFE
S31508024CB0162FF02455E0B3B97F42D71FE923F92509
S31508024CC0121B184E02F816B501242841179FB1CDBA
S31508024CD0C91BD4213DECA4F719D421F03826EBCF11
S31508024CE0D64008714C37C60929F3EA467637DA0EF2
S31508024CF016E3B0E32BD3D7206D124E26EB0219D654
S31508024D0013A458CCF3A2F93C4708CDD7F6F9F2EE2C
S31508024D10EAE830E8D1BD3ACD2045BB13B2FE38C524
S31508024D2030F24ED2D612272ACB3923D5F638F0E5F9
S31508024D3008E3E8E52AF3AD45BA0338D50FD1DFC44F
S31508024D40E5F57B0F03D21F44D0564BFA4E3D36F992
S31508024D500130BF3AC5281402C055E80635E446BBF9
S31508024D60CADC07C20CA7F24A41F124E42B48D7E071
S31508024D702CA7CD292CD835CAC455B021EA23C0EBB5
S31508024D8017D4C7A5D3B65528BA2513ADE9C525F153
S31508024D9057B6393CF13026ECB3E5E71AE4E4BBC66C
S31508024DA008C2D0D1F6E2E65D353C42115C15C1D6A1
S31508024DB039F92DEFC85467D6CCE72B25DEF757BA53
S31508024DC0E8FEDC3103FEFB2ADB17440EF54FC6F27A
S31508024DD003F1FEF80AD503305816CCBEC235A0C375
S31508024DE031AEEE38F04B43C325E63400C6BDEC3E81
S31508024DF046439C082C1ACEF326E603E5200D153AFF
S31508024E002B0CF27CCA154FE4D94441F207BAD636BE
S31508024E10B54B0BD01FCA3CC75304D9CFDB5B044240
S31508024E20C8F5D21938DAD85AE2BE5736DD5EE7EB4C
S31508024E30F2E42A2D0AE44308D004C5D8D19DDA291A
S31508024E402E4D0C082D11FD5C33DDF4C7F0105621EA
S31508024E50C304CCEFD510E242FB0B2BF2E9ECF83D8A
S31508024E6012F221221205DE7F2C09E1416DDB34099B
S31508024E703B0A131318E71CD1494931EACCB0E4D1ED
S31508024E80BDC149D1DC15C211E7D5D7B6B84706590F
S31508024E903449B40A00D4E60DC0CCCD19DFDCF226BB
S31508024EA026EBC6A10342E55FF211E4BB1FB15351DB
S31508024EB0F838C70B2FBF8BD3AA01CBF4101454E3CF
S31508024EC0E2A1D51F31EDF79DE7B7DE481B93520FD6
S31508024ED0F3F6F6E9F4A5B6E38BF7D835160936677D
S31508024EE0064357AACA38C054C6F022B8CC0DF6C92A
S31508024EF0FBA81512E934332058ED2349CA20B20B10
S31508024F00B4EF67C94D33C1061E450ACE5C3ED1537E
S31508024F10FBC231C733DEF3C747522B28BE58DB0B19
S31508024F2029314D6136BAF3EC4E9803FBBCD044F0F6
S31508024F3002DD1EF8C3D143E40B2AFCB7B6FBEA1F0F
S31508024F40FB33063F1DF3D711099EF7C937C4DD01A6
S31508024F50454CEA3F5F8D273342F0235F0E7F2D03D0
S31508024F60EB29252EE1DCED19EF5158FB42BEC22A88
S31508024F704E573D34C527BD07C2FD2127465AEF23A2
S31508024F8031CF9B4EF516F6BAB1881BD52F8A024049
S31508024F90B726332EF89A154729E520D6141CC3607E
S31508024FA00842B9CAC95624E5B3CA2D6EB83FB4D069
S31508024FB0B3315F431FF1B72A8D155807E501BD5571
S31508024FC057BFD2DE6DE44246F5D90D9FAC54FBA31A
S31508024FD0D1DEA51DEB0D093891B8CE28E6B24FF8F9
S31508024FE0C1E1C12C1349EF221BC6B5B3052245B14F
S31508024FF0E9DDB603E63819F9FF83F114C8F8F45D5A
S31508025000E418DE40EDCCD7B5F6D5F97F8AECB9F0CF
S31508025010BBDA5910F6270725CB2D0035EE1ADACF5B
S31508025020D75A1009572BCE4854FCCBCFEC3132E96C
S31508025030FE1E4BE5F91E0E3A26AFE7414A304B29CA
S31508025040F6362DF3F1CF1B5D9FF2D9F4F2163AC567
S31508025050F1BB12C23405C334DCC015D9F2B23840EA
S315080250609817BAA9EB2066ED8EF147FD54FFDF24A7
S31508025070AF5CFD1359B7EC00EC7E12F9BC55FC3552
S3150802508031BDBEDB1144B6B3E0370D59C8C455E489
S3150802509063FB4502C1F43CD997B53E0005CB06AF82
S315080250A040A0F4D4D407F4EA42F0E2FF0CEEED3C59
S315080250B020F0CCB020D698E612B5BEE45E0D4F1CA1
S315080250C02FF9171BAFA201D108F1B8F62E6BDA2415
S315080250D0CBE2423DB200DF3E1CEB69813701C8C50F
S315080250E0E1563622C29F1D4FE11847D7C0DF3B3E25
S315080250F0C2ECAAD09D514BC63D109ABCE73A1FF2A4
S315080251001FF825D638E4ECAEFCFE99A3142CCDCDB7
S3150802511012AD18E718BA4043FC3B3D1645F6252B57
S31508025120335E54B409CE61ADEA070ABFD540C7F863
S31508025130A30019F3EDD853AAB708EDF82FB2C8D7CA
S315080251401B2BFBDF32C10140D742E80D3EC019D600
S315080251500FF23FF2291602F4523E30E5F0B912C2B6
S31508025160E40ADCEB11D7D6BC0DBEA2B20007ABD758
S3150802517028C548EE34D27F0452BB01AFA2B7FC5110
S3150802518004204DC3BEC34B8EEA1DF6F8A457FBFC9A
S31508025190350B02F4D351B5523E15F2A70E2112EF82
S315080251A02F08B9611EEF90B128EC32F63AF8F307E8
S315080251B0063C4796F0ED58FEDD1709F41315DC2474
S315080251C0EA31BACA041AE0E016E79B2B0BD812EDAD
S315080251D004237012FE922014DE35F3A2B03FA93DD5
S315080251E02735D8B6F0DFC2971DD20F31EBEFD7D2EB
S315080251F01614B0311157C40FFD3DE6F3DB1E0CFD44
S3150802520006E230DD3715112BCCD6E41ABD24F6F2A8
S31508025210FF182A254E96DDF50AF2E408CF3F2BE35E
S315080252200109A81C02E9F1FFF0362022D2393143DE
S31508025230CAC1330C5B1ECDC856C2E437EF0312D976
S315080252401A281722C606BFDB10EBC42507BDA6B966
S31508025250113BDDE9CFFBFCD7DD3838CC1EEC101A42
S31508025260F92C010E05021128C4C10BEB100A2B14E6
S315080252703A227FE3ED15460EC1124B4DC532EE17A3
S315080252802FD64CDEF2FE163E0D301EB4113EDC2E33
S31508025290F63516F1B21FFC44C2C1FE0A1AAAD8C7CD
S315080252A01C1BE259542C0FFCF7DC0D1111B0F81433
S315080252B05415FA043EE82F12131D32201EFB113331
S315080252C0270D271B27D931DC1CA4282E051422C733
S315080252D0DE3BE4FDC0E1DBBA210A5944E4E435C603
S315080252E030DBD3E342FA3705BDEEEB2D4C0F12E75E
S315080252F042E75B2C1A22B2333FC7C9C0323AFDE5F0
S31508025300FDBFF3F92B9ED0BEFEE6CF48315902BA4D
S315080253109899B74598F2FB4316D9B209D4811A2C43
S31508025320AE562422BC42E322E231FE41CDF0021BF4
S31508025330F2AA46B7083147B409C866B307C741286F
S3150802534020E9FCDEBAE636570E0914DD7B483A290F
S31508025350F1C7C7050E9642D936C19A35F1DA01D494
S3150802536063CF49B3F1DFDDB5E3FC1C352EE1E4B6C4
S31508025370ABF4C0D9D710350FE4FD2CFB3A39CECDA4
S31508025380FA560BD540FF4CF24811C9D03109BC1C5C
S31508025390CED4DA3FC0171FC202A64941E736C9C4AE
S315080253A00A22CD579B3E0854DC3E4D0223EAF91ADF
S315080253B0C24A5459E12E45366864B6D6E6E0D22387
S315080253C03DBAEFF830D2C7B7ECAF0BDED9FF99D6A4
S315080253D02DFABEA7234E22E234F102F417AC3EC7D9
S315080253E049E821E7D0CAF90A3EA5C3ED1812B44224
S315080253F0363927050F2BC41AF4BA1C17CF3657CEDF
S3150802540035D2353493EA554F350BD04E0E1DC4D8D6
S315080254109B204AE25DE00603D52428121FFC175892
S31508025420CE10351DD5342F28E9F8F52BE1DA41DC03
S3150802543008A1D7224F4FCCB80FE569A4D64BD71B84
S31508025440E8E728FFCC431D212107FFC0051A2F2AAA
S31508025450EBD6E034C3B7F1BD4C1CD913BB2FFB9F67
S3150802546037EFBB270FFC4BBBF8F4C9FCDD151EA6AC
S3150802547017191913E6F1DF2A251108BF2DFDF3FACC
S3150802548018A81CC9B62D22EFC3B1CBC2E41126E374
S31508025490B8F2043029C836318AEAD9C81893F9CC41
S315080254A0E2FD1D48F1D9CB08E442BBEACAF3132E42
S315080254B0D7423DDF92CC0111ADC9C645E4F7F80FD4
S315080254C0F318DFDBB9F4393ACCEA342BD7E7F3B26F
S315080254D0382D57E5CE3B0FE0B633C2DCBFA60942EC
S315080254E0D7020523310DD10DC630C42750F5D9117F
S315080254F002EA09E13808E92F4CE851C50246D449BF
S31508025500D7C3A83129FB2C3CCB2FC43E091ED54351
S31508025510153832A115083CF93FCC030E3B262EDB83
S31508025520E8FFDD50153DD3BEC32A24FFF73423E135
S315080255304238EBF5E4FCE9E67FD7E9B9C770EB0137
S31508025540B6463847F4650C280C45C97BDD11361278
S31508025550FF0520327FD4EFCF1420E8D3EE5BF0C9E3
S31508025560CA27362206C213E5A05C40DE1C245BDA93
S31508025570F8ED2022B50100CB0E111020243BDD1BCD
S3150802558036E0C3BA37DAD217D9D1E72D1413242154
S315080255902C253305FADCD163CCC43EDA33B6FAF0ED
S315080255A0F2AF42A8FD4436E4F3C518EC989735C61F
S315080255B0EEF73EE4C4DDEFBCFBEF33E61ECB48F75D
S315080255C0F6A3413536C70EF4E417F74EEE0A18422B
S315080255D0C04046BACBF7E6F1A3CEF01F3ADE5D1716
S315080255E0023C3897B709A511E9E2B8D33EE5FB12A2
S315080255F0EFECC92119230147ACA5DF03E2DAD7028A
S31508025600942F082A69C2F50C98F08E2C2558272B58
S31508025610DFABC5BD400BD8CFF60BE230A84401F983
S315080256203330B1B5DDC4C6F83328E357DE1FFC02B2
S31508025630D3CFBA2F0E060C31FCFC92F6B95F1F4681
S31508025640E1002EBA2CF610CCC0D4C13345FBC4E710
S3150802565043AED8E1FE14F8CB05DDF4BFCEE80BAEB7
S31508025660EC09280DE0D5C4CA0FB4C8811F14EF8609
S31508025670EF05DDF3AEB3F02CB7CBEFC1DBC490A5D3
S31508025680D84895B0CC399C584804F908D8FB428AC0
S31508025690D2FA43A1A7B5003E1BFBAD0510D1483B84
S315080256A0B74102F70F352354A7B1F8E24490CCA8C4
S315080256B0A4D21AE3F51B20E06BD06BF02F119E28BB
S315080256C0D5DAC9B2BDA8A513B6C7E7810C4D089AA3
S315080256D020EEE0ADA5E0FBE10806480E29270AD927
S315080256E037F9AD955005062BDAB152A4F222E60E29
S315080256F00C4FED2B2A3EEFDD1301BED7DEF637BE81
S31508025700A4EFD1420DBD2F280029AB1D9A19AAE193
S31508025710B9DBD9B63F32F9DA3037DD10481493F8D7
S31508025720BFDDCBF9F307415A0FEC0FCCA8C6AE9AE8
S31508025730C42CC99C390D013BCBF7E3BA36E8D389A9
S31508025740F0FEDE4E0A1CE3304C52C6E736055BFB1A
S3150802575050B667B0A80BE1FDBEC5D428F0C8F30A57
S315080257601BBC0CA2A9D23658F0F7CBFEE6D9BCBAB6
S31508025770C7F1BA0E0C26CA3C52F0473E34D1FDB7E1
S315080257809F1A1A0C9D5AD81BD32D12161C42784FF3
S31508025790E3C9BE2EDDBD44D2410BFE679F0C1EC572
S315080257A0AF41EA8DEE5169192909E3BF0FE30DDD11
S315080257B0FC1AE902C9FD1EDD39C1A3BD22E4D7B52B
S315080257C021483D29B5BBBBDAC6D8F0251C44D82DDD
S315080257D026AEFAC4B4C65EB0CF5DD92DC2136040F8
S315080257E0E617072604C33AC921CF0ED0ECCEC0DF8E
S315080257F0E23DE2B853F4BC0561F92FC53D1AFA1B1E
S3150802580062E2B5AFEB49040F4431AFE22DD4A3529D
S31508025810F4420ACB0EAFA8D644D2E0CC02AD4FD69C
S3150802582007DB0060550733EF4714D06C261E0D3D83
S31508025830CFD8DEAF47E7F9D5FD3EEED21872262A53
S31508025840D7C0DE4191D9D3D6DCE24FCCE5406EED26
S31508025850ADD6B1DFE2DAB233D743DE45CBDD0B2F65
S315080258602B67CBDD4745B6F3BE2F2FE503EDC00107
S315080258702EA5C6F7310F086417509EE2C2FFFD1126
S31508025880E1057F33E4BB0C4AE3FA2FEEB10BEEC80F
S3150802589018FDB60326BEACD6DB3C4073DF0FAD4619
S315080258A04E2F62F6382FF2D452B720CE7ECC110F85
S315080258B044580911C34DC246E12EECD2B1D63CF981
S315080258C023FFC8BE342503AB68B500D0A286D60727
S315080258D036E0AB2252BC0D29651D56B9035A89A07A
S315080258E0FE6F1F24AE0E5BB9FE4AF9EA5C4E69EA00
S315080258F0FF8D6AEDFD4F2A534266AAF92ACCFBD8D8
S31508025900274D60C7D30E3C046BE834AD37F6B8555D
S3150802591019D9E6649CCFDFF58FFFAE2D0C07D80F99
S315080259204D07A5F62AFCDFEC282CA028EBA441C6D5
S31508025930F8BE4317C7BB23C6BFB56B09100FCCDD2C
S31508025940DDC7432D2A353CCFB94C1FBBFAF8E0D246
S315080259509FA53A12362E68C719D6314B2D097FD61E
S3150802596034DC66F7A2E1411EC1A5CB8D1F081B399F
S31508025970E915BDB4B154A14FC6AE0F9B309EE230B5
S31508025980F353E950F4A2B5F509321ACAED263DC217
S315080259903562380B332613BCF60DFC013DD1ED3CBE
S315080259A09AEB9D41C529F2601014A418ACB3D23CF7
S315080259B09E122E9E37E2CD0BE625DC0ECDFE3CFA74
S315080259C04150D105CB3816AAD0E82557095CDE0620
S315080259D0C11F19F0D4C2D4165E2F3CDC3D50133FCA
S315080259E00AC2F5E3FFFC273433013C09D4D2D9B302
S315080259F0B303F8F9FFE1071415CACCCB432CAF3928
S31508025A00F333D5EFC302D6F3DE26FE6235D3E63D7F
S31508025A10FB0505D411FFEDDC5421F50F4F2E2D0C95
S31508025A20022941D5DEBF38E01D0341B73A54E3F0F7
S31508025A30BFBCF5CD3764FF32C3F9FE3A36F6D5D583
S31508025A4010022D1E27F950581B242345F862C1134C
S31508025A5026F47F29E22D3444D9F9082D412E14E57E
S31508025A6078751DE2F2C30B6CC303BA030FFEC117A6
S31508025A70011B3B0FB7EF100137F4F00FFAD317C229
S31508025A8012EABBF9291827B4D91140D615EED4B8AB
S31508025A900D2F13EA3448B8FDF6C823CC16DE2ADAE7
S31508025AA0E822CF35C8D104C91FE4CBE4329DCE38EB
S31508025AB00FF51CE5F1ECD224D6C4431FCED12DFA3C
S31508025AC03A5BF0BD3AC309C4CB09B811D7021338F9
S31508025AD0F3FF97081831122354C823A8BBB728BA6C
S31508025AE0AC1DDBFA561E2416C3EFBC49BE50CD3E8A
S31508025AF0AAE0F94520F89DCF2D3E20B017E1F31C08
S31508025B0023EE3ECD1FFB2CEEDA27C04D2F34CFF6FF
S31508025B10EA0FD92702E0BEBFDBC0AED6E3581E1194
S31508025B20213E123C14B926FFDC0EB4142849DFC8FC
S31508025B30C5E0C73447293DC720811EC3CAF2264499
S31508025B40BA1D4E2C3CFBD94DBBAD2657D51029C4E0
S31508025B50350BF0EA43FE0AFDE607C7B1F3B256F47F
S31508025B60391A3D501A3616B5EB20C5F4F23D0536FC
S31508025B702DD6D3B9D0F8052DD4EFBA2D10D143B40A
S31508025B803F2F089BFB15AE3931DCFDB2FB10E7FB54
S31508025B902CC102421010F7FAE0C630F910181C346C
S31508025BA0B91BFC020431F225A612F56F0BCC35F3AC
S31508025BB0D2254818441F0C0E25531808E252CBEC7E
S31508025BC0BEAF394447C50E19EAF83419F6F50F2758
S31508025BD0393706E9C0303D2AF8EC1335D81E2CEEC3
S31508025BE0D6D0D8F3C711FC25DCD93C41B2C408F398
S31508025BF022B5F1B2F4EB152D2C2003AAE643EBBE2F
S31508025C00D8BB28A098E03CFCCAF2DA51E911E84F61
S31508025C10D7E963B6A240FC185517FCA7D0D86A493B
S31508025C20DFE0C5C1E0B3173B12DCCB21F70AD8DAAD
S31508025C3039F2B9C34EBBFF562B05B3F515CF434D03
S31508025C40ABE1BCF2B936DCF502F541D005D935FA35
S31508025C5010BEF9E4B829E943193911A82CD5B8C2F6
S31508025C60D94612D3E93238C6C21A217509E94D391D
S31508025C70AD2954D4D0DA1B0C69161F200B39D25F12
S31508025C8007E2D32DFFD74EB3F3DDFDEC25AAFBEAD7
S31508025C90ACB7122FFF3D0A07E0C92B204FC59B411F
S31508025CA00B054C2FE00CB9525732F13C09D34E1E64
S31508025CB02F4ECCCB5992D713B2F5A89E5614B425BB
S31508025CC023C1DB10F7FAF239FEDA06D6BC9FD5C62F
S31508025CD0E714493CBCE2F02CE5E3FFF402E4C257C0
S31508025CE0FBB5F72C24E520A95537C8DA11253A2B36
S31508025CF04E240818E5011444D14AAF411558F8B99B
S31508025D00F6A50C3EAEF314414206F5D19D06B9F14D
S31508025D10EAE4250D015104C2FB29C0811015592E4A
S31508025D20C63271311426F2E5CC65DCBF1335A5E11E
S31508025D303F15EA443E0DBCA8FE4BED5DCAE616F2D7
S31508025D40284603B5F920DBD1CB2B3DF447E4D50D24
S31508025D5046C8D8B4C9B91F43EEDDEDA033F80640EC
S31508025D6038DE65DE2B1A18394116E2489F42FC2CAA
S31508025D701DF8AFE1BBC8459CCE1AF92B01C1F7D075
S31508025D8016F303693DE3CC00C85139DC401ECEBE8A
S31508025D9037DBBC023ECF40DB6AC43FFFFF27ECE499
S31508025DA017E7BE40CBE28C09EBE7E1EEC99BB337B6
S31508025DB0EA321EEA554FDBB15097C926CAD22DD50B
S31508025DC0F0D5BA7F0D0D3EC23800E0FC30330ECF57
S31508025DD0FCB1ACB6FF08483022DAFA4DC112E1AC82
S31508025DE021FD58C70C39051242D93ECF0A0499CE6D
S31508025DF0A3EABFDF064E008DE0E1191ADDDA47098C
S31508025E00216EF8B6E33AB907D129BE0429A9E943AE
S31508025E1014A31C40FB5A240B1012C0AB10DC341A14
S31508025E20B925D1E2D3B9D5C2E9CFE152C805E0DB3B
S31508025E301EDCF9B2313458152206263D3017CBE35B
S31508025E40E20FDFEF65D903FD47E7E62646410E3E38
S31508025E50F81616BA2B0402F8449928E1A92CD6D1C9
S31508025E6039CB5718DEA91130EF23E5573AD7BE3B8F
S31508025E70AA2CBDEED8D018C924D6D3E7B004061981
S31508025E80051A03C8C80AE602AD56DB54D71DCD2843
S31508025E90D60627075BF6F03AF6BF1E01FA39182826
S31508025EA008CB23F40ECF022A59F132042ADBC91B86
S31508025EB0EE2628FCF1E008EC8D010CD1DFFF18274D
S31508025EC0F6D31A10BFCE130C0DD0D75F192C0FE3D9
S31508025ED0C2DA6E0F15C920EBA1E01C2A0C5AB7EBE1
S31508025EE0120CEC30BBDBDC6BAD2CDFF21AC148D0EE
S31508025EF00214ADE6C441E9AAEC09C4FC20BE13CCDF
S31508025F0009CA8FED3BFBC1211AED011C32DE9D3415
S31508025F10FA65F40ECA200DCC508122AD4622FEFA4D
S31508025F2021D052261ED124BBE3F524E3132E4B03BC
S31508025F30B96F0ED8249BEDFF3A1FDC22C5161455FD
S31508025F40163D16F44219E2130840DC24EA50F80911
S31508025F50A907CF33BF3CBC103BE6E4AA14262F1789
S31508025F601D34E6CBE8DC182C4CF04ECCD921C74EB2
S31508025F701F26169EDC351AEFB8019B6CB3048BF606
S31508025F802241EFF2363847120BFC2D92F5BAFD0480
S31508025F905BC3D5A0EB40E1D05515D1B142F44DEC27
S31508025FA0E9ACB3B5F8D0070E1D0E1DC110374A531A
S31508025FB02DF291C3D9DE04F5CBE9F527EA479BB65C
S31508025FC001E137E2D7970681ED2BBA09BF1DE2A395
S31508025FD027552730C15459BC09C4949DC159BF20BD
S31508025FE03CC01ACE0ACA43C533FCBE0BBDAA141E50
S31508025FF02E5AF0FC3D0EF1A2E7C51CBCD9E40A06EE
S31508026000011C190011480D2C0B06AC61F942F7CE9A
S315080260103F49E75B3BF2402404451F212C1332C754
S3150802602030EB6C00A2222B0524F3E704BE39D1B863
S315080260302F27009C3151F734CAF9C438DCE93248B3
S315080260409BC1279E388BF62109C8C2C3BEFDCCF870
S31508026050E91B19C9E2FFFDC4522DDD3CA6F80AD197
S31508026060A7A42107212CEDFA441AD93B39D1E039E4
S31508026070EAA743E6AC426CD7BD53063DA9BCD51484
S31508026080204BDA45E505C2BCF202035333D4C6DF18
S31508026090F3B81C1F6D00C2232F384B1D391F260962
S315080260A0F422DE0BD9F8FEFCE30A3CC0BCE017403A
S315080260B0043CF635BCB957D422B7C3572A39FA2F46
S315080260C0224EA914CD28110DF9BEBD3AB8C0CA0987
S315080260D0E2370CCE1624E125191E11D4C04BBABDDF
S315080260E0E3043600B21022C319063DBFF0B82211E6
S315080260F014DBF903364136FAC7A32DE5F0C9D8E40D
S31508026100ABE32A38201CFBF3CFEDB2F94F0FC0AF31
S3150802611034D32BCFF4173C280F3AACD90B2C470EA5
S315080261203AC403DCEEDBE84034F7F918FE29EAAD97
S3150802613018816B45BB420423B83F0813D6B844E618
S31508026140BF1DD2CEEBFCD5EFEF2EA63A44E52BCDFA
S31508026150FA08071CDC33E2ED47F305121E2CD5E9D3
S31508026160DDA2313DCEDFC8DAE9452D2707383832B8
S31508026170BB5121AA2CCA2019E3F327F3092A58C0CE
S315080261803B3032122F0FFBAC062DDAED392FFEF714
S31508026190C51611265E47EF3F5E0BF8CB01FA0011D2
S315080261A0E262FFFF04000000000100006201000035
S315080261B01838000023730000F63F0000771A000023
S315080261C074E9FFFF28510000210D0000107A000033
S315080261D041A6FFFFEC29000082CFFFFF34C5FFFF6F
S315080261E0E2EDFFFF75F9FFFF261400005F040000C9
S315080261F09418000055C5FFFF82280000F827000002
S315080262006B210000AF19000029260000443900005E
S31508026210D0F2FFFFEDF0FFFFBAE6FFFFB8E1FFFF9E
S3150802622009E0FFFF7B150000B25C0000A72300000F
S315080262306B41000044C3FFFF01D8FFFF5A4200002A
S31508026240AF190000C7FBFFFFB3FBFFFF8C0100007D
S315080262500B2A0000E70C0000F2260000CBF3FFFF32
S31508026260E314000022EDFFFFBEFBFFFFFB15000053
S315080262703017000059CAFFFFDD1C0000D9240000B0
S31508026280FF2300006EC6000022340000F8F5FFFF67
S31508026290BED3FFFF1DE5FFFF68090000BF2000000F
S315080262A0CF130000A1490000DAEEFFFFEE63FFFFFD
S315080262B00400000000900000CDCE19D1E5202A3D49
S315080262C0F8FEE11501C60CE43C1D19EBC60F2FC9F1
S315080262D01B2DDA51D2E50BE6D1A2E534C732D7BA7D
S315080262E0431D29E1332BF3267F16C9035E30CFDD22
S315080262F0E1075319C8E4F2450FEBBE1CC42EED158F
S31508026300EFD4E9EA2FD616D9D54815E523D7D212FE
S31508026310FC063C4AF9D02E10062A2525EA0FBBFEB2
S31508026320130451E02023CD3A24D6FFE52A38F21D7C
S31508026330D61EF5211138E5DDCE05B639CB07CFC213
S31508026340C5053A240118F804ECCDE41DEDF716BE8E
S31508026350DF32291A4332E3E121BD12ECF7460AF885
S3150802636030182F00E712D0F314293BF53A0D0BCF5C
S315080263701DFDFF261EE1C434F82FE911EC45F84E3F
S31508026380FB1C3C22E6332219FAE2F7241AE6D8E481
S3150802639010F14C3328DB1445C2A2B12EE629BD1AE8
S315080263A04EF6F10A00F626C71620151113E203095E
S315080263B0D14044EDF1F0C453DBF4F8B8FEE80DEB36
S315080263C00FFAF1361605CCE61C213219D5C61D116F
S315080263D02E52E031D40D23EC0E04FBDFD4E6BBD3F8
S315080263E019B711DF1CCDF9363809310B5D22B7F71B
S315080263F0D81816D5F539F9F304B620CAE25A393C43
S31508026400E8D0D712B51FFF26CA35F12D40FCDE09A2
S31508026410D7F7304442F3163021F3DE222001DD1F7E
S315080264200BFED2C9DC18253B212ED9D747E1FBB68C
S31508026430B51F23E8BA2B1B3309CFC8FE27E5F62773
S3150802644034C5D4F3C53F18ED2B2D190F2DE6DBF114
S31508026450021F3344FAE715300DDAEEEF0B24D61A8B
S3150802646006D037BF15FDDAE0231F0FE857F4E9F225
S31508026470E82A37B9D70EE10128E31E2324F1D5E924
S31508026480F53703FCC8DCF4342B23DE0D651A1FDA54
S31508026490C73C315FF6E73827DED6E7E0F72902F888
S315080264A067C4F0BED7E925EC3E28DDDD1336E7CF13
S315080264B0FC2A2BD0E7000BE136EA001835E61F2046
S315080264C0D11001D9CDE505FAD4C91B325CEFF4BF68
S315080264D0363A47E40AD6E92111AC0FD51CDA09DFA8
S315080264E0FFD12E3BC9E8B023432419F902F70E154A
S315080264F0B3F5D4DDDED1C749C9DBA7B54D3AD3FE1C
S3150802650023F1E31E08E1C5D30633DBC50DFFDE1E04
S315080265100829AF01C013C51936E42FEFEAF5BDB352
S31508026520CB121C00EFAF36050E48CE32BBC0335A2B
S315080265302C11EA28491F3C0CD8C9BD0EE5F0FC000F
S315080265401FB5DFD834D3B806FD30F22107FD2F2355
S31508026550C2D401CB2C22BAFA0DF81EC3112910F2A5
S31508026560040904F4E13135DB4E0FC531360A010F51
S31508026570ECEC1149CCCE0D14B934240AFD88F7CDBA
S31508026580CACEC7F6E2F538E5E8C9AF37F0DA072822
S31508026590B72AC41CFF5FCB221C34F2ADCAA4C5239A
S315080265A00A4D13DC57620D21C432B527DC004C278D
S315080265B032DBEDDA510D44C8F724DC2B0C30C0D19E
S315080265C0ADF3D30912F5B5F01CBCB0B8E6A9E2C81A
S315080265D0D82E14FBE6F5B432010814E9E70B2313A7
S315080265E0EAC929DACCFCF21808D6CA114220F6EA18
S315080265F01B07D6ECD145E9D7FF182516402147BE19
S31508026600EF3AABFE3ADDCC1642051BC1002AC4326C
S31508026610231DBBEE03F3F4EB1CD9009705FCC2D885
S3150802662026CA4F0AD611F6024DE801B912EC2AFF1C
S315080266301C0A3E10E9D120CFED09E7E8EED343AEB6
S31508026640C4F1D233231BF303EB1A001F2CA9FAF465
S31508026650F01D07FBD36313C257222AF5F8EBDCE8D1
S31508026660CB3CD301E53A030BA80DF2F809AD015A62
S3150802667039AE002D07DA282908ECFD0700CAB7BF8C
S31508026680FE31F31844320AC61B023129F41AD136EE
S3150802669009EAD207052DE025DA28C716271FBEEB19
S315080266A0E812EFC519551FFD2B3DC245E2291CD933
S315080266B0C9E0453AE9FAD80AF0F8173EF3E832EDA6
S315080266C0E600FB38D0B7E9D618ED33F2FA25AB1651
S315080266D0C9DEF2AABF0CD43AE7EE0DB2E9D6BD1E60
S315080266E0F222FD15E821F1FD3F08DDDA0F27C17F09
S315080266F0D0C5092433B5C5D9F816C2DBF198FFA966
S31508026700C922E35F31100AE6D326DDC9F4C8002B95
S31508026710F315DFAEE31CD1C6ED33EE23E0C3E0305A
S31508026720EBE31A3734344941D92EF93BD2CD073631
S31508026730D3E91AD22C1F3FC8C50C4FDB68CA40EFF3
S315080267401F3A28F6090ECF401BC0190104BABFD753
S31508026750FCE7E1CCF14FF0DED374F1F7AEEAD62CC2
S3150802676099FEAEEEFC23E9FDFAC2E918E609DC0D4C
S31508026770F5DF1DFC03B72FA5D9D7EA14BD1CDE3DEC
S31508026780B15102EAE72DF4FED8D7321F1746EA14AA
S31508026790DBC0DD16CEFDEA08510541F224B5DFD786
S315080267A004F4EF0AF43C14E5C83BBD08FDA10C6AE3
S315080267B0F0FB2215E0DC6DC6141F1DF3EDD1201780
S315080267C0E129FBD84BE2D236DD22E9E8D7C7F02920
S315080267D0E414D823B93C35167F36323C02BF43DF70
S315080267E0CDE5043FDD180CCDEB2110F2FAFB024E83
S315080267F0EDBA361241191AFBF5CE172ADAEE0AC491
S31508026800B33D1B2D65C82CDA5B071F3DB4C23A445B
S31508026810B636099DEF2FF1D4EFF0E23CA5E4D2CECD
S31508026820BED5E20B271C5DBE01101229FFC1EE215F
S3150802683036F710D9FAC148AC56371340309CCA15F8
S315080268401D2CA40A2255412D04B41230A8E72F495B
S31508026850F6E3BE20130A130926D7EE39EF0AFFD448
S31508026860FC1219314A520D1113BB0FDBF8F0CC0E8C
S31508026870F82E3A1F18325223BBECDB1FD3C5272248
S31508026880352CCFF5F4292FE84DEFAD19211BF072FF
S31508026890E73DE2B1E94C20DC4264FA193003C72825
S315080268A0EAD7E9481D3F45FDFBF72610162AFC16CE
S315080268B0D3F60418401535DF1DC2E0FAEC282C057C
S315080268C0B9CE28D7DAF4FD1CFCD81C598C18DC4A38
S315080268D0ECC807AB1423BF275867D7CBCCB14D31C9
S315080268E0AAE82BF81757FB11E33CFDCBBFD41F2CA4
S315080268F03BF4D71F0DB21AB8E5452CEDE1CC1F9F24
S31508026900BA1533F24EEBD8CB353A06D589ECC2D353
S315080269103809A018B72E2F2BF1523AC59E1F123CE2
S31508026920D521E5E3606DDAF11DC108D79943C2FFA7
S31508026930B7012B172AE84C12C04A14195301230E21
S31508026940CCF70FD9FCFF41FAC6E9E6F216E2D96797
S31508026950F213D2C6D2CFCD077445C24E1EBAC9ECBF
S31508026960C234F1E2F227F2D6CC9B0654FBDCBB38E2
S31508026970D5FBEA0D0AF1272029EEB934E9745AB88B
S31508026980320DD6DEE8A844F816FCA81B0E4404E528
S3150802699033E8CDC58FEDF34C04D894180C1608E4E9
S315080269A00A0FEC5E2C24E4CA11F5DC134A40D23FE6
S315080269B0AFA961E70A37D2191DDFFE31E6120721B0
S315080269C0FD11BE072F1452EEE0720B2CAFE907FA3F
S315080269D0DE0FA546100D1844BFC4E91E44F912E09D
S315080269E0C20B28B928FB2FE740B508CF6201DC4164
S315080269F0E0DC601DC2B6CD44D5C51EE00EEBD7EC71
S31508026A00C7F055221DC545F9C71CEEC045FE36D846
S31508026A101DE8BC18A6FFBF181B2CB0EC24E32342C2
S31508026A20FDE5B34E233122F0F7E3C4CF25B84F2B49
S31508026A30CADFB7EF22E9E62A2EBD2E0C7F59E1AF4F
S31508026A40481EC1E705AE34D2D03AE34F1248473E54
S31508026A5022ABBC16FE44A4E6C62FC8F4C1B0CFC307
S31508026A60DDDFE2DA50BC0AB52CC2F9B2FC2D379E3C
S31508026A7031183244DE01F22F19E3BAD7405F35D70F
S31508026A8005F726FF44021AB83669F8D2C5CCC75D9F
S31508026A90C8DA1ED3F612D64DF30A02143DE9C1111D
S31508026AA0D517D3EA7A05C11E551708175F40FE3176
S31508026AB0DDEF2348C0350DE41A1FCF261DDF400A35
S31508026AC01DE636DEF0FCD7ED004FBFDB1308DEF01D
S31508026AD01314D2F7F1E7A12E1BC2C0B3FED21CF2E1
S31508026AE0EC2F0B2A202C19EF0F1EBFB928B6033B31
S31508026AF0EDCF0E29D31ED6331B3AD0BC315FBAFC72
S31508026B00D2CBC92A35B9183BCF17051803D62E5842
S31508026B10E143F60CB317FA143921F1100AB80A4CF4
S31508026B20C1DF27CF3EE9D5C8E818149B434ABF0FF1
S31508026B3003B961462E3CB83113ECFB05035FF5DC5D
S31508026B402FCCDF1444CAE91C2D32F5DFB04EC8DD5E
S31508026B5002020835BDDCD30D52D80DDF09F2A901B0
S31508026B603EE7D5C1F21BF6F121D4BCB1FC12F0EE18
S31508026B70EA0C185C18C2D9F9E6A331AB3A08EDE774
S31508026B8002E6212A2BECDC0DC806CE2E4E02214A3D
S31508026B90BB2A052FB5040F703E2328B1241B07E133
S31508026BA0CC0CB1E12624FF6120D913C3DEC01C4EEA
S31508026BB0F7042BD340040B28F9EF93601EF9052737
S31508026BC0CE2121E01122F2CB070536CCDDD9F51507
S31508026BD0E80F041D7516DDF7AD27F51E264E5BCBAD
S31508026BE00324B22DC9312ED8C10404200FE1A4AA68
S31508026BF0521D1743BC3819B8CC6ADD12F4FDEE34BF
S31508026C00CB655B230023D72D3E05183067185097AE
S31508026C105FEDE91209ECE7DF312246E79AFA21BA73
S31508026C20B6C4F2DFF2154CF4C6F6FF321E4EC50B99
S31508026C30510530F50ACDBD0EF9FB1A5EFB562A241C
S31508026C40D819FA1913012A1C0F465B2034E707CE16
S31508026C5018CA1AE01619E4DCE11D2AEE23FF26E813
S31508026C60F2C94B1DFD3D0CFA04CFF1B01BFC0FF621
S31508026C70D3262F30CE643DC7C6622CBCFC02EB007D
S31508026C8081341333F56C1657CB2315F84B0A2BC5EB
S31508026C90F11111EB08DEEAE1C1F6CC1CB92103D5E4
S31508026CA0EA33E73E0EF7D810F2FAD26D0BCF94A369
S31508026CB0065CB90CBB0B0EF1F701F43712B1352895
S31508026CC02912DE54F069E22C4B191351D62CE4F83A
S31508026CD0373E63340FEDF5BAE2AD3EF5F20D0D29F6
S31508026CE0CD150F06A837FB03CEEC312C292A0E1E2A
S31508026CF0F249E0D50417D2C9EE39E04EC9C70E41AA
S31508026D00C909252636700C5DFBAC5A1CD532ED1F17
S31508026D10F7D845F663C6182BC0401755C8EF44FB8B
S31508026D2018B94C5E570313400A1DEA42BCF70CE336
S31508026D30ED033B20DD4A1B530952F43608D92D04CC
S31508026D400913E6DED3EFDAF2DBE2B0166009F7964C
S31508026D50E30A26B952FCE4A297DB4AF98C5D08C419
S31508026D60FD00114EB2D9234913C066011431AEF2A1
S31508026D7003EC12D81E652AFC5464ECE90CC509C654
S31508026D80FEF92F60FB64EE55339F45C452291499C8
S31508026D90E4424665515258B7CB9B571FE5D333F2A7
S31508026DA0BEEFD40ECB074F35B1105305FBDC16F3F5
S31508026DB014EB2CBECBF1F9ED2AE34067CE12ED16A1
S31508026DC05724264CE666F8FC65F94B21526101C345
S31508026DD0100E2BDFF0E9F82947E81BEAE1C3141184
S31508026DE025F01E1D0210022A451CF30A2618F85021
S31508026DF023482EF04654C6E4FD1DBA21D6EAE2E936
S31508026E0029340A2DD3E316DB0051D6012FE4F5EC1B
S31508026E103BF6E5F8BF19E970033FAB1BD3EBE2F18A
S31508026E202C12EF0B17EDC71C3345FF012012F1E6B2
S31508026E30981A3C2904E1DEF62E0C070BD24CD4092B
S31508026E40F421070F0812FFCDEDCA0ACE29EAE9A4F2
S31508026E50F2F2260829D10C570DEFE8B528CA0D1DFE
S31508026E60D60C0DFD1C33EC3E42BFCBB8F331E047DE
S31508026E70C03D6801D6B6F32AF5F915B2EAC528D691
S31508026E80F403EDD3170A3020AFE8EAD7CBE43A0683
S31508026E90C90DFAF0E2D9BA5BB9CAC4F3340FC233E0
S31508026EA0CC0AE9CCC617311123462001E501E1DBFC
S31508026EB013B72DD63817EAFB36FD0101DB23C8EBDB
S31508026EC01816C91547FD31C756FC45FB0803E7D511
S31508026ED0ED1F0417D8E9D05D07C9BFAEAA2BBCF0CF
S31508026EE00CE35406E8FAD9BD2E4DCCCE05FCD81DC6
S31508026EF0D72A3B1F3BE9EFE5D6BEFBE2CD212FB4ED
S31508026F003C1F092D44D9BBE4FC0613EFD7231AD933
S31508026F10DC37C7E5DF020D3717BBB613FBFC2AF6CB
S31508026F204942E49DD7D7EACC232CAFD53226D130B5
S31508026F301AEC5E411E0C9B3422EEE294A5F7D9D6D2
S31508026F40B5F8170A08D2EBE8C6202DAD1CC42C0FDB
S31508026F50BAC8C41CD0240958D8FA03ECDEF4E933BB
S31508026F60FE24A3D8021CBADCBE06F821D7CFCF234B
S31508026F70F7EBE3EF3C1CE2F6E8C4E316F8492EA861
S31508026F80F4FBD8EED5F91EF12C02190309423BD6B9
S31508026F90EBD02D1434C41E7FD4EFDB01E221D3DFFC
S31508026FA0CE0616AEE330D30465F3DEEE0517E340EC
S31508026FB0AF05350422DC32CD3BCEE716EBCD091BF5
S31508026FC039FEE5F221DB194221E7259505B3B7E13A
S31508026FD0F2180F11D4FFEC541EE4A0B52AF2CBE145
S31508026FE01DEDF2DAE43436F25719D3E857422F0F79
S31508026FF02BE115FEE22BCD191D1DB0F2E80308257B
S31508027000083D37C3E2A8301312E424E5D63BFAFD5D
S31508027010FB1B0DFC1AE1AC1DD7131F1AB4E2D7DF0E
S31508027020FB2FFDB72DC4FA0BCB02F4C91BE727DDEC
S31508027030C60B0AF417C909E6DF39E10649C5D2B310
S315080270403EE6404AFCEED82443C6E7A50D4A06FEAC
S315080270501C35B03200D1BD48FBFDF8DB3334A9003C
S31508027060B45BFBADE2C1DD3E7F1D2CC92E46C9517C
S31508027070FCF175DED6FDC42BDC13C7B61B3107EF50
S315080270800A031BBF42F5D42C29C1D803B7C0B62DB3
S31508027090DC19193801D8F105D2F4D5EAEAE0CA04AE
S315080270A02EE153DE4E372242250BFCE94E2E22DB19
S315080270B0E1E264D4C807D54812F4B50834D5139664
S315080270C0A7BACCD0FF2EC23A123906F8444108298B
S315080270D0EEC8D1143E39B54912E318030FA5AFEF2E
S315080270E0CBD2BAA2F2D80F20F342CB3E5D3E461966
S315080270F035E0220CD9E712DD59F5EE0209423AB516
S3150802710053C505E04ABFF536D84950B8EBB4E5E1B0
S31508027110B9183B460E1BB36847CFBBB93DE619B053
S3150802712035F844EC12EE14360D300F163BDBBE046E
S3150802713020053CD549FF0F07DD058FC13254ECF80F
S31508027140B4F2C1DA11E0275D2AFC16D3E1ECEB08AA
S3150802715022D6233C0AB2EF4BCAB004C70AFBE8FBA5
S315080271600B0AD8AC1807F3D27300EB030151C8F91E
S31508027170E1FE11F8CA100C3D12EF059F092CC60F45
S3150802718011E218D6D4CD52C620E12BDCC80FCE08A0
S31508027190B82ABACBF20BEE0CD8FB290E28C707423F
S315080271A00921EA2BB3D23A49250919BD2DFEFE3427
S315080271B016A4EE30BCE7CBF5EEE9C6FE56FFEDBCEB
S315080271C00DE523D8F6E84CF2101BE0B0BB11D51931
S315080271D038F0D347F131FF35E14FB800E1FB10A093
S315080271E0240A54ED353C221D05F0E3FA3306B9EDBF
S315080271F0C30FF40924E8D6F6401106A9F5FEBCAE7B
S315080272003407F5D0F23AFB51542AE5D6B600E6BC65
S31508027210D01FCA3BD026B06BE0DBD318CA16D2F908
S31508027220D3E507EF28D8FE2513370A05651F164F3B
S31508027230B5323B58DFE12C34CCEEDCF7DA25F428FC
S3150802724099EFD246F6B3D7C9B80EF7253C0607E733
S31508027250FC55094ABBE8BF2125D7E606B50F04DD6A
S315080272600013E8DEE13B0E63523BDA476A40EAD393
S31508027270082719F2F0F3D3C22224F826E6FB0217EE
S31508027280CC4AE6F3F82AFEFFDFB41D12EAB8FE047A
S315080272903126173D0CED240BEDD3F820D62328EE24
S315080272A0161B1A2412D9CCEAE26F1D1458E7DEBC63
S315080272B0F8DE15E4161313FECAEE1755140A243619
S315080272C03A2DE41A1A2DF33713BA121BEA2E469DE3
S315080272D0F8F0583B0AEF06BF05EE2E44FE6033B9B6
S315080272E057D6D3D8B2C00545243043340046ECEA13
S315080272F00CFBDAFBDC2AF7DB4600CD4B1E1514ED38
S3150802730007F43A3B150A35215DCD003BF3DA4F17F0
S31508027310E91544F1EBD055B6A92ADCFE251648F83C
S31508027320F9201E13D922E4DA2E320529DE4BC4844B
S31508027330FF4022163EECFA302FDAACFCF336264B27
S3150802734003DBF4050AE1E7093DE0DD3CD90207B0B3
S31508027350FA1D08E457D63AD8FECA44290255F53822
S3150802736033EF1710CEF3D03CDC241B28EBE2C6E63B
S31508027370314BF4BB12291D22101337EF04270204DE
S3150802738031E702030615AEF43BC3EC00370C0510D1
S31508027390E337F9E641F543F80415F6E7EE02FD0E82
S315080273A0EBF133E716B92F45E31E45EE3F04BE035C
S315080273B03C3BE1BF03441BFA2262C646AF0E3501C7
S315080273C02EFF374DEC28070961303A0EDD4AFFC811
S315080273D0472E3B180636E32C17E3FECA341F1F2A2C
S315080273E04ED63A22FFEA15E013045DCD2E241C92EE
S315080273F0F0FF4812D54B25E0D738C332ECF43F1ECE
S3150802740019E71B20F92DAFFAE3A1D1041EFC0FD907
S315080274100DDE413CDAEB25EABFEBF634FB631BEEE5
S315080274201D180315E4E7022C0E2B4EF72EEDBB8131
S3150802743055FEC608EB4334120E02C832CBE2E2FD11
S3150802744006451B0F1148D70445B8220616E7EDD0A4
S315080274503A4C5046E024592CE3060CE0E420F401A9
S31508027460EEFCC42FEFAF0623EA0205F7211EF1AFA1
S31508027470ED4EFFDE0D2DD70E48053039C14B04E11E
S315080274801F4657E8FB14F725320CE2F0034726A7F6
S3150802749045E21F2E46BF51D70AD23708DEF0DDF67F
S315080274A0E5F1F1FAFEC5FAE7CD04FC29FCDCDFE6D4
S315080274B03F173CCF1D0DC3F3B8B2CFC0F643256FB5
S315080274C0D02D3BD0EE3E111DCC5E23010FF00034C9
S315080274D04136415542B422A6EBC8F4383B09F1EECF
S315080274E020DCD327C708EB15032257BA5F41F0AB56
S315080274F0E455E9E7C059EF14C63B3D11021AB51720
S31508027500A7FEC8CF104E3F27E852364E52CCFB474D
S3150802751003FEDC092E2F55FD0D96CF10636F33B28D
S315080275204DE0D623D1F733F7002B143419C7460397
S315080275304804EEDBEE3EE3FAC634B3082C501C4090
S31508027540F2D31926A7EA29EABD0E2EEC0D0DE8EDAF
S31508027550D32A1BB621CB39B531ADCD0FF11BF9D7DD
S31508027560F2FE0D47330827E5F0F218B4D7EAB3E876
S31508027570082DFB10EE08CA2F130C05D8443311EA5E
S3150802758021BE121A0CC76005AB00101401D231379E
S3150802759059C26B19E914F2BF10C1254F171A57665B
S315080275A00E40AFC9ED09C53020320D15ED2610E89B
S315080275B00B1421DFCB2ACA0C10FB502A1326FF4FC5
S315080275C035334624AD0BCAA5C74FCB44004BDE3F25
S315080275D0E3D35229F10A70E781FE14655123162373
S315080275E02BB91CF2EE2304041FF071D2CACD0BD2BA
S315080275F04E251BD53507E6213A391CE02DFA3B41C3
S3150802760016D5EBCA9ECF372BC6D9BA2E01F1F7C6C5
S3150802761034103726F7FA6A13CE3B32D7DA2D2AF117
S31508027620DCBE59CD21169AF019CA6AE42F01100058
S31508027630382C54A907ED1C42FA352D28230ACC6AA0
S315080276404F30D7B507D62DF8C6EE111EF3ED0D232A
S31508027650EF36FB2DCA2530EAC8EEBD2C4A3AC8FEDB
S315080276604CB9BDF33406071DE4DF7C320DD849B3A5
S315080276701149EEE9BE201AEF06DA2D0D42D3E222AF
S315080276801C03E50CF2454DFDF43DB3E762DD446C9F
S3150802769036395CCF12CEF406AFF7075FEDEDD5DDCE
S315080276A0DCBA1D4A3DA0CC020CEE7330DF15FBDEB8
S315080276B03AC3139DBD013C43344C58DECE582105CE
S315080276C065E135E5362216CA071D07C2DCE5E9BAC1
S315080276D05324ED380E14F9E71A2ABB484AC72CB0C8
S315080276E01FEE02AAC4DAFEE4F4C872AABB36F0EBAD
S315080276F0C1524FF415461C0C3DCD10F32EC1EFFBBB
S31508027700342D10152E2BEFEBCF3605F1CB1811FDC4
S31508027710E000BECD122AC936F8270D36FAE9FD343D
S31508027720BBF1071A6429E620FEE3D5CF00EEFA0775
S3150802773014ABCBE06DC3EBE6FB0AF8D62F254E1841
S31508027740BAD92BF655F8D709DC33182510F2F212F6
S3150802775029B7CDB7F815C23B41E4E602E4B1400DBC
S31508027760EC34E5120B1EF911E2E3DD3AF3F219EEF7
S31508027770FBBBA044F61CE4C7AD455932DAC0E82182
S315080277801718BF2110F7D4FB0BBED6DDEFCD2B2A77
S3150802779027C1E805F7E21DC855E50933F21943176B
S315080277A0DE4001FEE24636DF14E21414082EF539ED
S315080277B0FC0FEE2CF0D2E5D923C3201F01D3F3DD4B
S315080277C0E51DDB12EEDF1622DBD510292C0CC31AB7
S315080277D0D2E4DAB509480FDE4CF046283ED907F658
S315080277E0B906DEF92EFCEFAE23313130E22B3739FA
S315080277F0F4DDC3D21AD216BB0A0416E1C824E7116D
S31508027800E633E7E552D058441053CC68B713D10291
S31508027810E0EDF0BECFF2E0054E22F6CDD80C2FE809
S31508027820ED0CCFEE0F2D09BEB7D7CCC7B4F8F612BA
S3150802783035FAF441DEE3F3092F034B13EFEE2A423E
S31508027840EA0598D92D33F0EC55BBC2094123E95A0A
S315080278502DAB10E2E4D910CD421E09E0D00835B1AD
S31508027860EED62747EF295BC3FDBFE4C01BD145FE11
S315080278703FF5CED628EB36F90934D0EE28DA340DA0
S31508027880E023FA1E3EDAF8ECF116D50DC22CEF69A2
S31508027890B53903C6AE481417E6060C18F6F2072BD6
S315080278A0BBD8D64E55583A2CD3F7F31BCEE8EC4143
S315080278B0CADC1A14E72D1FEFC805D94A0F04C2E419
S315080278C035E2D2EF2CD4E43A5C27EB36A556EB58D0
S315080278D0E8E219D1274F182EF6CCE70AE7E7EC07B4
S315080278E0F54329FC49411AD2BEEFC4F8B718F25A31
S315080278F0DF11DAFE0EDC2DF8CDC5012825FAC9F707
S31508027900401AC124DDFDF0470F10E7EBFBF620080D
S3150802791020F1D0F9E93F33EA7FE7E6FB1CC20DC244
S31508027920D7E0FEECF1FD16F119B1A9010FCE3D0C17
S3150802793024B1FADC291717B0FBE1F70A0B25DEC3D7
S31508027940ED02DACC0904C3E8FA0217A8301AF808D5
S31508027950E8030E20D5F5FB7709EF0AB7F2EC0EE23B
S31508027960E3185D0BF401F5DC0542DCF624231F2F30
S31508027970E5F4251A30C6CE3CFF0CD90F2D4712D88E
S3150802798017EEEB2FD4FCE4E930E8DEDCF3E21B0762
S31508027990EFFF0B2F0719E423D0FC25D028F417E6AE
S315080279A00A0E3DE71BE5DC3BF825F5B1081CF83B5A
S315080279B0EB291735DEF5232419FFFCB6FB07130856
S315080279C0F4BE0226E51716F0EB02D9F5EC11ED28FE
S315080279D0D9E7E408252FEF442AD00FA712F51AE9AA
S315080279E00B01FEF6E30A3832FC30020E01F5D7091E
S315080279F0E3E5DBEAF6D73C163409BAC4F2FBE60D30
S31508027A00D7F2DB20EDC9CF0D170DD4E42C27C731E9
S31508027A10182401131EF6CA59E32709B3201BF6FBDD
S31508027A20C2ED07B944EA1CF14132032B5921351D2F
S31508027A30F12263EDFC160EE1D7E82319EB06FAE408
S31508027A40D2D90ADE1AB7D7D02A1AF8C8DF07F00041
S31508027A50EEF80433CFD6F764D92115CF40F2C90E12
S31508027A6053F6FF2827EE0E03E9E6D1F31E01221488
S31508027A70CE121D24CAE71EDB2506E801DE3101F413
S31508027A802414FCDBFCD1CE2E1F28F9D4F6E50024FB
S31508027A90D4E4E928CAE0D543E60BFBD5122102163F
S31508027AA0DEFDCD131AE0101D23F9CCE118FF412B98
S31508027AB0C9C5F3EBDEEC35FD0DFDE5205601DBC944
S31508027AC0EDCB2922DACDFFCF1EE2EEA90E02162D44
S31508027AD0AC15C140F4C40433ECECC5E7103D01D142
S31508027AE00E0C3303280CDE3064FEEA287F220238A5
S31508027AF0EED76A182BDE11F7F1E81B0B005D0ABEFA
S31508027B00DFECCF25C4E11904DA32DE0443E6FE2CA3
S31508027B10AB15191309D8D036F41DF2FCE8FDFAC5DF
S31508027B2004DA29DE2A05F3183C2CDB163CF81C126B
S31508027B30FAE1F2D72DCBEFFBDB08F7C8E81E22E500
S31508027B40C5E5B21AEAC8D8FBE6D80CFD0C2A2A3FC4
S31508027B5006E923F1FDD9AC542CD3FAF2CDE0C6EEF0
S31508027B60DD4322E8382D290E190D151A5E21442304
S31508027B7018D4F621DCDBF936C9260D51D923145B54
S31508027B80FBDDE90BD079D549A9101141FE43CB2576
S31508027B90F8E20F0F5B293802E6E10EEA03ED40BC74
S31508027BA0B7F3D9C209F7B607D7717F61295F2B12D6
S31508027BB00CE618DCC4F3532BBBE1BE135ECFB80D3B
S31508027BC01811BB249E020A151EB6CFC81C43F31B06
S31508027BD0F64658F3C4164322F94B0201036B07B261
S31508027BE050C247D5A026F6FFFCEF095E26D5C1F896
S31508027BF0222ED9A24422FD507058DF50EDE0B9D6A4
S31508027C004D065BDFF5FD3BDDF8E836512E0B1E9B74
S31508027C1071270BF8662D5F210932E2F81B4B0230F9
S31508027C20C2231AC7F7FFDCB5CF102F32C7F3B0A3AA
S31508027C30173F005345E3F534C3100C59E6DAF0470B
S31508027C4031F4D7C2C079EE2021C607E357B75715D4
S31508027C5001462BF840FFFE1ADDE42437B96E4A21A5
S31508027C604830CCF0BEF2240CF3395EFA5126D6C55A
S31508027C70E529F106C8D4F8ECDE0BEA43BC0DE2307E
S31508027C802AE3D83DA42FFF3FBCCE041D3FCE3D0FAD
S31508027C9042EB3920300619233418E7F8CA2160F571
S31508027CA0F0263820E3C92E4ACEF310FB17080ACC71
S31508027CB0374E058C1BF110FFF6171347F72853FCAE
S31508027CC043D5424FAD02F401EECA36E6791602B43E
S31508027CD055DBE1BFF604188FD8CA154A441ED89C4C
S31508027CE0D81E06B0CE3B25CB5812FF0EF517F6184E
S31508027CF0FD306950C5F3C8EEC5ED10EAF1ED18235B
S31508027D00DE31E612296BF0ED2AACF904CD10DAFF62
S31508027D1040BF3FF5541531FCB7FA145BF25D3DEEF0
S31508027D2054FB103105F506EFB8EB093BFD2429B5DE
S31508027D30D911DBFA481F2C26E8652900E3C0DA16B2
S31508027D40250FE62A3E3EE82521EC15D612E9C4C4DB
S31508027D506656EB2649A301E411E6E53DE1FDFA2163
S31508027D601CC80B2FE5B30D25C208E53428F04AB620
S31508027D70E81B1913D513552323F10608D1CC0C3960
S31508027D80EE1A32D2B84C321BE33A38D3151144F5FF
S31508027D9027CE30F7E72A52FABBFAD25A0DE7F3CFC3
S31508027DA03020EB30CF3CFCFD211B19C816D906F052
S31508027DB0E0F547F145142D2AD0D8CACB07D73EB6E7
S31508027DC0994CD52320F10EC8D910EA0508E616F013
S31508027DD0FAAAB13B6139C5EEF04FE0EF810348F9E3
S31508027DE0DF042D0AC76553131108AC05B4CCC5DCEC
S31508027DF04DC4F9EFCAD027F40F021A0C4AF8252CFB
S31508027E00CB37375420579B2CD1A902DD04E5F32939
S31508027E103D2CB42DE8EB24103EDE14B6D7D7E3EC9E
S31508027E20AB24D8CE34111107C50703F3AEE5C32F29
S31508027E30F71FD1034BFD18F34CCAB84AFC0CCFEE18
S31508027E40C8FC3C6035FDB0041FABCE102C1B4102AA
S31508027E501CEA21E4E0F7D6ED61ED00411FFAEBCB0F
S31508027E60FADA37573A0631E3ECD732F4B6B70C49A1
S31508027E70FA17EC5731CF3EBED8F01AC119C9E80431
S31508027E80C5BFE902D6CEC54A030C44E6CD21302643
S31508027E90AED0AFC01A29FE0A34F243FDA42AF6EE82
S31508027EA0D7FACBD4C20C089C20CC1C00EEF21D607B
S31508027EB0F0AB0657442B0FA80B31E8171EB8051C62
S31508027EC0C9D4BAFED2321DDC1FA8DB5113F7FE094C
S31508027ED02FFBCBCE2A5EF4FD5ED9D3D2DE17EB1E7C
S31508027EE0A33A1FBFD44E28A9D7540B2CC9C3DFED1A
S31508027EF02D04D90F2E1544BDFC0D163D28C5023991
S31508027F00D01F210ADE36E8F8EBBAE52B042801145D
S31508027F10251E2439F9561BA02425C8A91BBEFB20F9
S31508027F2007F4E145D02E32FABFAFDA4317141155DA
S31508027F302017FC093ADCBDE02E333EC810D1C5AE87
S31508027F409E122C6A2A39AED0EFCBEDEE07F234FC3C
S31508027F50D3D0D7D3F52B222A1C421EECD4024B5A75
S31508027F602914E4E9F677D4E1F22EE255F2DA1100A1
S31508027F70D7F5042311EC3AAE4613E2CF033FDCB041
S31508027F801F370B06BAF1EADB42CB4865B2CA2F1194
S31508027F90E2C2DF2E4D06DDD6FFE00023EBDF4BFC07
S31508027FA034C21D01E91C28A03C10FD3302FE29E15A
S31508027FB0F1B9F9261A0307C03AE530EF07CC1003E0
S31508027FC01F08D821E620421E09D8DAF6D818064D27
S31508027FD0129F392FCB1413BB5650D00A15FD2339DD
S31508027FE0FC0FE04AFD36DBC500F402D9B03D375A2C
S31508027FF036A50A5443E232E60237D800C1F4201401
S31508028000C00432E92C2C292BFD01F94A1CE7CF1CA6
S31508028010FAD93750450D3D1BE7EEF7FE38DB0DE181
S31508028020FBF53339DAE1D3BDE61051E7D4E7FBBAFB
S3150802803038E208050D1E33D0FA3F36222FD911F73A
S3150802804004E6F6CEC3363DDBFC4BFD4E4BDBF71D95
S315080280501DD9F14139D6369CD423F046DD61F92E75
S31508028060411CC7FEF6C90C3BE9E42A10381E2FD775
S31508028070504BD30BD60DC2D7484F0D35443D323639
S31508028080FB53FFC9F358D839213C03DD11F9E8BD82
S315080280904A27302D090C3AE4E6FC4D4EE9E015F480
S315080280A054D0051E050DD7E5390F0D1E06DBCE2861
S315080280B0F9273DE520690312EDD9422BAFF62000D8
S315080280C029190916C1E0E2E6C940DE584F37C1FF51
S315080280D028102907ECDB2BF2EAB631FE5D1B2815C0
S315080280E01A24EA222EF3DF071DD2702400F013C3E6
S315080280F03FE4EFFCF120E3DEF8425C494133ED2F21
S3150802810047C62EFC1D3253F4CECB485C48FCEDDB49
S31508028110EA0F45FD5CE56DFBF9F51721FD04FFEC59
S31508028120F9342E20EC1012E0E903FCF4D82C1101E4
S315080281300A2ED41E09E721D52551EDEF39F9120089
S31508028140EC3630C7301ACC3E28BCC9FF294B491E2B
S315080281505DF0D82A43DF6EA4DB2D4A4D4110F6089E
S31508028160E4CF0A3CE7BA11FF27F751C6FD06C0F36A
S31508028170FF2C28FF17FA1900D0F0F1E7AF0901E83A
S31508028180EA3C03FC3B21FB4ECDF503301106F33ED8
S3150802819003E134EA17371D12FBB5E04808471715FD
S315080281A052050023F009B52914C4642BD0D913DF6C
S315080281B0462DCA15F405D8E6DF59E02305D7E61099
S315080281C05D4C1606E462E016272A0E5D29F7D441AD
S315080281D060060342F3F87F071FC2011E250A2BE336
S315080281E029E52A060FD8C605F71024C8E926F8E4B1
S315080281F0450AD1CEDD58DC2CF001492FFFFE2C3979
S3150802820018F329D9F8E4EAD0C8EB39DCC518D7FC43
S31508028210EDE21FF82C2A05DA50FAF90DE6FDCFF73A
S315080282200A0DEBFA09350413C2CD0DC41BF2D0C7E9
S31508028230F33D290AE0430D2F1301A7E520C1D5BB5B
S3150802824026CCB23210F2EC2B3E0807FF30CC19CFFF
S31508028250E9E0CC1E15FCED1D0713C00FCC4A00F54C
S31508028260C923222C0B3231FD0131D7EE3DEDEC0E3E
S31508028270D1293E25D8FEF1DE131222CCD7BEF9C388
S3150802828016EBF6F115CEF51CF0F8E9D0ECFD270F42
S31508028290080ECBF8FF18E44FF6FD001013F8D72B9B
S315080282A002000FF6D90EEEDFFA26DF14DCE2C76506
S315080282B00ECAE80E0F04422923150D3F3CC105DA02
S315080282C005EAC114D9D600E60CE00F4145D41E389A
S315080282D00DD2E00ACFFDF805153D12D2FBCE1F4599
S315080282E0EED9BD48C62BF33B0BD7181016030DFB68
S315080282F0CFC4DB080ECD2ED4FEF0A2B61CC227DDF3
S3150802830001F0D616EAC6E83425C5F22E20FDDAFBB8
S31508028310D420C105D605C51215E1DC9C07FDE62861
S31508028320FDDDFB0EC725F9CDD933EE43F40A3E30FF
S31508028330EA08D93138F7171CEBCEAB012DEF00E06E
S315080283401729C9F0E1D5C10D36C9DDFB28CFCD06FF
S31508028350E6F7C60CC206184A370BFFEAFCE917D736
S315080283601F2902E7EF2FD729F600D8D524E5011BE6
S31508028370D8BA0C173EC836E21DEDCA34F7F61D14F4
S31508028380E4C20CF8D80CFF0114C2C419ECCFEA39BE
S31508028390CB1608DAEB34101A3A45DAE4F202E3E3CA
S315080283A095FCE31E044E2A30C40026DCE61AF606BD
S315080283B01FD6FCE4DAE72CF30FD0CA1EF90216BC64
S315080283C013BCC5273A18C21E7FBC01CDE738071B66
S315080283D01DCDCFDAE402C568FC211EE415D0FCFBEC
S315080283E0F7122AF3E4FAF7194731103FEDE0DB5AA0
S315080283F01F19D0D30FD63E1F273BC4F7E8C0E2C7E2
S31508028400BB0FE3EB3116E8F3EBB331D0E10CEE2DFB
S31508028410C2C12CEF252CA93D46FF1FFD07AC14CA85
S3150802842015C4160F270422FAE7F903080F06DE2CED
S315080284301BFCCCF6F0E443FAFD3539F2DFC4D4EA84
S31508028440203CE21D343AC3DAF413E21FF8EAE16883
S31508028450EFF7FDC8C8540B2CF9F4D8071B2215DF11
S31508028460CAD0194245260DDD22E5FDEB2BF3413D27
S31508028470EC15103925D1E2BDC1FAFBF4EB22FBE675
S315080284801314C70741C9F5133F07D80DB843F2338A
S315080284900124FB24FF3BCEE3446D2A2F1FE8D60CAA
S315080284A09FC8DB5D1E25E009BEF1EBCFA6C33334B8
S315080284B0DBBFDCCBD50727C13B1ED4F6DB300E4F1C
S315080284C0424AF1F6E8184808B6452435FD1ED06C2E
S315080284D0D2C810BFDE4ADB181C2FDBEE0112274377
S315080284E0E3E9203059F5E3E5CC1A00E9B813EE2D95
S315080284F0C5DCBE19DE080199D71047304C2E4E2727
S31508028500DAD9B91EEFCF39250A0DD65021203441C2
S31508028510CEC82FDC230513E61924CF20D0FA2FE87C
S315080285202A46231F131A31DF1F14FAB7B90AFA2388
S31508028530B2CBC2C4DF0642F202FBF0E8304024B0F6
S31508028540443219FC1AF9C4C6D3EFE2E2D207AD5F88
S31508028550CDEACA0FB919F408145246D4C9EEF0F195
S31508028560AFD5D55CEC29C9B2CF37E5FFE128B837D4
S31508028570271FCB1EDDE8CFB8DA352EF8122A0809EE
S31508028580CDCA0514C5054D14C922D24E2DC3EEF423
S315080285900ACEDFB02433E1DE530EB62BCB002C22F3
S315080285A0CF06C4F47117102EF6CDB10FB1BDD3E1C3
S315080285B0BBB2A806E82216DFB4C7FB05411632DDB0
S315080285C0DECEB5FDFC3F161147C6D7C3E61CC60765
S315080285D0EB08D2110F1DDDD01D32B721BF3513DDD1
S315080285E01F4232EE42EC03DF412CCE3115ABC83DB9
S315080285F00C1AC1CCE5D30C26344236DD3637F7B32E
S315080286001909FDED10CFF1EBFC05DDE30BD8267F4A
S31508028610E6CD1F16C843D705762D2FC8FAFD40EDBD
S31508028620BF05F33D150BE4D0BFDA06B32E0E154689
S31508028630FA208BEEF6D605B4D42010D0EED2472C0B
S31508028640FF25FAE0DBDCF3D71EED3217EBD92C1641
S31508028650C93B03FEC56FF7E84052BD07EAFAEA5A74
S3150802866025D7ADF122F301BF44D4E52614F6C10796
S31508028670F6A5E25A4337FBF120263945FDD12432C5
S315080286802C2CEBF210301ACB2A56C327EE26D247E9
S31508028690F4BAD41B17F137B334F02AAFD50C5338D2
S315080286A0EAF8C3F2EC41C8CF3321221312C0CB2613
S315080286B0F8CE082AD8BCCB005E3614353332FAC651
S315080286C0CED6F6DE01D1001404471ACFBEC7EFCBC9
S315080286D0CE731C09B6ED0D33FB1FB1EED86008E464
S315080286E03FF859F3CCDE2FE45D32134F2600F7F735
S315080286F0D523414711D22F07ECFF9FB3DE39D2416A
S315080287003C49D600ECD902EB0F2AFBF82432E5A441
S315080287102154026223E4CC51B40A1316BF09B7C71F
S3150802872001D2F1F513BDAB50E5FC0F9EE22A04E136
S31508028730D41A36CAB25FAE02E5F1D032EC0EECBFFD
S31508028740F8D3213A351AF49D1454C6262D44330B10
S3150802875035F6ECEFB7F53F65D10324F5CED1CBDB81
S3150802876008C6F9391CECC90ACD5D5AD66102DFC8BA
S31508028770A9121CBFA320FF1EC8FEA5EF1B240C6A64
S31508028780E8E01C2521E1B4E923DBB02EFCD0FDC0CC
S31508028790D940FCEAC711D40F9EDAB33FE641E12776
S315080287A04E14F524BBBEC1F6507CD8AC134EC3EEAC
S315080287B005CE09EFD617082D2FE2F20FC6F8A860E4
S315080287C03F10C513FAC4F71223F1EDE5B853511A4F
S315080287D0F361FA71E3FEF77F1147E44AF8CFD0CB8B
S315080287E0E4DF1F40480A1FC5EE2DD435796208C951
S315080287F0F0F356E11A6EBE52D91DEFC614111CCB00
S31508028800C5B52B0EF6F931E5A1F7C84BDD373FEEB4
S31508028810436EE243A2FA623416AEB0C120B9C1DB96
S315080288202EB3CF3C1D08ED42EB18B03BFA3AF02DB9
S3150802883004EC04FF8F61C927F1FBD5C2BCF0F847E7
S315080288403CFD61F030F6F5BB85171C3255C23EE297
S31508028850FAC33E0C0B9A4E70FABEA446F05DFE149D
S315080288603AF72CD8DEBBDC1B190DE63D2DDDD7F514
S315080288703F387EFAF0B70C2B2EBDE4020D380127DD
S315080288804FAA1A2DDB21EA3DB3FCFFC45AE5CBA950
S315080288904734235E44C71E341BA6BE2724C8F7B234
S315080288A05AD067BBE3318CD0B81309FC5018343858
S315080288B0A71D081DF8E23919334E8CACCF2AC0C958
S315080288C0D8236A9AEAE950B7B559E2B4EEFD37B940
S315080288D011584CF6469D320C99CEF02FEF32B3C59D
S315080288E0D611C73AF2152BFE1DD41EAD6E4FF4F8FB
S315080288F0343B0A06292C014AE009104435F4F02EC5
S31508028900DA510316E947C4F80BBB21E9C5C8F5BF16
S31508028910D2B8DE182460152A3D2326FF19BCCEF2EA
S31508028920AC3520E7FFE625E7FD42C14AA0AF27E9B5
S3150802893012D3F8225822CF1EB822F4F0CEAEE71090
S31508028940CCF8ED0E2BE8F7F455D022FBE82A3FA027
S315080289504AC3232226F70D0742D847E18EF540BCC3
S31508028960EDE53ACFEF25F0E2C742210F0FBBCA1653
S31508028970D00CBC3A06DB59B2EAE1166239A3FCC747
S31508028980CAE316EB484114F6E2D1D703271A37DFB2
S3150802899000060ED723353132033C39F9B043F9FACA
S315080289A0AA4E0251CB2816DB2207DF5615CFDB115A
S315080289B00EF793603F17C7F00453EAC6DB9846D50D
S315080289C0C901E41B2C360FD8BCDDBA28F72F05F5EA
S315080289D0F32BEE23F22DD3E1E5BFE515B8242131B9
S315080289E0DD33084E142EC8E3FED1D34C07F33D24DB
S315080289F024E32A1249F1E4C4FA6A32E402A96DC1EF
S31508028A00B3E7F1E2C230A648DF8B0D34E93EDEB1A8
S31508028A10F814DBBEC6B4FC0D243925D7A02234AD22
S31508028A20110BD944D81F33E51CC904F41FEFCCDF58
S31508028A300E16142411FB28254806081C0307F924D8
S31508028A40B8FC0D563B1601E634DBDB29EDC419D812
S31508028A504C1909FB2F4539EA4A3E2E26DA210333F9
S31508028A60F22625251B2C52E2B4F51001D1CA044E72
S31508028A70F41006593520E5CD1F3E144538CB0AF7C2
S31508028A801831C63A263BA05708962906B6DE0720AD
S31508028A9007FBE2FB070737EE48DDC945BF311C1461
S31508028AA0B12F2C41CB7FFFBEB851ECD9DDE1FAF2EA
S31508028AB0CB20D8EADBBF21BCF735E345C5B1E0FADE
S31508028AC0B60A0F66F8E011060AD3ECFA242FDE9FDF
S31508028AD0F511FF1EF2E9A1345327D8D1D937270950
S31508028AE02A2EB044F10A0508EE45EA01DDBEDC1776
S31508028AF0F3E2DFEE26EC07FAD5F1EC0ABD99F707A1
S31508028B0036D0DC5D3009C8081D0E15DBD824CEFC2C
S31508028B10EBD130E5FFF9D230342302D105B237FD65
S31508028B20B3F4020F4A7E4324F60F24E197EEE521B9
S31508028B30E426130A04E8F0E5EDE12524F837DDF426
S31508028B4029311BEAF73E38C2CDF8F060320AF856E8
S31508028B50D409F5F3D90D7F05E70D4B5055041D26AB
S31508028B60D2BE006237F023F5BAF5EE05EED6CCECA6
S31508028B703CE233E109E6E2322BCDF8E8CC0B0A35C2
S31508028B80C0DED4E1FDCEFE070E6E273A08F2E3F008
S31508028B90EB07DC2ED5EE760FE2E70F636F1BCD0BE4
S31508028BA012FBF55CE8F5312A14EB58BED112D6F55C
S31508028BB0E710DA05FB1ED0EDE9D02CDF052D304291
S31508028BC0F033BD11C2F62D20D0F90BDF1A140C179B
S31508028BD00B102E02DAFEE8A728DECA4324F836CF9F
S31508028BE0331A49FDD204CF32131B0DF0F5EBE71207
S31508028BF001380310FDE3F32643403C9DDFE42DB71D
S31508028C000AE217F1E30731FBE66A1E61C249D62E6C
S31508028C104C30080BE0035BDDEAD2FF5923DE44241D
S31508028C2044D0B6DB29F9DBD6B3F425E91DCD08E233
S31508028C30D525D831284ADB0CF2FEC2F31246E1EBFF
S31508028C40FD3EBE101D2A530328ED0D2BCA0BC8E89C
S31508028C5026E410293FEE4CC7C71C423755C025C02B
S31508028C60D6DBD1161EABBC09C2D10203FECFC6E7BC
S31508028C7025FBF4200D3AA625F2D6F7F2474E27E34E
S31508028C80E22032BFFE030A0B24C83F29161ACDFC7E
S31508028C9009CFE5010BAD17E3EBEFC8EBE1CAF7E83D
S31508028CA0212128F10EA51CBE0CE632141A06BBF7C2
S31508028CB0C5F117D2FBDDC5BF1805EE03E949EF1862
S31508028CC03FE0F6C9F1F700F31B373EFEF94E390CC1
S31508028CD01D2BFFDBCE3302ED30BD4333EF3A343A78
S31508028CE017B3B91911CECDE7D5E22AB72FBFB724E4
S31508028CF0F2CC2C3A0A333F18F32CD8F1C63CEA24B4
S31508028D00E40DE8F0E3142F2A085B1835214F3E26B6
S31508028D100941F6D80D3017C6F031111A72C6F53167
S31508028D203AFECB2EFB2002D2F8FF54BE32F002F7EF
S31508028D30E40709BED91CF31FF92BDE192733E81DF0
S31508028D40321BC7D5092127112D162BD3C01EBF03E7
S31508028D50F9E0F3B6C8FC3BAF38FEF74810F41BD46B
S31508028D6002FEC62DE9FB1CFD11FA15F7194ABAD7F8
S31508028D700AF9F2D0D8110F15623EF6C461B20C1484
S31508028D8023BFDAE41B1DC0C35A14E630F0C7E2EE6D
S31508028D90EE38D32CAC30B534DCFEFD341CC441FFAE
S31508028DA0F6DEDAC7D1EF1BE813EC9150BB2CE9EFDC
S31508028DB02FDBE2CCE6AAF60B3618FFC8E4A91AF2AC
S31508028DC02E2832F1D525CED64484E6493EC11FE483
S31508028DD004F2D10A16DCA74C0F0DCC171B2DB906C7
S31508028DE0B0FE40DA160CE5191FE7BEEEC617F63ACC
S31508028DF0A89AD341D6BFFDEC2102F159F3EE6AD304
S31508028E00B221BC0A271BDC315426D3E252395070F0
S31508028E103CBEE2F92E211329450825F6981F3E5431
S31508028E200B391531302E0E16D705FB3F14A5517F87
S31508028E30CEF6243F26BBF4E6DDE80141D4B0BF3BBB
S31508028E40081BC50F1734B2D758EEB8423AE1DFB25B
S31508028E50BA35CFD7144CC8494D5BD026AF34354006
S31508028E6019C6EB30F63B162DEEF9E5C6E3F423DB1D
S31508028E7021F8F3ED45EF31E441C933EC28DCCDE1C5
S31508028E8000D42FEF11C38B2A3FA1D630E0A60FC11B
S31508028E90D59FDBDBE92F20540CE9FBFEB02DD70466
S31508028EA0B615B81637F2E318CF269843CAE72A2E1C
S31508028EB0ABE0D7CDD103B9C721DC0130C7ED3DC23E
S31508028EC0EECFF5561F17DA1826E51428E00E46EDFA
S31508028ED0F61FE5BAE9E5F9F3EFDD32C2E8D0190182
S31508028EE0C140CF48314C26E3E932FB4036E40A2D2D
S31508028EF0E1E6EF2340DE32020DD842E7FEEFBB2958
S31508028F00293A360309E6080463B8CC45C402E8A63A
S31508028F1028CB340ED44F0BDC4B5D40FBA4FAC23986
S31508028F20DE1A26DEFC38EE0B2E46ECD0D1F2C750FE
S31508028F301BBBE657E5BFD00CFF1BF8D62DB61C1F88
S31508028F40E6BAD1252202AFCBD8A313C0F8B02B4676
S31508028F50BBA2C414E8EBAC1DF95720DBB7CB50BE55
S31508028F60F12A24CD0BEA4AC80D490F35F7B7DD3485
S31508028F702A27D2464FC0C6C21F46D6D8D4A253B055
S31508028F80FC2A26D82E2B0036C600EBEB0EDF22383B
S31508028F90EDB52ABC3360DAF234F3C0DFFBDBE5E277
S31508028FA000D63B5358143DEFB2E8E4D521CBFD5A1F
S31508028FB00AC80918FC44069F4118F00DC425EC1589
S31508028FC0E5E44332E725C33439D7F321F0C1F3B9CF
S31508028FD027F220FE13051AE00C25464146F747EF0D
S31508028FE0B5EDB503B252EBC7C62CE50201ED2397E0
S31508028FF024E3EB4F3FEE2A1B2056C1FDFAC5C5F9FD
S31508029000F93817123F1CC83E1213C533CB37FAE19B
S31508029010D21A4E3018DCD0EF3035574FC80C1E2DF9
S31508029020EBF0210800CC0F3026D740FB43B2CA1119
S315080290302CBDBC0AFD5A17DFFF32197329DFF3D894
S31508029040F0060D13DB6D40CC203DD33054C033B946
S315080290505CC031D84EC330D26224C61CCAD911BAF2
S31508029060CBDCF0FFD858CC3644DE25FD2C2221373E
S3150802907004F5DF0B2638D9CCFC6446E4E5196B17F0
S31508029080D3EEDE04F02CC512CBE4BCF4EFEB2E17BC
S3150802909015F3521DDCFBEECC3CDFF4261D411216FD
S315080290A02918A703B956100FF677F70FEBCDE10A81
S315080290B045FE01DD3CC703FF2F351D04DF2828FFC7
S315080290C0F63F11D8E4DBC73F4137CAFF08E8B6DFE7
S315080290D04330F8D9E80436D1072F21E3F3DAF4113D
S315080290E048100E1C22EF14E2093B5A2C03E60D31F6
S315080290F045C6C3F9124234BC32201228E3CC0426F0
S315080291003530FBF3264B2EDD230EE714572AF9F8E2
S31508029110D9EC42FADA1916ABE4D00B44D6FA4EAEBB
S3150802912034A3E725C43F39C0385004C3D63013D612
S31508029130062518E349320FF0C129C4190BF57FE356
S31508029140234039C10A1F1D0614A3D041F10CFBE9BD
S315080291500D2D342D1E4B0402271BC406D71834EDD9
S31508029160EDA1F424252ED5FFBD073D51ADC02BC474
S31508029170262D022520EA4827D445CCA5E21A12292B
S31508029180D2C2F937D35213D0E7D24214DE40E926C7
S315080291900BED09D7112019011FC945582F3739EE8A
S315080291A0F6E1443FF7D4D6AE1BD9E6D727C5CADCC3
S315080291B03A21BD36D2D1AC2FFC263167D7FA5905EA
S315080291C036E30FC9D1F52DF7FB13E515E502FC1BAE
S315080291D0643BCCA919D438B305F6DB0D1BCC3EBDCE
S315080291E0D9DB5E3F0259132630B4C629F047C82791
S315080291F0E750183F0F41C241E03DD421F1D9FF158E
S31508029200FB0EF3DE1121D5CF05B4F1F91CFAD233E0
S315080292101C273D16ED1DFFB7BEF308380732D612D6
S31508029220EDFA321D0DE3EA0E22370F5ED6FB2BB896
S315080292303D0AE93816E10907C103415456E151C806
S31508029240ADE724FCF907E21DECFCCD4C270E37F1FD
S31508029250DA0D4ADFD82D4A1F2540092854412CF930
S31508029260D131F9161DF544380BE550F1F82435FECF
S31508029270E5BFABF44839E3C90651401FD3F9086480
S315080292801720D1D32A2820D65C1E1BD0DA2921F62C
S3150802929035DFE5DA1CCE0B2FF9542D28FDC7DDD8AC
S315080292A025E261D4BF1C01B745B5251A10FCB802E0
S315080292B019431BEE0ED2E134DD321D120A36171C93
S315080292C0CCF1EAD92F1EBE03350BBB4AF92A234A2B
S315080292D0F4F9E937061B2508DC09E14F1EF5255185
S315080292E019DECB49D507E7FFB72CF8F4BBC621C16F
S315080292F000C1F91036FC0AFCE1FDEA2810222FF714
S31508029300E3EF2BE4FC21E9CB49E7CB7F2530F84193
S31508029310D12135CAF9E32D0845FD2D4FDD4B7418C9
S31508029320D2D1DB29E00C15D3F6274213BD21D02A68
S315080293300EFAFFDBCC270BF709E00B55E11A3D0EB7
S31508029340EAD101F419542F0F12B440DEE0482B0F6C
S315080293503DE627FBF9EC3FAB31F70C550013CFBFBF
S315080293601FDD113C05F85505421E1917C2580B4652
S3150802937010F51A53CB4AB806FC5FCFBCC6CEE8FF37
S31508029380DF0DF943D84E1AFFD1330D032126D72C08
S31508029390D84C2D2509DD2DFBDF1930FBCC44EA61BB
S315080293A0FD2820E03FFC0DE1C94D2B2DC7F2EC2329
S315080293B0EBE1B2C9FF3239D3BD3FF22C14EFF1C447
S315080293C01F3DD122153F2114FD17063B04C6D13C89
S315080293D026D605EF0A2416D9BE2338FDF20C3968BB
S315080293E0330E151CD817361402EBDE0CD30207F31C
S315080293F01C0FB6EBE23436DF04483BF3C62E590798
S315080294000D20B5450556CFED3FCAD7E9F2E5DA3460
S3150802941038CBFE0622BC00E62E3CCCDB3EE759F9E9
S31508029420E5193C35C13F410648F43D2C1DF3D61AD1
S3150802943034332C06010716F3D0E0D8D70A10F8EC15
S315080294403932250155D2EB1C4F25AEEEDC1B34D43E
S31508029450A2D3E8DEA52EAF5D03ECBEC3AD06C5ED0D
S31508029460B94857BFF3E72C1712572D1B1816F21CCB
S31508029470E6D1F91BEC0711E42E3B142C4605F6CB74
S3150802948008DEE24636A1E8D755B3CF18E6E54AF92B
S3150802949033EFC92AF235F578F90F1DC61AA9EFC0B6
S315080294A00E01320CE70AE8D0154AD9FD324FD63CEE
S315080294B09FF1FCEAEC0204FCFC4512D4F6E22E0B00
S315080294C02FBCDF3D15C3C9F4FEFE14CE2FD1FC57BF
S315080294D0CD28C912F171ACF91F00CE051CD7FDFAC9
S315080294E012ECA0DC5904F7ED3CE5C43C3B04F84217
S315080294F0A7C8D43B5ED048EEE32C81D64E31B3E5FD
S3150802950033B8F634E8B7E9BF4E01900610A4F6055B
S31508029510CAE7F61610D7E32E38179DA9A927A70773
S315080295202E21EEA7C830F5CA082E0E084AF044DDE9
S31508029530D09C50281C17E9CBD7DB92EB0BF646C218
S315080295400E4ADE03E9B3B135DDF7CDB80E17B927F2
S31508029550E421AD34CDE2A85E4003EC3204C7D89CC0
S3150802956003BD40A1C8D8002B67E3C7BD3ADA4D5BF5
S315080295701F282C0FE60D1AA9B2BEB9ABDFDDCCB196
S31508029580D5440E34FA281DE0F420FE35FE0445447F
S31508029590F0C531163B24DDE643F212010C32D21233
S315080295A0C7FA2E4C145D1FF91AE41DF01906D22BC0
S315080295B0C3D4EFE214E24CA511ECC005EA4131FF2F
S315080295C04D3903FD25C6ADD1D6CD05C246D8BC4117
S315080295D0B2CBCAE8BB54A609FD0A2BED00A31D00AF
S315080295E0CEE0FFBC16E5F2E97F41CDC47F44331ACB
S315080295F0BCD640FB09153D304313BD1F164ADD0391
S3150802960012DEFDF517FEBECBEFE027C6D1BC310E42
S31508029610BADC8CFE22CBBE61284FDAD01AF1FDEAFB
S315080296200A140BEB2117080D42F118A816F3CD02FE
S31508029630C5271E64D3A93D21C9410EB31DB8EE1034
S31508029640E1FFDF40DDC1CEE9035406CA1C1A3961BF
S3150802965023F9EDCBDFDCC861FC28D91209A3CA0EAF
S315080296600D01E43F10FAF23D0E3E2722D12B461891
S31508029670F3ACD503F9CDCEFD2CEA28FDFFED13CBCD
S315080296804AF12BFD373E3DC1C8163A7ACD48F22932
S31508029690D5C4C32A151AF1F1175DFA2CC8F4FB07CB
S315080296A0C127C14E31091DD7D1ED08C597B8E0D6F5
S315080296B0030E9B1BCAFEEB8AFFE851EAE31A0A4429
S315080296C0EBEEF4EAD73BEEFA3DC1FE5DD30E0BFF95
S315080296D0C9F4BEC6B308FEBB05FD14151F00F03E4D
S315080296E0131903285C293230B9F2DED1A12AFE5AAF
S315080296F0FDE72C2FDF2308AFC8F85B1C0BE707D65C
S315080297002BC60F3DD223F20E0BFBC54620E5224996
S31508029710F0F8EC1DDCE61C14666AFB3B01DC58FB20
S315080297201D361F7D14DCF0143E172EC1C2260D51BC
S31508029730CADBEF221DEDC1F722CA2EA9230339CBB4
S3150802974018FACDF23BC6CDF6DEF1B259F954044801
S31508029750A94DD91F4102381EEBDCBFD90529F413DE
S31508029760C1FCC72C23303B9FC7F72F13A50410351E
S31508029770C1E9F9BEEC23CAEE0340EAC12FF8FFBEDF
S3150802978027BECBC5F807D40C521126FB3FD43ADEC6
S3150802979027E9DD2B232813F2F839EC25E6E842D52A
S315080297A00AB1DA106608ED0BCBD4ECC4B6DBE625B3
S315080297B0DA112CCE02DC3525F40B0914F8C016375B
S315080297C0582ADD09FE0321E953CBB969011D1BF0AD
S315080297D043B12FF12FF3E2DDED62CEF3571FEE42CE
S315080297E0C02ED7E94E3DAD1AE60BB431ADC12814E9
S315080297F0490530D034251CC0FDD0634104E533FF4A
S31508029800381FEF28EBBD3C053CDF1C750646A87FD2
S31508029810180AC09DFADCF5E7F84FE535BDECD2E546
S31508029820E6D7EE3FFB2ECD9DF2E80A1601212D550D
S315080298302BCEC3C520C12A0CF30336E2CED74CDEA3
S31508029840D340CA39F3C9A904B4E7D30DE7D0FB69F3
S31508029850B92CDEC7EB43EB0BF65FB0D0DBF1E43A8B
S31508029860E134EB2CF126C40DFDC6BAC9DB2EC216AD
S31508029870EAFBDC3BE33623F3FD493CE53BC016DA5B
S315080298803BE1A1E042F8EF5341F3D15703C3F16E2E
S31508029890D20539EFC72D18C7795743E24C15F4FF9D
S315080298A0E94B08FE5C0B21DADE2B07F3C51A1F0704
S315080298B0ECD9083C2B36F0D7C0369BE1EB3ECA27DB
S315080298C01222D80CC7224A0EBC250B43D9D9B8C8CE
S315080298D00DE64C0F162ECA1813C62F44F3EAD70DF7
S315080298E0EBE8D9B44FC9032F3B131ADE782CE801EB
S315080298F0D36360B19EC9A3700E3208FBE754EB32FC
S31508029900C7021534BD10F30D1D4E4CF43444B70C82
S3150802991030F45AEEF9DF2516BDBB213FFD31032E81
S31508029920013DD2E948C4AFEE4CE6CCD4631E21B958
S3150802993005FBFCB5370EC850A71EE30ABB2D09F274
S31508029940F915003418BF69DADA4DC5BC01ACD0DBAB
S3150802995032CD1EDA13A3BD582BE81CDBDBE0C7D4D5
S31508029960F2ECF2F2FBA7BB3FFEDC27F65146C9D161
S31508029970F13FC402211A4F66E7E19F0B1A39D65DF9
S31508029980DAD1FA0CF9272BDE0E5843BA29C2C9B224
S31508029990E84E100D01DE7138A2E305524258C7D1CE
S315080299A0E4EAC7000DCF241DEE48ED201550F6E374
S315080299B00CE2FD09290AB92D1CB2B84E201CBFF2C9
S315080299C0F446FCE50F3F5945D7474B0DE318D02D12
S315080299D02CFC61150CDBE506C6DDB3E7602618B874
S315080299E0F0C02536E3F901E043DE692D4C092ED88D
S315080299F050C6E6D21DD734FCDBB513D512EEEA3EC5
S31508029A00213064C544E515F226D94513FBF1C0E2B7
S31508029A1062490AE8CBF8342EFA0EFD017FEDB1C58C
S31508029A2056C6EE10B6B20515C0D3BCB2215BF3E832
S31508029A30B82C57F32BFE24EC4BBBD3FEFC31202D5E
S31508029A406A141DFEB62CDBC8BC5EC7B9F22E46FDEB
S31508029A500D401FE7F9FB63530CAB1BCFD507EC4E42
S31508029A60DF22B3EAFE25A43EE227EE220A4346FB9C
S31508029A70393DEF0F33F3190BCF25F2C53234D13CFA
S31508029A80543049DC3A173C07E208E9312741220AF1
S31508029A90ECD4FAFFCAC32D42EAE1F0103F452C9DE9
S31508029AA025B4F7F5492BDCD046FD17EAFE172AE757
S31508029AB0001F23E0B13D0E21D5AEBBDBF444091BE2
S31508029AC042C34E37D04BFAB9E227CDD416144BBA55
S31508029AD066FC5DE1450E4D1C26B6B5C8E5D1A3E286
S31508029AE007EB46E932B133532A21E8F06938EE0822
S31508029AF0DF1270D0EA2C1BEDBA260AFDEECE26F549
S31508029B00171C13F5F1F02BC215E126E211D7F20D57
S31508029B10CAC84C502EFFE70BA7F8EC3D07720FF6A2
S31508029B203BEB11CEF7B9B802E713EA052704EFECC7
S31508029B3013064027B801D02F38E00640C913E915A5
S31508029B4034F2F0FB2DF74237D0FB36F22C2E1C28C6
S31508029B50423A0A1735F256ED1C0206E8481835E06D
S31508029B603CE34017E8FEDE0FF20DE1CC1EE837C7EC
S31508029B7023E707C811FAF912F63127D5142AD4ECC5
S31508029B80CC206119D1F505C7D30CE017DBD302D275
S31508029B90D846F6F5F6C92DEFE11ADC1F17392D025C
S31508029BA03C1E360DECF4DD44410538EE2A63D6EC4C
S31508029BB01816F4F1B05909FFF3C7ECDCDA35D736D3
S31508029BC0ADE33AC8C408EFC1DF3A2B381F1C030DB0
S31508029BD015057F26DD2DFDC39DC54BE50065B8F34A
S31508029BE02314E0F4C7D8F61DE93B0A1F3F2ED3CF4C
S31508029BF047211137F127DB1023060F2C2CE6D3F663
S31508029C003BE345302C3F1B16F70DD911372724287D
S31508029C1002DF1BF901D44609FD1DDFFDE13AF741D2
S31508029C20EF1F2A3F1D1E23190FF513C914011ADD4A
S31508029C30DA461839EB0207F31233291AD51CFE3A0B
S31508029C4022022EAD06134DE4BAD6FBC819E506FD67
S31508029C50FAEC4739F8FFFC17E126D7FC003B2BE75D
S31508029C6016E72FC8DABD1B191328453DE32ED9CEB0
S31508029C70DC344A35DF63F6631FDDA03231F6FD1B9D
S31508029C8005F0FB050123290512C731EC083339997A
S31508029C90F93623D645064FE1D79C0A15262A39B244
S31508029CA0362B1EF7CD0FF213F832E92A1D3F20BADA
S31508029CB0FD5DB6BECA312B012F27DBD6E847F5E78D
S31508029CC0BB0FF72ADDE51D31CC41E60B4F0616EF31
S31508029CD01306561DDAF82F29D0122323C2120EE1D3
S31508029CE0E2F90528C80ABA1BD71C680F4B57D612C1
S31508029CF0E9FD09CBD10335EC370BBCC6DB29E100FC
S31508029D00DF2CD9D2260C1511F1F50BFCEE350FF91D
S31508029D102E202DE622E41132A1A928DDCF5703EF22
S31508029D2044162C37060B052B3BEF29F52CE0D2A45B
S31508029D30FFF21E2AF103E6E506FD0D0F23E62CB413
S31508029D40B90F123931F3D8300018CE4328CCF0E3D4
S31508029D50EA07B5FD33E311EA13E6F6D2C7152AE395
S31508029D60E5D8FDC42227E9311F1ABA140ADD291CCF
S31508029D70C1F208DE2E0934AFEC191945FAEBF6FDE5
S31508029D80A9D1E81855D4EEDD38FF21F4DE1ED2FB40
S31508029D90DE1C110C2712F5DFD0030902CF1A01D9EE
S31508029DA0C6F3FCF6C76A1AC50D0FBA37BC1916DE12
S31508029DB0F8EFFE28DA13E4E8EB3EAB46D0EF39AF0C
S31508029DC0DD38F7D21F201911021C124CFA1DD9369A
S31508029DD0240B08D3FF28C633323020CCFEFF3A10B4
S31508029DE0CA20182D3D47D718C1FCDB4312081B238E
S31508029DF005B6CDE3211DF8F0034DF728FE24D70357
S31508029E008144E02BE53D0E5D20CBD7E93F133A1F8F
S31508029E1009E9E915DCF4E92F32DFF7E29405F735AB
S31508029E20CAF2F3D5082E261F092604F6F2161339A6
S31508029E3047D705172AC516FA272EEAEBBD2037C5D6
S31508029E40F3E0250E321AD324220DD315EB360FE78B
S31508029E50E20302D3280EE6F40B08CEBCEFFD1B2A5A
S31508029E60DFE2D1051BFE2F1C07EEF9FDD8D102F55C
S31508029E70E71915023814DF270218F6EE1FD41E0258
S31508029E8026D0E6EE162ADEDCDC31E2D8F5080EEE3E
S31508029E900B170714C4FEF0F90BE3F21C19C2CD6ABC
S31508029EA0C50933332258D3E2C0D4E3EACA38DBE120
S31508029EB0D41F0B533F00140B2867B9CEFBB62BA54C
S31508029EC0C03EE4F4FACAB0E651F037231409F9F1B0
S31508029ED0D9F9A933D5FFFF2F4416C326F2F9FB1386
S31508029EE0EA184225BA19130825FAD1221CC7C7311E
S31508029EF0250016E954DB30C200EDD22FD8E40AA2B7
S31508029F00EF38C3433B3AD13EDC2931EA33F209350D
S31508029F1030DCD235EE34DA3106FB3A32E8033ECA91
S31508029F20C6FC131A083714030AF40ADCF838CE2AD0
S31508029F30EA3513F4061749FCDAE6B21AFBC427D146
S31508029F40F01DFC24EC34E40F10E1CFDE200DE62EE2
S31508029F500B2AEB0DDB10ECDBC134F1DFED0CDB3C3D
S31508029F60C6E0C71C2F07C83AB307123AE11DCD1B34
S31508029F70DFE7021502FE11FBCE2820492F0D4FD42A
S31508029F80942E2D251FA2A8F2FF0F4B2819DDAE50DD
S31508029F901B3BB305CB53EAD8DB76D418E31FCAF6C4
S31508029FA002D829CAF52ED394B2DAA256DCDA512996
S31508029FB0AC1DE22A31901499F81E1F433132FBEA8E
S31508029FC02B0AE44620C1E4EC263DE65E0329AFBA35
S31508029FD0BAA3B50016E519F60E3434F5CEEDC8095E
S31508029FE0B3210C16DC7457B4E53E0E12393CF8C19F
S31508029FF02F1E021DEDEE18C726E40D5B1DB007D90C
S3150802A000B905A5F7FE5504CED5D6B8B458CFE11D85
S3150802A0102722DE3103D2D908F77A0BC10F92C84933
S3150802A020CDB242BEC649C6444814A56AE9BD2561F1
S3150802A0302B38B5DC4CBA612626FBFAF66107BBE576
S3150802A040C7E1016509C3B9391FB6F4DF364501F917
S3150802A050A9DAC190E36A1BE4CAF4CFB6B4DE28C80B
S3150802A060BD15BCC737531F40FFFFB4CF96D6510B59
S3150802A0701ED7D011E9A3FB274119990BB3E013ECBC
S3150802A080F1DBE1EDC8EEC8CEDC22F1B2CB43DBE46C
S3150802A09000F9B2E7CB0CB5E132EE172E05D95B58BB
S3150802A0A0255010323A5336DBAEF1B5D3E0E00577E8
S3150802A0B0DFC8E52F1539471CCF43C6F3DDD75BC684
S3150802A0C0D1542F1B4BF6302905CCE444DD0ADF5761
S3150802A0D0BB154B38C04829BE7326AAB5F2B739DB79
S3150802A0E02E4617BAF5FF19B42145DEC0F5E2434BF1
S3150802A0F036BAB63658DBD3D4EF0BDCF6FE9E2C976F
S3150802A100A75FCC383F20BC11E790FE0C81DAF05DE0
S3150802A110DBBFCC1748F1FB0F721F172B20DDC1FEE0
S3150802A120A373F05A2C7E2C0A3E3C9017EDC0EE63C0
S3150802A130F6ED1068420534F34D610EB0378BDFF445
S3150802A14019E046F0CA06CBBF1924394BA4ACF24B28
S3150802A15021B3E6AC392BF3DB1D51F2ED9A9A26D7D9
S3150802A160C843E4371F5138A3F4CA275732BB0663DC
S3150802A1702ED2360A37EBD5A7D139A5403014CEA64A
S3150802A1801555D3BACAB5D9611DB72043411FD5356E
S3150802A19009ED37BF3550B0FA03393546F32A4B5A1B
S3150802A1A031E743FEDB3349F0B9FB0608FCFECA6B0E
S3150802A1B0262BB9EE5AC742D0DFBAA7190C34CF1BE1
S3150802A1C04A4B22391EC916B5CF241F2432DCD0D5F4
S3150802A1D0D91967E9E70E027803DE1CB8D750AA1C1C
S3150802A1E020143FC2FDBA150939612B194E4827FCBE
S3150802A1F04855072B2BCF2D13C4320AF9D1123E35F7
S3150802A20006A532B12DBE5BE929414BCE520517157B
S3150802A210C23BE92431E5FC492CEFB130E3CAFD0F14
S3150802A2203002C5A34C98051A30DCB12871589E1322
S3150802A2301B406122031DDC7AC5E30E1EEED4BEA2C4
S3150802A24019CB28C3B52125FD103D02A05D0CDC1DE6
S3150802A2502A4533D8FE19D5EB8ABCFD0ED44DB80C67
S3150802A260B916E5DACF012FE746E1890245D735AEB9
S3150802A270261249C245940E1B6205E6BA36D5086708
S3150802A280FD370CCFC64BEAA9DB1254E34FF3C0DB0A
S3150802A290DA666937CDF0D51181BDAA18E64803D822
S3150802A2A01BEA00EF20FA2BFB23015A261A38FBA3D6
S3150802A2B01C5030EC0BD3D3FCD1EE04292BF83ADF31
S3150802A2C01EDB5DABDE09FE3ED1D119B84302DAEDDB
S3150802A2D022EA53E7BFEBDC01D517B3F323F4F900FF
S3150802A2E0363A1B1316E436CE4449072A0335BD17F8
S3150802A2F030E15D3FCBDB02F2F2A7F2B65940D51D3B
S3150802A30005B4C9B5C89EC52AF8080B2125F6E5B8CD
S3150802A310DD5B4EE6B4D604EBE99DB809EE17C54BEC
S3150802A320D6AE27A4D2F5F0C4475AE9B4F9F1D8B0A3
S3150802A330D8CDDD5099BA49F1F2FCD5D92126242384
S3150802A340CFF0CE40A92A5911B0F7FB27114F3D028B
S3150802A3503B51E457CBFF0734A4A409C2E648EBFCF9
S3150802A36044E43CBFCC0BD200450D512B7B21A0F80F
S3150802A370376B08CAC0FB27E460C1A5A4124D2C534B
S3150802A380210C4A46D9B52226C8173CDD0EE93EC835
S3150802A390FD6704D8239F4E42ABD7E919C2DFB65EE2
S3150802A3A0ECB2DCDBB31632081040F80D5513213136
S3150802A3B00747E3FC1BFBCCDB3341CADACDC11E9D42
S3150802A3C0C334271D3496F932B8ACDDA9DCEC082172
S3150802A3D03B5EA207B60BC558101D3F1DDD62E5128E
S3150802A3E031E84AFCC6EB21D445F727BF012DFD1BF0
S3150802A3F002013706013E004F3FF8BFE147B2262168
S3150802A400DFD3DC5920CFFCD00938E10CB326F63E5F
S3150802A410E811E7E8A506F526F93BB2D6D10C1EE9FE
S3150802A420B8C2241FDA01FBF1D7DDBEDADAF1E9098F
S3150802A430F4D3B502F1B408ABC0E82BEB092C2ADD3C
S3150802A4400525CF152637112328C7F901CD1D324414
S3150802A450D7F313EDD23725E50323FB06CDE8C9F377
S3150802A460F728F93126ED0918ED1CF6BFF1AB2222C1
S3150802A47023C813FE463EFFC20B0D1D4F06100DEEF6
S3150802A48017E69C0B163C05CD37D8C212FEB9CF0487
S3150802A4902AC9B31DC7E2B5EB167FE9C023BD2FE46F
S3150802A4A0230BC2D627F03FDACDCDC9E1F1150B5EF3
S3150802A4B003149E111AF92022BCCD02B80BF60B081A
S3150802A4C0041FB538010D051FEAD1CD613FFCF848D6
S3150802A4D0CE1B0BBC364106EC6315C6ADFE4BDC1C27
S3150802A4E0CAE1B7D930FC3DB42637D13FFFAB48E2C3
S3150802A4F02F082CA6CB2425AFBC1842F5D5A44D337C
S3150802A500C827E202AD1703B8102D3948F80AD2F562
S3150802A5102FA9D10EE5DED4CEFBEAA4ED2E0CC8E3B4
S3150802A520BBFCA514490B27C4E0D9F1F40E092C4447
S3150802A5301C9DC8DDE72915E7301ADD5521CA18CC56
S3150802A5402F21ED4944F6E4261DED02E0EBB0B632C2
S3150802A550359EE3FBBDD70ACB612DC6C9A20C1444AE
S3150802A560F417CE38DA501ED32B369564BEDE14564F
S3150802A57039C7FBB85317FA0AD2053FA93AE62E0895
S3150802A58038001A2FFC3A1EFEBBC341FFE3F21060E5
S3150802A590F306EFFFC53AD620211517B713EE1F109B
S3150802A5A0CAC016EC24460CC8D1DE1AE5A100D57439
S3150802A5B03803282A2D4EC3BFEE1DF5C527F6F7C95F
S3150802A5C0B546D6E4174D1EB01F380121042A007479
S3150802A5D0D01BF4BFB92BE034361AF9EBCBD33AFECB
S3150802A5E0D8BF27653F3E36A9E62F0AE3F819DD38B4
S3150802A5F02A2CAEF9202240B9D1D1D5FF44D4D81796
S3150802A600E124C4C037DBFFC331DFE22317D4E82DC8
S3150802A610120C02F0BF472005667A3B02D3A123EB50
S3150802A620ED34EB4920121CAAD6D9F70E16DFEF1124
S3150802A630D5FD0D56CBBC53F000D4B1F203F5F12784
S3150802A6404F2EEA1E3AF657C45B2D3A13C1D0ACD147
S3150802A6503511E835E4E5D64CB4E2CCC1D4E7C216E6
S3150802A660035903B914EBC5277EE737E36C180114BF
S3150802A670254F62E4EEDDC062BB13B5D2291E2BF369
S3150802A680040A1204120017FABE001522261B12BA71
S3150802A69015D4EE14D0032166E9F734084F3908E6D3
S3150802A6A0EA0F3DA820CABB36EDF907F542E1BEF727
S3150802A6B01CFF2904E0CECB331ECFB6F73CE823DED7
S3150802A6C00E1D22B7D6270215CDBA25B4194A09EAAC
S3150802A6D0CF23192BFD1AF65FC7263FDAC5D51EC545
S3150802A6E0D4E306B7F70529171AF1EFEB4C1606B2AB
S3150802A6F0C5452D0C0CFE100B3110BAECE501FE54C3
S3150802A70028161C243ED5260D24D5D5A25317AFE804
S3150802A7100BE5050631F65A4819050A01E0E5D5CFD3
S3150802A72033162EF702CCCAFC102825BD6621C2159F
S3150802A730F0C92925B929D4F832BFE71E5EC3E0CF8E
S3150802A7404025F3C0CBF815C22E0AF317E41806E122
S3150802A750D3D11020FF170667DFC31CE62733EAB3F7
S3150802A76055B90EE0E1CC163609DBDE4006D0DAF43E
S3150802A77021C232091A2D05ECB9283C053304CEEE5E
S3150802A7801A051ED4E6D631F6DB24ECE43BCDDC3CD6
S3150802A790DBC6D8F9EF14CB4EEEB919EBC5D8B6FA23
S3150802A7A00C100ED8C0220A014B5BDEA5E3C81512AF
S3150802A7B00A192630EBEF3614EBE20A1A3CEAB5031D
S3150802A7C02AE1F92BE7E9E6F432275BCCC9D30FA5D0
S3150802A7D001DB4C3DD7F6295FD2D1E605C861F3E91C
S3150802A7E00FE744C919D4DE21223120495CE4CC3171
S3150802A7F00029F319C71FC30C02EBCCDE1CD0CB2DE4
S3150802A800E501CFEEC6C8F21EA3C6BCEE3732294012
S3150802A8100419E137F9F41B0B1FF9091D15080FE88E
S3150802A8207FE919F9E0BEC90625FFE638673FE62A39
S3150802A8301BB8D1B0B33CFDDB20960EF6E047E61F07
S3150802A8403EEBECF932E727C1C40137C80CBD24092F
S3150802A850DC0F3DDFC7E8BD6CF1FFD3CC2F182A25E4
S3150802A860D438CEC9B7F4BB3EE7E12801EEDDFDE7F1
S3150802A87007DACD1D12E647E041D5E72D2F28ED442C
S3150802A8802B1F28F7DBDA1E0BE8DEC3D03D0C04EBE0
S3150802A89003FE44F3FEEB3744F1F0040E2E141FE8D0
S3150802A8A04326E79FC41EE7D726301A131A48C4C799
S3150802A8B04310DE0FE71A18FE1FDC1E17280431F5AF
S3150802A8C028F907AADE2F4532EEC30CFB260827C550
S3150802A8D028414F7430C70941C62B110400F3E4C15D
S3150802A8E035310FCFCB1CE50709084937E44C1BA0C5
S3150802A8F035534C023001B8FD2236FF1A0A43374F48
S3150802A900DA1065E4E7FA18D928E5F14504EB29D304
S3150802A910FDDE5E07C6DFE7F506CFDC02FE02EDDAEC
S3150802A9203FC7EE27D817AEE3E0353EC7572C24B704
S3150802A930F2432D2CD60B1D2B35F4CF42D320DAEC5D
S3150802A940CA1AE5F8121907C018FE2F1C00FE0CF2E7
S3150802A9502E350C02D4CA36C5F90808F6036727004D
S3150802A960260C0713BBC820F3373CE9E254D530A4BA
S3150802A9702525CBB70F411A51DFD5DFF1DDFD21338E
S3150802A9800530652E133FE0040AEA31BE05C6FF11FB
S3150802A99013DDE913EFEDDA04C407D4402C2CCA3AC6
S3150802A9A05509FEFBB6DB16D63A3EEFE83615FFE842
S3150802A9B028D7E0C93403E029DC1A14D7E8F2010AD9
S3150802A9C0E3D673E7C5183112011FF401F81C1DD529
S3150802A9D0441731020CF1F7ECB138134323153BFB4C
S3150802A9E0F2B9FC2ADFBA1538E1FEDBDC33F9D10706
S3150802A9F0001A3EE1C1E8E2154948B2F0F5E5093523
S3150802AA00C80FD5EDE6E430B8C9E6E4D11836D40461
S3150802AA10D8D47F58FDDCFA0F0328C612FC29172F53
S3150802AA20D9F3F0B60CFFF2EDE0EBE32B4C1BAEC903
S3150802AA30FD0105EA3AF2C9F1CE0429C837F20E61D8
S3150802AA40CFEFF210F70C44C70B15E7205CEE0C1D8E
S3150802AA50DF5A1C5F05B600DFC8E408E23C550D1B49
S3150802AA60EA1FD405D9FE09C1E658E7D847FBFEAB6B
S3150802AA70C63CDD25BDF6BF09DBFEFD03DF5B2213FF
S3150802AA8045D005F23014F60EF9F702E952F1F29BB7
S3150802AA90F06330DDF6B1F160ADB128E80510EE35A8
S3150802AAA047B62235FCEAEC43E421DFEA41153308CE
S3150802AAB0D42DE10DE1FFED3F223DC82BD51FB7513D
S3150802AAC0341AEDDAB61426EDFD66D0063FEC20C13F
S3150802AAD009785A14FCEF04270D2B03013219AFD655
S3150802AAE046FB1829DCFB19FF1F09E63D7F04DE9E9B
S3150802AAF0D7130FEC28520063E93EDFF0F4512E34E7
S3150802AB00FFE854D3BCED3C23F04E0A1438CACDDD17
S3150802AB101AF144E332093A3032B3C1483B2CE120F8
S3150802AB20F4F11DD244FA123507EE07E7751A03CB7C
S3150802AB301A00D90BB54828F806D3FEE9D022DC2834
S3150802AB40B4E913F1E035F11AFDCCC71C2FEEC41D8A
S3150802AB50413FF1FBDFCF2914270A02F74F1E1E31A8
S3150802AB6029C44CFDFDDA225D265F151741523F883E
S3150802AB70DEF4EBDC30F433E0135220DE2E09F96101
S3150802AB8056DD0A31D03BD42B0028390C0D07EDC50A
S3150802AB90CEEE2D352B1468C8E40CAFFD301BDEDB78
S3150802ABA0231F28E10AA505244652FE0F2DD4C0CF3D
S3150802ABB0BE38B02DC055EB4BCB120E5747F516389B
S3150802ABC0BCFF59C50E15BA0927DEE0E9E7393DDCAF
S3150802ABD0F3E7D2FEF21324339CF20243034843E519
S3150802ABE0FDEDE12919A7DD3331153A0E3553E3CCCC
S3150802ABF0043C38DBCB6BEB5E300117F941D624E116
S3150802AC001BC0292AAD310BC21002CEF2323CF7B074
S3150802AC1035D9214C10141D2D2517FE421701D30CC8
S3150802AC20FE490AF909DF3F0F2F1010F02542AAB094
S3150802AC30174E42BCC5280BFF17D6F1FF0DF3C2EF1C
S3150802AC40CAF5ED31FAD6EEE6E129FD0AF7EFC2AE0C
S3150802AC50073B74493F0E37D2E7AD1DCD5730E14465
S3150802AC604910EEE2D3BD011440F335085C2EF80F05
S3150802AC70CB250FE9D04C241DBA14FBD809E2F2B34E
S3150802AC80131020251709CF2D11EBB4BE3A29B7FDAB
S3150802AC90192ADC0DE0EBFA5EE01BE2E8351F1649DD
S3150802ACA04F1F0D24D1AFF0E4013EE4393851A31702
S3150802ACB0051D2D0E2711FE3A0DC3F4E90F30DAD31E
S3150802ACC0D227C22605E4FAFA1E00240630F80DDB5E
S3150802ACD0E61A40BB3916651ABF0B07D2F644044773
S3150802ACE0073A49359CEDEF521814BDFF392721EB77
S3150802ACF0CF0B2AB23101F8DD0703B42B09E339FD7C
S3150802AD003CE40D30DAD811D4F92AB4F925C41B0368
S3150802AD10E4403865FCF5D0FA02B9BB09DBD4E6FC97
S3150802AD201B2441121CEAF00C426407DF7877ECFD1B
S3150802AD30E94632E2EF2F373E34D0A00B25F0D46E27
S3150802AD4042E5EBD11E330AD6B94541BE344E110B44
S3150802AD50111513282BCCD0EC05E931FC020D02E0C3
S3150802AD60DCF637EE360EE5DC224C4CCC6A5517EA91
S3150802AD70F7D216F6CF49255DA2C3B9F616183F4E85
S3150802AD80213C0CE1B213F0DD20F03639E731E6DC7E
S3150802AD90D0D41138D32824261B991CD2E70C250DAA
S3150802ADA0EFAE0B2CE2F7D706D2D3C2B6FD35BBB946
S3150802ADB0B7066236C2E6D23AD826A748DA4D3DCF5A
S3150802ADC0EB3EDB0ACFDFF23C1DF0B6F7C8E0F3B67E
S3150802ADD0EDEB10244AC76503EDEE35D9B8F1BD345B
S3150802ADE0430FE3C31428C7F4243FF1261C4C11F77A
S3150802ADF00A3F3106B244377B11D6F1C7F11B055219
S3150802AE0038FDF117E2D8FF0AF7E315F15DF7E917FE
S3150802AE1037D26FFF10B5504ECB0CDBE60217FED7C2
S3150802AE2015F032F62804D23016BE03C47F0A391347
S3150802AE30E901331E2206E33DF606E9EC050DAE0CE2
S3150802AE401CF505D8F40CEEFFD1271C1050C327F6C3
S3150802AE50C43C360A48FB0E261611BAB05729C7A5AE
S3150802AE602E04CCECD2F9E42B4DB73F0E49F13DCF77
S3150802AE70D0F9E107FE34E5D337CCA6F41AFDCAD4D5
S3150802AE803BD80BBA312AC71BFBA72D1C100BC7E0F0
S3150802AE900EF34E0E37C4666413E237EE0F47F8BF59
S3150802AEA0381928A31BFB02DDE7F9FC3A0340BD0E5D
S3150802AEB004F028E9C6FB4C7327D7DCC64A113E03C1
S3150802AEC037FD1F1002E511D534EF2EAE11B30CB6BD
S3150802AED01ADC65F2290AD834B0FD1CD9D41B211A0A
S3150802AEE065C830C1FECC022D20F634145369E7BD7D
S3150802AEF0CE00D8C704F20139BE24A50C12341F3A73
S3150802AF00FD3B67FB85C811D318D828D82725CB1B44
S3150802AF1036294B0D3C07DD2CF3AA39B7422FB2F17D
S3150802AF203A8DB417DCFDD1F714F13D0B5626F0FC29
S3150802AF3026E4DBE9E354223C1EF422116EFCC81E09
S3150802AF4040A4C8C619A80EE7102810E90F32C0484F
S3150802AF500E2914BE8FEFE7FBA2F7BDD92D12215E8B
S3150802AF6000BD19EB4ADEE3E522F928CE15D9464794
S3150802AF70B3E335119CCEF508C7CF20E21156B2C10C
S3150802AF80EAEE083B33B020D7CB2113CBE6C7DB2248
S3150802AF90F7D9DC10C7F7C723CDCD11DBFC12EDDAE2
S3150802AFA02A00293442BF02255505D2143402D9E5AE
S3150802AFB0FCFDE05B18EDEB11F0C818D2E614F3C1FC
S3150802AFC0BEE8F1331BDA1F19CC4FEF2BEACD0D0180
S3150802AFD0EAC33922111C0A45E62B0AC333EC28EBCD
S3150802AFE01D28E1D6CEB7A74155F0FEE00DDED5ED18
S3150802AFF000C70EE217B8EEF528191708222538F702
S3150802B0000BC0E2F2F6D86BB19FEBBC28C2022A5EED
S3150802B0103638EBEAAAE9D93F15E7F6315404E2C70E
S3150802B020B9F21E487D1C3905C2F3FDDB0D3DF3F866
S3150802B030F20B3A0708DA0F35C2EB01C8F909D6B797
S3150802B04034C6262B300750F9DC6EE81CEED61148BA
S3150802B050F63AE4D9D5EBBD3A0EA2E01042F5250F31
S3150802B060C7B6C95062D5CBC833C5E7C748D4041F8B
S3150802B0701EF83346F9DADDD1189A3FA329D70B45CC
S3150802B08029BA1727AE0AB6D8181FBE38F51DF2D93F
S3150802B090D3EDD51DC231E3752AFFC7ABF0E9FA3FF6
S3150802B0A0DC14C335EB05E65D1532171636D2CF56D4
S3150802B0B0FF3B0ACB24BC10DE26CEB7013168CDFB96
S3150802B0C02EF316D6CEBE3A140B1D06E8F615EA2B53
S3150802B0D0B7FAD315EEEEDC5DFBFAFCF031E03E0082
S3150802B0E0D532D51A17AAEAC72DE941F251350125F3
S3150802B0F0CE0126E4C2E028043ACA0B3D5913EBC036
S3150802B10049F1314330120A19EC7FC6D3DF56CBF523
S3150802B110A302124312D8B9091705F1EE461436F1FD
S3150802B120023E1B39FA021EDDECE006C93538DB158C
S3150802B130C215514ED0EC2A48F90AE200373AE7E836
S3150802B1401A28CED0CDD637314E07F5F928C6EA39B0
S3150802B15003EFE8DD11249E3827CDB10CF0F9123041
S3150802B1600C502623F3340A25335F2E1D3CF1E916CB
S3150802B170C81FFEE02F0CD5F5E62100E1B508E6B5B5
S3150802B180C43B33F72B124547102F114202DA295ACC
S3150802B190C706E9D8E5602207F43E163AC5014DEF1F
S3150802B1A0C1EE116BDB212BE5FBAACE04DAEFD9E956
S3150802B1B0FFEE0C0BFFC529E2B5E9D63A6914232638
S3150802B1C008F2C213CFC2293DF762F0E7CE0F1A5F23
S3150802B1D04CCED1E92F070F201DED1E35CCEA0D7F87
S3150802B1E0F210140E18EFADFCC51921512CD3B9E78C
S3150802B1F045F61B420D28C0B81DFE5D250125F5CF73
S3150802B200451CD80718E4DE51EBC0C1C131CB06F3A1
S3150802B210D3C70B3ADDFC34C56DE2EC13D607DBCD9A
S3150802B22010194733266FCBE9D412BB32182D114AAF
S3150802B23014F3B82F2CD3E01EC62944D2E5F0EFEA60
S3150802B240C2B32B43FEEC423C1246CB0ED63AD4741A
S3150802B25019BC08DBEEFF2EB9E42A210A1DE8EC1E0A
S3150802B260DFCCB4364AF50DD1A42F2331D8F22235D4
S3150802B27029F4FCDFEC0302AF0B1B24F300B8171208
S3150802B280B4372213210F5B2DDDD5C1F1F7D0BC10DF
S3150802B2902A06F5F9F3EB22DB631BC86A00B8D46900
S3150802B2A0C701992132422E12A8A60B232C172F0367
S3150802B2B00AB3F741E914D8CDD348DF25F2BC1BC837
S3150802B2C0DE439F03EE0CC6ECC9E63CDCE8C2C25B71
S3150802B2D014B1B124C8BFF1C2FEEEEF17F1BFCD28F3
S3150802B2E0E8C4DD0BCA5B05C323FEFFEB0722DC13AA
S3150802B2F0EAB493C801D1CDCEB7C735C40616E51947
S3150802B300B52CE3D14518411AB546034CFC50B80C86
S3150802B3101112B608180C36E90E171C0ED5FB0C0EC0
S3150802B32007242F0132493AA1E6C6EEC3C81102F133
S3150802B33013F0B1323F0ECE16003B1E0ED83530D86A
S3150802B340E6DCD74315050CBAC7DC2AEC4344CF1D05
S3150802B350D3E3270DD4E32BEAEC3045FFC1DAFB3CF5
S3150802B36012112D35025B31D4CDCF4D09DBCD041335
S3150802B370E4C8F5DB20C30C10CADB543829FCE8D52F
S3150802B380E2F697D20501CC2135C134F803D0014A39
S3150802B390EED42F0F41E51BF61451B8E8D9D227E8A7
S3150802B3A031F1D910487529D6D1E532D309FD523182
S3150802B3B011079E0D0C28BBCB100D00C3BE09A72F83
S3150802B3C057CE07CDE456333DCBCDF61D03CB3D1DF7
S3150802B3D002D776ED23BE69F61EB54EECEAFCFDBE33
S3150802B3E0F9224EDEABE3DF3CD60268392665E581F3
S3150802B3F03971D321FB1CEE1E3E30F50F341FFA635A
S3150802B400D4AD1DB9F0E4DF2DBBF93EE03ECC32B92E
S3150802B410FB61370219CE45CACB05BF25060718CCEC
S3150802B4202BD8D022F4362EC646EE45E2FE4703E670
S3150802B4300ADEE1181A232E3C00D9E333B76E02FE60
S3150802B44052D40BCCFCF4FD4B4D1F562EF23421EA96
S3150802B450E6673F2414915B3AE9F0E2F3404123F1AF
S3150802B46061F0E6480321E9EF3AE400344273D1C2B7
S3150802B470D3CC5BCD0E35B30BB248F0D40438A15405
S3150802B48045E0F1AB20470C16C522D50B33DA300C52
S3150802B490E13340603D08FA150C0F251B56FE14329F
S3150802B4A0232711C4AC0119EE262DF912D95325E921
S3150802B4B047FFF8E3AF4DEEFDD4E5EF043831B1515D
S3150802B4C04CBB09DE03400A21FD3D26B52217F0B919
S3150802B4D0E4F47B05ED302EBAFACD5044EE5D3FF02A
S3150802B4E0D9DF1F46E1B83504EE1B5FC7FFE7B9B0DF
S3150802B4F0C35BD2DA49DA3A0B1DF5AEF0F51FDEE484
S3150802B500DFC75AE845F0603DCD4ACE42BA0BDAC3E8
S3150802B510115552DACCA06B190502E0C2633416F44F
S3150802B52042F641A91F26FF3CE9114144DB59C6AB45
S3150802B530B56379DF2EE7F92F37390E59F2CB335B2C
S3150802B540D93E2405D4CD1204E20827C968DC12AE16
S3150802B55019ED0C4960D229B3B3A72238423119CF63
S3150802B5603804311196E91F16E92DE33CDB48D495D8
S3150802B570223AE200DE56560ED209E31B0655270288
S3150802B580DD093749BC47FAEF20F6E2BF66FB0399A5
S3150802B5902E062C5436212B09932B24D1F32816C6B2
S3150802B5A04DD8C6BAFDE5C828F1FA40F1CC0C3AC224
S3150802B5B0CBE8E5ABDC4E18665723E5C12ADB1CDE71
S3150802B5C047CC5A17F1E7E3E9FBFF42BA03ED01005C
S3150802B5D073E7411934E4391796BA2014FAE7EA16DA
S3150802B5E0F41D2FE535FF2C54CC962C2005550BA6B9
S3150802B5F0CB6818383BF21604DB3C0F0100DE40CA62
S3150802B600D256D8DAA7FBEF4A38B1D10227C5430288
S3150802B61014C42B114D1902DE14E5C43AC35318405B
S3150802B6200D3F1328B617D41817372E60B1D9A305BC
S3150802B63023D3D9FC0D3468D8D2DBF43FEA0C32D5D1
S3150802B640EA5CFDFFD70FE529E512F3E0D6F9F82003
S3150802B6500A25F1DBEFF30F21EDF04A11A902E429DD
S3150802B660143A11F1B0FF17C835AE0824ECDB0AB854
S3150802B67050BE241231C8EC37221BF50CD9064C14DD
S3150802B680DD264F235A3D131437151DE304BF4DC358
S3150802B6904ADADA2ED3EE5813DC423A40C7DA3C01CC
S3150802B6A0DADB2C192F2928B33D1E08D4CE42B14223
S3150802B6B040DCC15643FA0FDAFB184D4BCA1160A893
S3150802B6C01F2A3226B9FCC1FEE41A341243D80A0BE1
S3150802B6D05516F228EB2EDC0517C34DCBB84F022EB2
S3150802B6E0ECE6B2FCEF5909BEB97F225F401A19FF90
S3150802B6F0031448EF26DAE31B18E834DC1734422F22
S3150802B700DC28FD13F620B50531F5CFF2E246F92716
S3150802B71003C1FEFB16D003F7B3C950D5D0DFCBBDA4
S3150802B7200B27EE4A02F8EF22F8FF135211DC0B3C04
S3150802B730173F30B8521723EAE3D6BF0717B217D80E
S3150802B74015DFFCE14163172E4DCD24E2E948EE40B0
S3150802B750590D1CFCE6DE18A6D91639DAF0EB5BDAC7
S3150802B760D3FF28272A184213AEFFFE451B321C15A3
S3150802B770E62C2A35432FFA11DF2313E9DD0B42DFC4
S3150802B780E6471DEE3715FC51F6A1071549EBFAE413
S3150802B790F72BFD0C0E38D0DE46E841FBD2165915BA
S3150802B7A0FABD21C7D660E5C1BE08E154AFF608D492
S3150802B7B02DC6E82D11D0D4CDDE1DF70A303121551C
S3150802B7C03D2FB93F13D5302D20BA13ACF5F61BF62B
S3150802B7D0FAEAF935F21CEA1BC112E0FE30FAF24B1C
S3150802B7E03021273F0327FF0B1EE5CDF3F0BA0BE105
S3150802B7F000F6F8FE2329DFBD2E093970F51E0DD590
S3150802B80007E8EBFAE5682D1FF4C452341F00F2DB91
S3150802B8100FC1EEF5DA19D1BEF20A14F6DEC057D810
S3150802B820FCCC16FBCA0B370FD2EBC928165932EBDA
S3150802B830F0265B4C1509F7BD4012DD053A1208459C
S3150802B84025B2FAA2D2001BB9D7B9F8DA19BD39E27C
S3150802B8504BFE4C5BE5E40CC5EDE4FB026267FAD4E9
S3150802B86018EFB8C0A52FFFEB38D9003FE6FA2F9E8E
S3150802B8701928DE0EAA24DC152E34E6DE20480146F7
S3150802B8800A136101074FDCB3D324EEEFE5FCEBB8EC
S3150802B890054D453923EA511FDCF8E345E024232602
S3150802B8A00B191A1A40D7E8C83BF01ADFD531B2B2DB
S3150802B8B0FCFECAA5365C0A303603DE2B0458296B11
S3150802B8C049E7E03BE9151CFBE4E7F7BFB4F6CBD43E
S3150802B8D02C0900F410EC1CDBF4C8FEFC06F40C2060
S3150802B8E078BBE135AE29444216EC4AE91E05ACB0EE
S3150802B8F0354C140008283F20B800CFEDBE41C733A7
S3150802B900BC48FB260A2B351AE9D7DBCC0F38D0F30D
S3150802B91031624545CCF41EB59DB3254AD34D002563
S3150802B9203A46205131ECD725BFFB1D330AE6C095AE
S3150802B930370222FDFC15FF2FE83DFF30203AD912C7
S3150802B94043E75919B7F3F44EBB29CAFF14C9E234BF
S3150802B9504E2801114CE71CD6B417FF490340DFD124
S3150802B960511C495702C3D3D3142305CEC950C9B2B1
S3150802B970DB29DED80DFF3F27EB3A152B352840DEAB
S3150802B9801D1638C912084AD5DEF660ECF353F033B1
S3150802B990F6201A334DDA134617212A41343917F895
S3150802B9A041AC14F6CEAAFDFECC1549EF0612A6D96D
S3150802B9B0D0EF35DFFB15105FD128EF5107DFBDEC5D
S3150802B9C0D9291597B13AC7E8DE4800D322F9D51B1B
S3150802B9D03C2B723E23262822AFC717EA452F2DD6BF
S3150802B9E01628DBDAF30ABB4DFAE724BFE5271AC69F
S3150802B9F0043020BBAFFF393C27D8EB25B60C3310F1
S3150802BA00F2162B2621F133370ACBE5E972231632D1
S3150802BA1020205FE3553020B39FC23B3327F6F40755
S3150802BA203FD42FE6F52ADE25F6FF26031D600A9285
S3150802BA30DBFDFE07E765DD591EDDD72C24341D40E4
S3150802BA404B1701C20724D1D90DF4DB04EFF2D1C496
S3150802BA50111841CBFDC566D5E1AD36F0BF002AFB0C
S3150802BA6050F81DC62111F9EBB61B31FCC130B9BD20
S3150802BA70447F0DCC3A1E3A54F7D90C32D538E3E155
S3150802BA80CFDA16DDD2EA342C0C1303EEF127ED8158
S3150802BA9019B0FBF928B61D6FFFEBC5A0EC493CA10E
S3150802BAA00E024618E8E7E9E23F2C2DD16637FBC6B7
S3150802BAB0D6466E165BFCE93A0AC3BBC6AF5910DF17
S3150802BAC054150003C61316114CB9F6AF27BFD00595
S3150802BAD0F1D6C1EFFCDC5635182CD1290DC9D8C2CE
S3150802BAE0564ED01404EBF6CD305611BA1058FA2435
S3150802BAF00CDD6532FC0FC54B19C907C018DE33C207
S3150802BB00F447C62EFD3F4FFD874FE7C3443A2DDC67
S3150802BB103C2FE94835201C420C0E42A80A3011F483
S3150802BB20E1D1B5CCEACDF54AB93348D46A4B3BDE06
S3150802BB3038EAD1CAF40BE637ECB70BC1E4F6C7E02C
S3150802BB4049EA4741C3D2ECC5EB2DBE19FD11118D49
S3150802BB502824D36CF9B21E3AFC0BE10CB103C3F6E6
S3150802BB60DAEE3CE82F46D2A643F0C8CA50C40BEE1A
S3150802BB70B7E42F0BDBF207434B3ABB0514F5DA475A
S3150802BB8044D836210043C1F50FBF0CA51A42E1037A
S3150802BB90E0EE454B2DCCC621CFC20B3805E833F370
S3150802BBA018F903F0CB24B9E6E1FE3DD3133027C6D4
S3150802BBB0224C72D0F1CFD3E7CE2C20C4EE12FCDE93
S3150802BBC0D74CF9E312B5E0D4C71BDFC8FA3CF2C278
S3150802BBD00511CE6BAC174A55AC20E6CA3118C4D14A
S3150802BBE01FB3BA1BC430CA4F15EABCBA2CFE30D4EE
S3150802BBF0BD1048EA431FE5332DFFEF0C08CC43CDB1
S3150802BC005D0FFEEEDDD930BCFC30FFF540F4DA9F5D
S3150802BC10B60E33F0E9F2DA1EB3CDD322FF59101568
S3150802BC201AE042EF04E2CAE31557FB0CF2FB13BA19
S3150802BC302ADC5134491534D64CD5D218B308462DC8
S3150802BC4036CC18CECAF518F436EACF002BD9F10D40
S3150802BC50CB07C974ECB94BF71F10BADE17D3C6D394
S3150802BC602CF502D4F1FCF6F8061AFFC6531B03ECB0
S3150802BC702D6D47222BEEAFD8BDE5DDF8AF3ACFDA08
S3150802BC80D3E33F0A061A461BC20715E30E3DC72E23
S3150802BC9032CB1023F907353E40CDFA0FC0B13CF43A
S3150802BCA0632B28EDFFDD115ECC263A1FF8C734BA9E
S3150802BCB0B3CCE3EAF6FDB82E1424C7E06054DB17CA
S3150802BCC0722A5421CECF3FFEC52700FEE84AF73135
S3150802BCD005ECFC4C01074031E0E113C340D9B7ED4E
S3150802BCE0110DFDCB020CE5211C1DE5A8122C2229FB
S3150802BCF000DD21CFE62BBA2FDBD449D321182B2C12
S3150802BD004AE108DB1A5810C3BF0C312B48D238C592
S3150802BD103222064CE5C132043111D3120B10EF2C34
S3150802BD20F231DE26E617A5D5370FD5075323B4FD1C
S3150802BD30C3E2080F43D0FD59320109CF511BFAF865
S3150802BD40D9EE0D2332F9EEC91750AC3D2B23E8EA9A
S3150802BD50F00CE82427EBE136E1DDF90CD7DD2E27D6
S3150802BD60501ED2F7AA034E35F97F18A91C293CECB6
S3150802BD702F2716F33E0240CE2DFF303A3E5CD344BF
S3150802BD803CE516C20A25490B1E5E12C5DA47D3E6FA
S3150802BD905B225468C2ED3509EBE700F34642444993
S3150802BDA0E11C5C1140E711E6D217EFDFFD53CCF830
S3150802BDB029EAD900E036342729AED1F640D13447EC
S3150802BDC0FBBF32CF16D20003EAEEFA143A2E3BF53F
S3150802BDD04D0EBA0733B5EAE047C1DCEC1D4328EF3E
S3150802BDE04E14210B1F0A1B0C230703CC59D018F536
S3150802BDF02120D7E3BAD1FF364FEB1B55FC300A0E8A
S3150802BE00F239FEF0C42DC3D5F0F25148D6C4E9A4DE
S3150802BE10F8230531B606EB30022EE7B7220FE2F910
S3150802BE2048FDFBB02DBF261AC40B0FBF0F2E2CAF31
S3150802BE3006EE332C0A413604CAB043C8F546AA00B0
S3150802BE40E51230B20F53F521A028DBE72005CAD147
S3150802BE50D50C58D9DD081B0986BCF6BE532F1D49D9
S3150802BE600F2AE52AC4EFFEB14CF24EDF322EBE0F80
S3150802BE7059453EF835DCD740B129DDE3E5DA0B034F
S3150802BE80E4FFD9ED0E20D624D3D42CF713CA2EEC10
S3150802BE9057D8CD1DC0BCFBE1EBFD1B455A090DB9B0
S3150802BEA0292F38B5DFA5DAF4D6504FDE32CABFB924
S3150802BEB0D62DE8F6E62EEE0731DD09FE2E56E60108
S3150802BEC0C8E3D9C3C4F601DB1F1927090D3A333271
S3150802BED0511D05CEE8F9D54FE82E14C83C3E1DC8BB
S3150802BEE0CEB551E4E9EB27A9DC49E2FCE5D1292CD8
S3150802BEF0071A3FF9E61528C31352E6C715DBCCCB5A
S3150802BF00A654EA4313468B21F197E7BFE4DF20469E
S3150802BF10B2C4C9EAE2FA0E31275C24C081C8F958CC
S3150802BF20EB5BE8E72BD6EA2FD4DD03FDFBC1EC2257
S3150802BF300A48DDE34A104B0D3BD3EA10F7C122EF5C
S3150802BF40B2E4CD52E84EBE4F42972A6212FC3C1E1C
S3150802BF50D83613F2F03EFA4947E21BFA0E36532B4D
S3150802BF6000D02ED9464AC435E44FEA079FA1D738EE
S3150802BF7010BAF9BBC3B354EF60F3B623070E4DDE0E
S3150802BF80D2E112C84111B750DFDAC6F33F531CDCBF
S3150802BF900C022B19F94425DB331725CC19D5F2CA1D
S3150802BFA0FD1DB458FF0917D72A3417581B1C34220B
S3150802BFB0C74EEADB2B03E9C508BF0ECD28133BE4BF
S3150802BFC08B41CD034030F22A31B7151C08BE15F94C
S3150802BFD02BAA310DE82095512A07264BA0DC19D841
S3150802BFE02C26DE54FD301E0E4DE2F9E6D6B8C20303
S3150802BFF03AE021DD2FCA50DEB647411DED17EFC0E4
S3150802C000AC1196DDD9CCEF47FDE5CA0A10E41E53FA
S3150802C010E7B20CBFCF6DD938D4FAF5E8BB3B31CEBF
S3150802C020E4CC0204173230ACDAD3F1FFE5CC1413B0
S3150802C030F11632CA3FB2ED252C39B649EB073F1F36
S3150802C040CF10E6F01F3FF152D62BDF0FA7D3117D93
S3150802C05003B557F1353BDCE419611C47B792EE0587
S3150802C060D0D7014557F834F30B1BD632E50F091F13
S3150802C070DA420BC5D2212F2EB457D5E0B0D921E327
S3150802C080AED8F277C81C1106091E1830BFCEE6FCD8
S3150802C090B1DBCB11C547D3EBF802F721D52928EE38
S3150802C0A0CD2C2A20D86D15C5DFE70A2AE335B6D284
S3150802C0B00808F7E7D1D138E1D83A1FF003B54A1193
S3150802C0C0E1F31613C6CC0B33BC14E7C78E18454EDC
S3150802C0D0EC05B3E0473010282E4D01E0C9CFFED754
S3150802C0E021BDF60139E0DBE1D306A83126B72132B4
S3150802C0F015CBD0DC3D13EEF7F04EED27B205EEE296
S3150802C100DD330A1B361F2B09E62D29C6431BF91AEE
S3150802C110E607DA4444E7AFE1381112CFEFD00BD580
S3150802C120B8CFD44B475D50AE293EAB6011B9F8681B
S3150802C13047BB063F001B4BDB41D015FC11D8F5F275
S3150802C1400DE239C8BAEC44040327C8330AF744E6B1
S3150802C15029C8664901DE2CAF0A1E320B016FD52F9C
S3150802C160E00ED22D4BBED8E92D103C085620C196BA
S3150802C170E220CAC1A1EB085EAE3E12E610C1AC2EA1
S3150802C18010C8E9F9EA503EB7211A4A47DECCCFDC95
S3150802C190EF22EAD92D1829E4EFC44EEAF73A23E941
S3150802C1A063CAEC64E8EE0210ED4653EA4EB2D9F4DD
S3150802C1B00233DBEDE75F310250C7D733E90210F8E5
S3150802C1C060D723F3F72D1CB72005E33E3BFD40005D
S3150802C1D001F7D8E32FDD66C9310F1A3C2BE639A1E0
S3150802C1E03BC26646BB30D238170D3AE70FF4AF2A80
S3150802C1F0FB2A59F81203BAC7DE0A32C23FFA1E4EA2
S3150802C200112BF527D8F4164B944AEC0407F4345745
S3150802C210F0E20BFAEE1E20F8B1E2E850FEF03C56C8
S3150802C2205C05D9293B0EFEF2EAEB4521E13017A55A
S3150802C2301D2AF21427F2FCF7ED29DCF30F44DD017F
S3150802C240F4283AC4054A453EDE42CDDA35DC0EFD0F
S3150802C250CCAC030E353D73C8E216FF3DE622147FC9
S3150802C2600FF4D021AEB531171CE8090E1D42EAC5F6
S3150802C2703654C3EBF4F44B3CDF02C527D3531B6693
S3150802C280FC403E18EE0102D112F5B42024DEC72482
S3150802C2904FCC33D559E3EFD5DEE6E1E91AD806E005
S3150802C2A00ADDD6022AEA30D1BBDA4633380935F135
S3150802C2B02459432ADD050733D4F2E6EB242631183E
S3150802C2C024EB31DDEC5C6CD5D7D416E864C71727A6
S3150802C2D010EE0A3DF23D08D993A83E4669324C4B08
S3150802C2E01A2FB650E5E824D5BFB826CAFDE1D3C150
S3150802C2F0E9F13BEC2E0D1F12DCE0E82417CFE71517
S3150802C30014074C21CE194BC2EE28FA50F5F65328DB
S3150802C310F43C26242ABE15C0CE03022D4A43DB026C
S3150802C32034C2E760EF97FBE29D062332110044B060
S3150802C330F1C0F0CEAD59D8FD070122F7DF0CD44380
S3150802C3405D25281821443DFB30CBCAA83AE84FBFE1
S3150802C350071B0938DDC74BD0E0DF10254EC9F5BEED
S3150802C360D2B3B43BCAD1FC171322F5DFE2BBA7A0AE
S3150802C370D239FDE0E662E0000ECDDEBAF9CE211929
S3150802C380C40CFFC9AE33E129D8CCECD1EAED13C30C
S3150802C3900E3C6D3AD70A58F7CAE52C33E5F219CF9F
S3150802C3A04C1830B903211BE10C3F56E45BF6C2BABE
S3150802C3B003455CFBB64F011CCB2D2033DBD8200985
S3150802C3C00DD94507AF1727CD14DB00B63E09BC16B3
S3150802C3D04A374F41E2EDFB0412C93AF2384A0EEBEC
S3150802C3E041C307C428C32408E35BD213072AB6F15C
S3150802C3F0210B10ECF7C11AFE26E8BED4CC2E322544
S3150802C400CB251AF2BBF9C6CC0E251D0122F12A0646
S3150802C410F42829102A042EEEA4F92516DB4AE8BCCC
S3150802C420C0C9E023C03C26D5E248CFED1F6ADF0823
S3150802C4301FE542B1081AF0FA083905FDF44F19E565
S3150802C440311F2838ECD63EFA2616312429F503D3AD
S3150802C450D7F77AEBFAF24C18ECBB1558060BD1E370
S3150802C460672F19EE20FEF329274C4102454DD1C408
S3150802C47024EE41BB0D023A57FB02F9E9301BC7E32A
S3150802C480E3FF1F27F61248B6C218F71425ED02E194
S3150802C490E8D6FE40E40640DDC108EC234657AFC5A0
S3150802C4A003D3322400B2F73EDF2535C0580D01DD2D
S3150802C4B01F33FC25EB3FB6F73AEBF63540F3FCFBA8
S3150802C4C00E1D1AF12CECFAD2AF00DD21FDF1D305CF
S3150802C4D0DE32E3E2CB0ADDF2E4B90DD8FFF81BF847
S3150802C4E024C01A15CBE5FC24FA0B14F146FA2DDD05
S3150802C4F0B6580B3A1A282A204FD38BDC1420203B35
S3150802C50008341E48C0E11028ED3FFECA66D02CB09A
S3150802C510F9E22242DDDAF3619BA0FFD0F2FF1EF0B8
S3150802C520F6F6DDD41419A7E7F522E40E7FE2CFE08A
S3150802C5302B0737152A120F15D0D8CEE0E107C256B7
S3150802C540DCEB45C7FEEC05E89CF025215D0D2BA525
S3150802C550FC163B58F5D6405BDCE901133A200BEA98
S3150802C56029E02AECF0E216334015D4BC2B45FFF637
S3150802C57015E3D41FE533B243D414EF251FF8F2D1DD
S3150802C58028101FD3FABB1724092B1DA41BECE7B3EB
S3150802C590455D0943D1D72107DDD6E0F8FCCABC12AE
S3150802C5A009CAFC2DFF12E63040D5EBEAF500D49F06
S3150802C5B02E153BFEB0F8FA330A43F7280CE53FF48A
S3150802C5C0DCFB031C312DAEB1C4DD0326D2C2E7F46F
S3150802C5D0ABAECAD6EA4CBD3E09C92CDE26D3ABD7CA
S3150802C5E0C01E5145B0E7F3140A13BDD7E605C206C5
S3150802C5F0E5E46A0A262CD6DBE8F6093D63331BA86E
S3150802C60006C7FB2148D6D7C91ACC11CFFCED1DB1F6
S3150802C610D4EFDBF91113F641C601F01502F628EA42
S3150802C620E3E6F2E3D71EFBE31A77D0BC613A543845
S3150802C630E3BA2528D4E11BE7C322ECF939BD0FE496
S3150802C64017B24209F72F3BCB32FFF9053842EAD730
S3150802C650B944C412312AC9E83AE7DB001138CBE8F3
S3150802C66009EDD7D9F730E2CCDD23AFDA2D385DEA0A
S3150802C6702487FA2CF1F2353913DDB5BDCBF3A09830
S3150802C680C60D3D073526BFE7EF2A18E811C1F2D7CE
S3150802C690D93B2329102BE77FFCF1BF19C041EFD8FC
S3150802C6A0C80BF6E9B713BCB81815AF373E561503CB
S3150802C6B0FD01E3021FC80F0315C81DA53137009AED
S3150802C6C01FC0F13E453EBDB8FDFDF4403EB9170C0C
S3150802C6D0E1CCD30BBEB397384DB8C4C7AB11A7F19B
S3150802C6E011DCFFCD2FFE21E2E131E6A3213EEDF872
S3150802C6F0C82F683537DDA0F62E31CBF8CA9EF7A4C7
S3150802C700BDEC13CD080801EFF75125464A12C4E7D6
S3150802C710E438E032D6F8A81219C818F3F01EE10C6C
S3150802C720E9DFEEB8230026ECD318E0AF1C004E0270
S3150802C7302EE520B4E011ADA150069FD3EA23FA8E66
S3150802C740D7E33430C7E63DC603DFD0DDC1B5E2F430
S3150802C7501CB84BFACA4FB47835D8DDB2CF57090799
S3150802C760F2EBDC272128DED2651AD25DE6E625E75A
S3150802C770CE4B26334CEA18C4F855AB0D01E9EAD379
S3150802C78040DCF001DD2F06DED0D0D7DAE322EE3A1E
S3150802C7902AFE3002C2EDC81E27D319C8D4C41FC840
S3150802C7A0051A51BEF8D6D1F32D1FC1F9573BFC091C
S3150802C7B0FA0E3402DBCCF6D22737D71BD2272E94B1
S3150802C7C0BDCA6ABE181BFDD69D09BCF52425186D7F
S3150802C7D0BBFBB50EC6231D1ED40D2F0CAE15042B9E
S3150802C7E026DA3010EB12152BF61E05D547D509D6D3
S3150802C7F0A9D9ADE8303E11E2F0030926DD2AD20EA8
S3150802C800E5E2D1902FCA67D0A6464715402B080401
S3150802C8102017382500037F0895D7E403D4792A1F01
S3150802C8202A130E5439D310FFDA131AF43FCEEDEB5E
S3150802C830F73910E3CE49DC0E2AC72BD21E19E23D80
S3150802C8403AFC0DD3CC5E3031D2260A0E55E50BA53D
S3150802C850203CD8034EC8F4F5B1FAD9F2EC13F5BE6A
S3150802C8602604FC4217C3BD00CD3625EC1931CFCAC2
S3150802C87002FB3C12B20B14E8393AC70111052339F7
S3150802C880CEF9F628F052633624443F2DE84AD39966
S3150802C8900AFB170520A04DA64F39434E565B3C1E90
S3150802C8A0492734DF0FA6D507D7D5E5B6E054030DD9
S3150802C8B048E93A0B02161E3B13C813023038C62B38
S3150802C8C0C23555DAE73045DE381B355A2EB9000C23
S3150802C8D0363E2A22CDD83DEF070B0C210851F40E1D
S3150802C8E00F2BB4EBD2B5CA22DE0C7D2447BE3EBA64
S3150802C8F0094ABBB8A8FF5EEAD7CEF301F7F0FE6590
S3150802C900F2E80EAFF8CAEC26E1E334D3E949CDCD15
S3150802C910CBBC43F3B5D902C51FD00D506A570C25B7
S3150802C920ECC4FD65DF1C026992EE6C4FD7D634055E
S3150802C930DE4BC89F01F71C3A342258CBF015FE5538
S3150802C940CBEADCB7A01CEAD537BC49179AEBF0E864
S3150802C950E460580036AE40D2E82833090F53381D32
S3150802C960191718C798C8EDEC19CC1DC13854F9EB3C
S3150802C970D64429E62542F50629BAC5E70E1146BF69
S3150802C9800BD0531037F90220391EFD4E57F61D24D7
S3150802C99052C03523C8DB46D09ECAD5256502B233B6
S3150802C9A023BFB52B2A9CDFC8FBE32D4337FE0B0CAE
S3150802C9B0E0429E2B00D7F50FB0F4281E002D341640
S3150802C9C029F63E041E26F0A9EBEBA20F1BC32AE2A8
S3150802C9D048035B1545F9E335020BBB321E0A2028CC
S3150802C9E05C31E6FCF21AA601D745592EFCEDF00198
S3150802C9F021EF3DE001F6004A04FCEB1FDE1D2C2662
S3150802CA0032E2C8F3C90FCA2020D2BFACB23208D864
S3150802CA102DF121D852A3FDA9DC4B0336D4E53D8B73
S3150802CA20FDF642D1F6E1F3D721CC183C39E2C9A189
S3150802CA3046E15ECDEF2CD3C70723BBF5C30B6BE6E6
S3150802CA40A04CDD509E31E7F03AC014493807153933
S3150802CA5063493700DA330128EBFBE216B4436DE18A
S3150802CA602EBA1A25F800D43A011F437CDFEBA8A791
S3150802CA706507D50A1F1AFAB9FA17F423510D2225A2
S3150802CA80323E43DAFA51BDD349E3E7214D521FBA82
S3150802CA9036AC5DEB1BC7E023DAF6042C1510D7ED8E
S3150802CAA0DEF6E7E7DF0418CFB0F654470C3B5AA286
S3150802CAB02D222B032958052BCF270F70F5CF77C9BF
S3150802CAC00C4F56C2517EB75345CD34E0C72B01B73A
S3150802CAD02FD10ACB3A164DC837DC550D3B3062EBDF
S3150802CAE0CB3C7F47B8342623100DBFD8E4FECCE7EB
S3150802CAF03A4D3EE7D40B690E3552E1E3370DEDD6D2
S3150802CB0083F319500C6E091ABEC9F0E94ACA0FB462
S3150802CB100DDA15480919EFC193CDFA78AA5BF72DF4
S3150802CB201A54E92DEDC1B72EC5F5E8F9C0BA12F0C7
S3150802CB30D8E8FD33B056EACCD22EFD0CFBFF5BDB00
S3150802CB408B083066E71D18C4F3FFE5F7F049BD0305
S3150802CB50F739752905E739222D40242DE5F079BCE8
S3150802CB60382612FDB34601FC8A13AA54CD214BD3AB
S3150802CB703950CFE71ED414E245D6D4E725B4DE6889
S3150802CB80035021073C4E0EE241B90C161312DBE0A4
S3150802CB9026DBDC692A4605C5B305FE072438680480
S3150802CBA021CE6340B747D2BFC4EE0D07B31761055E
S3150802CBB006E419F3326D2443DE55AFD90F8A2A07E4
S3150802CBC0113BEE4F31EA98F6C0AFCF3AECD466F392
S3150802CBD03AE151170BCE0CFD8C363EE9D92AF6EA14
S3150802CBE00CF0121202F5D3D92A460545A122AE1334
S3150802CBF0F4E8CA3362EA58EA0E7D413AD7EB7E3147
S3150802CC00B11128411C24EC15F1900A304F1A07C0BD
S3150802CC103C336C180712E11C00C0D93186FB0C1094
S3150802CC20C5C9CCEEA43B58F6B225446DCDFC0E061A
S3150802CC30DFDB3210EFFE3E2466DDFE0CCBF90BEB92
S3150802CC401DC3FA0451291256591D111A0F0128FD3E
S3150802CC50544037D0DCB5E0E6D357081D2354F455C3
S3150802CC60E7C929EDB40810A3C540D8DB3509C523A1
S3150802CC70360722402D56F0F51FEEFBDE38C6360281
S3150802CC80E83FB631551BE44625D201F5F2D22D0806
S3150802CC900831CFEEE9F91007F754F63EED28EB1CFA
S3150802CCA0E30AB93149231A1D2AF73BDB91F2EC163E
S3150802CCB02E12B9DD23DC44A52CEB1AFBF9CB1F2572
S3150802CCC01153C72542280615181FD2F9F02727E758
S3150802CCD025FBB513333FCD0534F5022FE1C4DC2E0F
S3150802CCE0EC24D8E0C52CE316E9DCC14C0C0C05E7AC
S3150802CCF044C1FEC80CF7481BDA272F3ECAFA3FC1C1
S3150802CD0023F1E2040D3FB80626E3EAF948D3D8F63A
S3150802CD1026271FDD3CE834301149BAE3E990D546A7
S3150802CD2007F61BD5D65A1AC3C503CCFEC4D24EDBA8
S3150802CD300624C747F8E1D214F01124AB22CCD2ED6F
S3150802CD40EB0319E6EA3AB5E6F7D5022C2FE22AF6FC
S3150802CD5023E018E4E74EA92BE52C0E24C7C8D92BE5
S3150802CD6081C40E44FB44D2BEE2B91EDCABE5D7420F
S3150802CD7003B7F310ED0151F7201F11D64DBE5D0022
S3150802CD80F5DCBB2213F8EEE45913B407F62AF14888
S3150802CD9026EF18DCEFD70905E82414CBF7CD24B41F
S3150802CDA0F0D13117432D1C16DAD5C60EEB09F24E11
S3150802CDB01D080EE7E8D82FB4CC25351AFBA14FBBC0
S3150802CDC0F0F1E4EB41DCFB14F13121D6EF203F43CD
S3150802CDD01B0FD523222CAD2317FA351211E3F9D2EC
S3150802CDE0BE3CF40507332FF1B4B7DF1EF3203AE54C
S3150802CDF01D17E1C71F41361203D81BDF2D1323DF88
S3150802CE0010D5F93A35E20D1F2ECA3964FAEB033208
S3150802CE10C3DCE725F5382CB51A3E3231E4B83D595C
S3150802CE20CE2DD462F0FDD7D0F8B20417C3B2F5EA14
S3150802CE3000EF0720210F5293FD3D4B0B36E435ECEC
S3150802CE40DFDD0C0EF3370D440F04DF30F40BEE165C
S3150802CE501DDDC1B2E459B30C43EC21121508E6FCF8
S3150802CE600EFC323EFE17DDF017EE1418DBFC0A4BF9
S3150802CE7002BA1E4D00B8EFF70AE52A322C03DB1078
S3150802CE80CDE6341ED2031332F219F241492B0209B6
S3150802CE90FF251216F8620ED85A20EFFAC4C02D1EC4
S3150802CEA0F5FF2FDE2B28160A2FBAE03EB8CDE41678
S3150802CEB029AE02E72CFB31DAD4D8F75342F4F2331F
S3150802CEC0CBFB64F806021BF0C8C3FB56E6C72FBBAA
S3150802CED03B24296743040709E51916D92B14EAF9ED
S3150802CEE0E556E505C6EFC6F8BC293B4A1F1DA9B893
S3150802CEF05B0625DFBE7B223CD8EFCAD6180B497BD8
S3150802CF002ED82CC23A2CCC2DCDFE10160EF340028A
S3150802CF1069CE68282C172223E4E53CE0F153EA0D92
S3150802CF201E49E3EE13D9B808C64DFED8F57144BEBC
S3150802CF3028E72427FC4E02313F2F51D9E34A106DC8
S3150802CF40DDE7E2DBBE2CF8C00ECB4B3E2FE2CCFC73
S3150802CF501045FA442A9C4E07E4CE5B5E3614C11C81
S3150802CF60D6D921CD2629FB055CF8F6A5087710D671
S3150802CF7023D450AE41483B5E194AC6E0DFF9077F23
S3150802CF80E4F5FE13973A0AE5D9F412CBF01A3CCB2C
S3150802CF90ED21E845EAFF5FA82BCD18E7D54E43DC1D
S3150802CFA02F24092DB3201D4CE845E3501A40F90DEC
S3150802CFB023F9B8E0EE3B1D16375A4C040CE109F189
S3150802CFC0F7AE5EE2E10ED8F240B82D482DE1B5C0C3
S3150802CFD072F76F004FCA10F41DFCCDEF065044D508
S3150802CFE0D9FF490D2934C82BFB090D1664E5F8AF9C
S3150802CFF0E8400AD213581807E833D96418E2D0036E
S3150802D0004705F940F915F753E9BFF4C3DFF74CBFF3
S3150802D010267A51241DA936A2B509D5EE183AC1E8D1
S3150802D020F4EE01DF0A1CE3D25EC64EED5134F61F5A
S3150802D030C1422D22C477151E3AD53EF2C948F320BD
S3150802D0403C2215FDFB17EA1404E5E5EA560D16CC53
S3150802D05067280C4769FB02AEE8231E4D264B2EF9BC
S3150802D06037DCBA9FF1D2C826EDDFD61C2F262C98BC
S3150802D07027D311FBE5F5EAF84FF9CDF920E8E144A3
S3150802D0803EBC021BF6E2C5F3E5AF0F462EE2E6CF3B
S3150802D090E1D123DBDEB035B091E037655EE5DE30FF
S3150802D0A03417FB0B21BDCC38ECCF200E1FF4A79406
S3150802D0B04B1E15EF3B2DC82BC947422DD207551FCC
S3150802D0C016E4F9D9C56CE2BB0CDB37ECD41AE8B521
S3150802D0D011605F0F0C9F4FFBA52E4B22CCCDE00CA7
S3150802D0E0CEEB63CA403AAE50D4DAE1CAD32EE2E5B1
S3150802D0F04F2A1FBCCA67223928C943E52107AE6BE6
S3150802D100374255C114144DE2ED5CC9700BE313CBDB
S3150802D11047ECF4DA1146361AFED6012331432A00C1
S3150802D1203AC2885108ABD9D801C91805103512ADCB
S3150802D130493EA7F010EB321EBE23432A4422DA5098
S3150802D140FCCFBECA1D292528B7FE4F6A58F0DA5405
S3150802D150F811FFF0BDCD7FA7990C054A0DE71DE42E
S3150802D160FA9423F1FDD7C12800F5683B042BFDCEBE
S3150802D17012281BC5E728DA3AF04A25343414263D24
S3150802D1802140DDCF34E11D10EFEC21D4DCD1B8FD0E
S3150802D1900DE9652667AE14E3FD29120EF3DE131BAD
S3150802D1A04A10603B1DC9C2CF05A55F282246FDBAB3
S3150802D1B0F666542319DC0DEF251637071B1C2C05BA
S3150802D1C071BC4EBAE7255236FB36203D072EF30AC6
S3150802D1D0173D5322D9D92817FADE622E052FD4D441
S3150802D1E00FDB9F013DC8C1D5F23928F6ECC9378A4B
S3150802D1F025D901B3AB4A0DFF26F5FE4F3528D916B8
S3150802D200362AB9F4283CFFD1FB5420332F361D2584
S3150802D2103DE439EBE351560FCFF8E3243F054413B7
S3150802D22055F9B164C20DD663F2FF774AD5C31F1BFF
S3150802D230E8FFD51206031FF7C0FF5C170C251C1E54
S3150802D240DA071BB8FF1AFCD3C819DFC03FE644E069
S3150802D250CB56282CFBFD3E9A0B140F45FCFCC3014A
S3150802D260ECA709BDC3B9C231231E4237D759BCB28E
S3150802D270203165B12F4E0311D51BF948500D251DD6
S3150802D280DCDADBDEDC412E38DEE91C2827280A0731
S3150802D29038325005DEEA51DCD2211FEE12620457FB
S3150802D2A05D03EF53DFD3D827DA073C400BF2D6B239
S3150802D2B03F16DC0FDA44CE16D9BAF81F1D13EC6EE8
S3150802D2C0D703F711CA03701411F2D9103B43DF22B0
S3150802D2D011F503CA0612129AE5DFE62727F3BD15EA
S3150802D2E028CBFF0E01B4BADCE2C4501828C3E1DC2D
S3150802D2F0EDED368DDD04D4E3C1015CFD0B6D2D48E1
S3150802D3000946C52CC617072023FC1018C82F07FB89
S3150802D310566932DC3CD1FAF4151AC7FB4428F215D1
S3150802D3201028241FE5F701C6380A1629D8EE2CDA82
S3150802D3302A111720CE1FA0303B2AF211D8224CB64A
S3150802D34039C414F22A0F68F8DB6A042BFF43D44C5B
S3150802D350D3CCB5F792B8F9F9EF1CDAE80C86B356CE
S3150802D36081CA00215EE239D6D3F4338E53F443E2FE
S3150802D370F6BC2D29B303EC18E1D51A01F746F8973E
S3150802D380642AFE1140A3382F3E441630FE40C422BA
S3150802D390FFE209D22F40AE40B1C824DDEB9DF0185A
S3150802D3A014C3D4412A0A4ADE3501FCE23F0CFAF7D5
S3150802D3B01AD6464FD3D3061FD3D2C8E9C3081CD6FA
S3150802D3C01BC01CBCFEEE283232542CE31C44D41E6D
S3150802D3D0242FF8D6DA34BE66EC1DEEE832B8C61F3C
S3150802D3E0FFBC114A001CD363D92CE0B01B9FE0296D
S3150802D3F01CB418EFE1010414B1CA1C054E03C82B6C
S3150802D40022F9E9BF45FB3C9D2251093BE21AEF2866
S3150802D410D43E291D1BCCF62EF9DEEF0B1397D7D770
S3150802D42090D906F241FA03CFE021A3B511123A0DBB
S3150802D4300FB06D3B12F1C401182D10E0C056E8106A
S3150802D4405BE1172B471C731BC27BCBF2932DF2FAB7
S3150802D4502CC0CBBBE6E0370A1DDCF727CA16D7D99C
S3150802D460D106244832E54718D220CBBDE4E1363549
S3150802D470DB060731D011A060EC0D60D2CF024E5800
S3150802D4806A05040BD40EE22C093F00F70EDFE4F717
S3150802D49009F4EC29D1E1F570EFC9C12BCF0A36EAB6
S3150802D4A00FE0BCB1E15F025320211AEFD2101462D9
S3150802D4B0FBA3FCF40635E14EDD2719F128453013A6
S3150802D4C0BD49C0E23DBF0EC5107CB20CA55322F67B
S3150802D4D02A4E2BF9A119102503F4A2C90F20C5D388
S3150802D4E0B2DD47460FD81546C493EDE83319C10D88
S3150802D4F0A9FCFB43E40F0F3833EFFAFE260D06F8B4
S3150802D50002EBC925E3E605F733522A3AB42F351C4E
S3150802D510C253A9C7C9DAC46909A6C21AFF98C6447A
S3150802D520343E390E6E20AF00D1CCC1FB03C5BD4BCC
S3150802D530B9E43F3EF8D7CF3F1BE6C6D12120DEE845
S3150802D5405532C12D23E759D1DE5009CE2CEF152DC0
S3150802D5501316BEC217E20821012705A536C74B0FC7
S3150802D5604926D8EB2819B0F7412BF8EC190331589C
S3150802D570D0EEC905D0C134F81EF9CDCE38D30FCBBB
S3150802D580FB30170DED26A4E30FD713F5BE153AF3B4
S3150802D59015CEEE25174D1F1B0A282FE9CB24E1F4D9
S3150802D5A0F1E6E4D2CC2307C9E84310E5AA22160C11
S3150802D5B02806D05437DCEF0F0A02D409F3AF32FC3F
S3150802D5C03121C9393432BFE226F1E10BE5F932D20B
S3150802D5D008F4BD193C171B4001DD0A04ACC13CEA3C
S3150802D5E0C2DDFB24FA5041F4E02A143DEED4234866
S3150802D5F04130C0302B0508331D06FCE84E06FACB2F
S3150802D600D4173E201F512BF4F72121151CE31626A9
S3150802D610F2C4D8421F43B516433BE6E60AAD181ACA
S3150802D6201C0544E20228DC01B21DF30B241723F180
S3150802D6301BF7F4D91E1F0DCA3F56FB12E6F2D4B6E3
S3150802D640AA11E35224179943D09A2430E00EFB0C10
S3150802D6500B0E34F04048F0033FFBE0FEA4042FE72C
S3150802D6608AF5BD171E3E1207DE030A38E31127EEB6
S3150802D6701A05E0DDEC0236D2D343C4EDE3D95ACF1C
S3150802D680F44B3E03F912E8FF23B00DD208E618B3AD
S3150802D6903DF2DECBF90FCFD5E5FE51EA18C3FCF908
S3150802D6A0FAF30F1CB40837E5180C011BF216E24010
S3150802D6B0F1140E2406220100CF55E7F0551A4F172A
S3150802D6C037FEEB3230FAFCF828FF1BFAF02A01E3A0
S3150802D6D01A1B06F1E4500301F5D2E4CF09F9522DDB
S3150802D6E0D62EE3EAE67FFE14CCC4E112E2CED510CA
S3150802D6F0F91D2F42DC521A132E0A1B0CCCFA30D211
S3150802D700B806F4201438E7F928E2C73DD8F0F20043
S3150802D7103AFCCDD8390ADBCCDA2DC204A1F02BDAD1
S3150802D720CBD01A00BFFF35FCD010FA0BEAFA0D244B
S3150802D730D4E9F7E6040CEBE5070AFAE9E4AD05BC19
S3150802D740E7EAC7052EEBC2CF10162C43D611062DD3
S3150802D750442849D5D5E8FE061D1946BD0DCBFA362D
S3150802D760DA0B2426F81FDC2900F5D625E5D4C301F1
S3150802D770034ADD2AEC012CF04DE3BAF827C8411C0E
S3150802D780CCD4DD3C35310014E134D1FEFF3EDD5305
S3150802D790D513F3D8F0EE060920EB593FE0F03041F5
S3150802D7A0FC33163928631504D339D121F51FBEFE79
S3150802D7B006D7CB0C3AE53C21093FE30311ACFAF54F
S3150802D7C093E112FE3119DA2AB5FFCB31FAB616FF02
S3150802D7D0ACEF212BF52C2AF0A248E7FBF1685FB4DF
S3150802D7E0BB58D7ABEFFFE5B4E9F4FC3C990F1FA889
S3150802D7F02608D4D91404561B1A0E023D3FEF11FF10
S3150802D8001D5B3BCCAE14C7D8031F39ECC5D945FA04
S3150802D810CBC1CB3E62F3B205D2502340D541730D3C
S3150802D820E3FF06F2CF630002BA41BDFBBDF89EDFF5
S3150802D8302931F8D2E7D2F7B518D50A45C9C16C3CE1
S3150802D840F83441E340F8EF46181A59241137013FD4
S3150802D85044C2DCC7E028224251E9EEE2C31DFC4776
S3150802D86032FC3FEFEC03E52B1AF2233CB056E41BDD
S3150802D870D0E6E70B4B30BED7B950B034A9C5C7E9D5
S3150802D880CF24AB1EF131DF8F3FB4F907EFD4F5E0B1
S3150802D890F52CD3325D19DDEAF33FF2ECA9FBCB3E58
S3150802D8A0A45D03F506DE241EDB112646DEE0C52846
S3150802D8B04F489A5B3EC32C3CDC40C667E21654F1DD
S3150802D8C0CC594C49D5269E474DB812E1D7E70AC529
S3150802D8D00E1555D4DE053BD6E51BD9D2BC40165AE1
S3150802D8E08C284826C6452843D83829F138B7F0C6C1
S3150802D8F04241C919E1FF49EA5ED5C217F809DACAEF
S3150802D900D841FE0E2566CD5125AD261F1B542C2463
S3150802D9101C202729CB44E82A4532242F29D46D1204
S3150802D920E8F20A015FF41D16DE59C9F6DD0DCE0DC1
S3150802D930323CEA565C4EE40AC949B60C9E208E0D64
S3150802D940213D9F2C3650010534D54FD216C5498E36
S3150802D950B5BAFC1617011227C7220CD19D75390BC9
S3150802D9600FE6D71CD817F3312BD33A37B0E8B22DC6
S3150802D970571713242D413004DF09E020D4F10E276E
S3150802D980A405083BBB68B414FAC9393CB98F079A8F
S3150802D9903FA7242504502D15D7F74AE71601F85B49
S3150802D9A0C6DD2B00B756443B100A1D222CBC991221
S3150802D9B0DA108F32BC2806EA5A41E3DCC7D42405BA
S3150802D9C0254DF1C54E38F4F45BE50310470C012DDD
S3150802D9D0E8CF160E3107C6FD22E229E4F9DDD37F28
S3150802D9E0BEC7DD4E017C48ABB105DC3DF4F93E2DE0
S3150802D9F00B36C960CECC1AF4114B0F26F3F124313B
S3150802DA00CBE3E607FAE01724E4F7E4E9FFC809D905
S3150802DA1003085FF036EF7FD3BA28D12242633C1758
S3150802DA20471E28D1D512F1E20B10F905EF12FEB9FD
S3150802DA3019DDFEE00441F329F5DFFC0DE4D63F3497
S3150802DA40124311D3ED4C2C283813DEE721FDD9A554
S3150802DA502704500A0EDB0E19EEDB32E8280AEBE73A
S3150802DA6002082CD0F4DD15F4C60D4E4D4D36E703EB
S3150802DA70DB050A1DFDFEFB354E28CD342C11C8FFE9
S3150802DA80423AFC2602FA0CD62800151FEE1932AFC6
S3150802DA90EA134FE4FD292F0C170FD7D12222430888
S3150802DAA0EF09FECFBCCF37F2E3C701E633F32A17F5
S3150802DAB0F734223CCC3ACC35D0CDC613D32A0C1532
S3150802DAC00F44CDD3BDE8FB0F0E140D2F3F0D1EC715
S3150802DAD00502342F52DD41DAE61C03481D0617EA11
S3150802DAE00E3044EFB3C011F9E75720C934F2279B29
S3150802DAF01CF82DCCCF422E02DA1AD3F120030DEEF2
S3150802DB00B7EBEA13ED2F3026F805EF04171C1B0CAA
S3150802DB102FEE09F9EA1564CAAC320E2DDB15F0F9B7
S3150802DB200819CDFBC8E41E4B00224EE3D76035FB2D
S3150802DB3029FA3AF2D0E4F9FF4FE8CE11F121240688
S3150802DB402824E710E84834161E1819E6D32C30A7FD
S3150802DB50F4211CEBFF2C4228FF2E04E61A2F42134F
S3150802DB602D393736B0EEFB34DEF119CAF53003D05B
S3150802DB701F4B11D21139275DE9261734D60C0A3AFA
S3150802DB80D6F2C1040CF52942C0B2F0EA39EC3FAF2D
S3150802DB90312D25E931ED4124D6FEC60CD35417DEC4
S3150802DBA041FBFAF9DCF4C817EBFF46F3E538349380
S3150802DBB00D37D1DF1EFC33F1F03DCBE0EBE82BE667
S3150802DBC0BA192C21AFF0C2F13B1905FF2BE02FD170
S3150802DBD00A147B062F1DE006A8D7FEF5F8E704DD32
S3150802DBE034D5D3EA13E52626D802EE2F11F62ABA39
S3150802DBF0021DFF19F12C0D30E41CB413B53CC813F1
S3150802DC00193CE928383F311CD11323FDEA2E01D9E4
S3150802DC10FDF10DE71EFED9CBF2B8153BC638082131
S3150802DC20F2CF0DE4BED01636DDF93CE7E74C0EB16D
S3150802DC3028F951DB161BD316FBE10BE87A3B162AA9
S3150802DC4062D207F9242448812C1E030023E709F926
S3150802DC50FB19E20424DA10F91509F5E662E9EB2A5A
S3150802DC6036C7D84A41FCB1DBE9EBFBFD1E3BEE5356
S3150802DC70F2C2E9E3BED3F727E2F02C0CCC300E331E
S3150802DC8051E3E4E4FAE2C5DBCB26D813E40AE9EE6B
S3150802DC90DCC9322DC8F31BED1EDB231B20FAF10764
S3150802DCA00300E3E745C422F50026F4E1E9030D245F
S3150802DCB0E4F0EBBDD0C114E5E0DD49EC2F31B41335
S3150802DCC0F2CC0DB5E0ECE9D0F7100202E9DDD83660
S3150802DCD0EEE20F3D10F317FA13E0FFED1E20EF2DCB
S3150802DCE0325CFAF3490F04F15CF4032C252B0CE29F
S3150802DCF0DCF0D90EE68FFCF81B0C0EF83019E82A70
S3150802DD0033F41AF02E002295D7293039BDEAE05E9F
S3150802DD1012EEEAF3100CEBFA0529DDDBFDD22F4EE3
S3150802DD201B2CC6FB3D0A0A2C3AC015E24AE93C3FBF
S3150802DD30C1DB1BC6D80BF32AD2EB0BD9363BBE0581
S3150802DD404F20EB0FCFFDF0222EEB151E2DD3C4DC90
S3150802DD50E81D1ACE38E2F80FE130160516F8050264
S3150802DD601C0DE625DFF91DCA1AF1F7FBD8090B3A8D
S3150802DD70DBE6F7CBAFC0103135D6089FCE11DAE015
S3150802DD8011CDE22F23EDC9DF3722F4D9EAC8380BC1
S3150802DD9016EB27D04BE5B6CC38F0E4E8063617E69C
S3150802DDA0150CF3044DE4C9150507D1C42725EB0F55
S3150802DDB0DA1B1AE90786E7D505C4191960EA0A348F
S3150802DDC075EC3203F31F62A23B38ED311003C158DA
S3150802DDD0C529DAE5C9024D2AF2CE31EE340CF3DA58
S3150802DDE00DEAD02C66F103C90C2905C20DF9301DBE
S3150802DDF019E228F9EEFACF2BC50629EE00DEC24350
S3150802DE0011C6E72ABF01FA16E8E614E1ED2604DD93
S3150802DE10ED2DE503FA17F21A3DF7E4CF2E3E290C4B
S3150802DE20380327323F00C2EC3EC831D609E92646F6
S3150802DE30CAEEC6B1E5F4EAE8F0D623D73AF4DCE549
S3150802DE40E5F8D82BFED11AE003F418F011B511FF44
S3150802DE50BD000E26F3EDFBFBEEE420F1381A1BFE9D
S3150802DE60F9FFD2044AE90BF22A4AF524060F1FFCE7
S3150802DE702C0B02D6A9A727F0DFE8BC3046E41DC45E
S3150802DE80E9E9E51F053DEFDA3308DFE6F5D2F425C1
S3150802DE9001E705BBEB5BD31106D31D3FB363160B34
S3150802DEA0EE0C110EB43513C61535FC14D9C02F1352
S3150802DEB042D5F52326271BAC3B2C1838FD9C461960
S3150802DEC0B5342528EF52FDCE21CB08043D14E311C3
S3150802DED057E13EE93CF611C60EE6DD3C24E8FF06AC
S3150802DEE0C0D4DFE6275C2F49224922430CEE3BF2D7
S3150802DEF03FCF0DE8D9BA14262D1ADE231C22482252
S3150802DF002D41FC43320D15C866110AFAED17CDEB01
S3150802DF10F3D70532E30DFC2A491E410636011DCA0E
S3150802DF2011E31BCFD02DD614D6D6C527BDD6EB46C0
S3150802DF30FBDBF05E43FE2613234800E9EEAFEEF361
S3150802DF40BEC927F7F7FF9A07F1CFC9012EE238268D
S3150802DF505DF83BF64731201FBE202E23B33B67D61A
S3150802DF6011CEA5F4F11924290F18E83AC61FCC1DBB
S3150802DF70E119B62500D827CE1623A6C4DCEDF70A82
S3150802DF8010F81516F80CC1E54BA939EE073F3A0801
S3150802DF905A1642E42F0DF5F1F1090C30C1000BF3C4
S3150802DFA00046302ADF38CAC8DCF8C11AEAEEB034AD
S3150802DFB0E8E0C7D6E72FE1AB3FF5FBDE46340B2197
S3150802DFC0434E3C3A0F0232260BCD483B0426123703
S3150802DFD0311B3832DD02F30EF01E433FC1AA31214E
S3150802DFE0EE1318240157CCC0F20F29E529F8C4FD0F
S3150802DFF0ED47F5F01C2C0AFFDE1EEC1CC0E6E0C756
S3150802E000EA5816E1164ED75BAF012F473FFBFAC017
S3150802E010F70DE60E23F13BBD0211D3DFE1E510321F
S3150802E02011161D08ED123A10D94EF21FAC23A1376C
S3150802E030F4E4000CE4BD371A0F49D92AE3A63018CE
S3150802E040BA53D015F43AB5FA06A8CD520A1F0309EF
S3150802E0505F35132E13DB14BEFED933CB18EC594C9D
S3150802E060D6F30F09D37FDCF5F3EAED501AD81C3044
S3150802E0705739E5002D200BD43209B5EBE9C9F3F27D
S3150802E080FEFC31E547691DE27E1B2859E1D5FC06EF
S3150802E09001C71CE64E3E3DF5F9E63C18E6B3EF3BF2
S3150802E0A0B2CD56DE23252BE333D4D7250CCB14F475
S3150802E0B020C6C207F839B4CE3F382849D513B9FB6A
S3150802E0C030171A0BE11442B413FD3130E1E127CEC1
S3150802E0D01ADD610658F720D0C6D35049094524E40B
S3150802E0E05F43FEF0A927DE0F1820421471E72D0FB1
S3150802E0F0F410EA3F0D092E4A094C44BBC4D9F23C36
S3150802E100D0B7000BC73FE91D112A00D8DEC8C41ACA
S3150802E110EAEB3DF0362123CCF627F90947F0FEC98A
S3150802E12054F304F6E7D604EC222BF506F7EC2AE0BC
S3150802E130FBE643FEC51ED4F73951ED312EEDEC044C
S3150802E14039462D26F0FF35BBE4294924F0F0D7A736
S3150802E1502162EA4A3EEDF2F104B23CE6034DC7D229
S3150802E1602B0CEADE3FB6FDE1FF5815B873FCA71E75
S3150802E1703CEB3CE8A81F1E09CBD3DF03FCDE3118B3
S3150802E180D8D6F92406DFDFE8D9BC54B0E3A431F0C7
S3150802E190DF15F9ED5AE2E5F19B0F51F3187FE0041A
S3150802E1A0E41023DAE6FDD5EDEBF436F8324DAE0F80
S3150802E1B02BE8DEB40D29BC62CC34F54C533307E3A5
S3150802E1C04BE5EE2EBA2E28C323C43F0DFF31EDE0F0
S3150802E1D033DA1818D9C7301EAB1A043C3532B239AD
S3150802E1E0291E191ADDC3E004ED55011A5B6532B121
S3150802E1F0F4210B002C23C1042BC2212B34E90C2A4F
S3150802E200D447FBC4B2BD4323F926DC2005471FE3E6
S3150802E21005592AF8CC1641D6DB0947F8343C3F1291
S3150802E220E20318C10B22CB1B44D54A354112F80822
S3150802E230FA48F5D4EE39BBF44503C3DA042A0F28A3
S3150802E240005221D3AE29CD21D0F7202A232328C76D
S3150802E250085D1D1457BF0903B4CADF31360EEE2A0C
S3150802E2603317EFAE1C26A2240E1B3AC5252127F327
S3150802E2701600EAD6B1E0B76742BE04BBE7F53D4EE3
S3150802E2803A2337F5D4BB1BF913BD45ED452FE700F5
S3150802E29027383CF2D7BE6DABE916C35DF851E730B5
S3150802E2A0D5A511EEA108C6170EE41315F6140FD25A
S3150802E2B0181040D1F5D4C82231250A152611FB5962
S3150802E2C00E430BBDB6DD4ACF06CCEB2AF61C07B1C8
S3150802E2D03C14F743FCF04400B80DF6020B100DC7C8
S3150802E2E00417431AFA0B252AE2D0CAF236F9FFFEB8
S3150802E2F0294B4911B1ED1F4913C2B1FEC4E31C12E1
S3150802E3002CE311DF35FDF5C8C41AF0E61223D62A26
S3150802E3100E2D0DC000E9FD1B1BE9FAB9C7F9C3D4D6
S3150802E320E60A360A31D9CBFC2DF9C1F0FC1ACC34EF
S3150802E3300ABF16D1E43931C61418E3392928DCB7DD
S3150802E340F2C91CF82BEB18F824CB13BD070BC2F243
S3150802E3502EE2E6EBE132B5F7422BD504AA9EB3D2FA
S3150802E360F8D7102F334640FCF5F40CE018FB1B18BF
S3150802E3701AFC5206D8F1330CF8F1E63516B92DF720
S3150802E380BCE01629D3FB2ADB0CFBF50B34DF043879
S3150802E390240DB717014FFEF11723D0EDC8F0193C2B
S3150802E3A013F533190942FC4A40DBBF34F71AFA3B24
S3150802E3B0C5E8C40715FE181344160CB800011DD18A
S3150802E3C0CBD196461E21121127C3CBED0DB922C415
S3150802E3D0D9231D22AADBDA2CE13FD0FDDB1EFBB6D0
S3150802E3E0C8C81B0024173C05F4C3C2AEF430400B60
S3150802E3F0A9E504FB01161ABCDA09D0FAEA322402A4
S3150802E400E4BBFBD4FC1B04EA123213EAE3EAB84380
S3150802E410F53CF2E91C07DC0A561BB9EF14B918A237
S3150802E4202B471DC22CD4E5E0EBECE201161AD9E61D
S3150802E430D5004DD13522D9B9DF2114C7FCB1D1D1C6
S3150802E440201B2216CFE2DCD8D8D03543FB2410098C
S3150802E450DE11C720EA07EF471202E0E3BCE1092B07
S3150802E460260AB711E6F328DEE845EFE913C0D55FB9
S3150802E47000C92318DCD1DDCC070105031A45CCB047
S3150802E480DE011119D629FDEA51C026E30BD5EE287D
S3150802E490FB109E05D145EA1E2631DD02081CACB9E1
S3150802E4A0C4DCF0FE3035FAC1552EE7CE1A383104EF
S3150802E4B0D9C00BFEE6B80616EDCCE00016F9F6A7AB
S3150802E4C030CE0730C6E6B717EBDAD51308C7D0F44D
S3150802E4D0DFE7F619E8FBE14AF9FCB0BDCEDA1FDF41
S3150802E4E0DC3CE10AE6503418631D10BE2114D454EC
S3150802E4F0F70DF0104AE7130829DB0BD70ECECA1B15
S3150802E500D1C5182C18BD0AD2EE04F6C7200B1A1A62
S3150802E510200FF020CC36CFFD673D3D0503DF0544CD
S3150802E520C918F526D65BD22CE411F3FC22212F7FDB
S3150802E530F3F1FED82BFA24D7EC270633B1E7CD2C14
S3150802E540052D1D410648EC31AF44DFE1E0DFF20F4D
S3150802E550654133FD2FCE37F631CE544EE4EA14EB3D
S3150802E56032C9E1FDB7C922BED53F28FBE92E21C72C
S3150802E570F62435250C131E04BB3F371601E32A1071
S3150802E580BAD417C5C832F555F5B65457674F282574
S3150802E590E4FE4A44D1015415B907F304DF63622B3A
S3150802E5A0EEC3E71AB420F401D7ED26FFDA0722B242
S3150802E5B03B3622E8FFC8D2470A391908D31BD81DA9
S3150802E5C0F4D34E142B6BD9141F02114AF2E60E2508
S3150802E5D05BE9074472BA51CECED012D53B3145D942
S3150802E5E019F168E6D3C60AE035FD0BE0BB2C30BA52
S3150802E5F014E12D3F215906060DD7130B06FE2554A5
S3150802E6002CCCD931A871DE0E2A292DF03BCC08076D
S3150802E610FF6062DE73F8F7CCB129214F3801292948
S3150802E620E4CBBDCC0021CB00E3024C0D3247281ABD
S3150802E6301F0DA636E3F930CCCACF2F1CEB2DE2FD0F
S3150802E64033DE2DCEF1374FB5E1CD06284A574409B8
S3150802E65066361111EC2355F1D00D1D31DF58501ACB
S3150802E660D803DF1392DB43CC29BEF70343361CD308
S3150802E67018F9D6AE26500AD34952D56CC520493266
S3150802E680CBE00BC7BD1CDCD72CE30C14310C34C40D
S3150802E6901F1105EC71191C84ADC9524ADEFB1BDA3F
S3150802E6A0440DF0EA32E4352423D85EF2EB4626C955
S3150802E6B0D75B115CE1E40E0E17EFD7DB28E9EC6FA6
S3150802E6C0104D1B3C13DE2E370AF5E5342CF1399230
S3150802E6D0F7F37F6A30ED4BC9D2DC33D930555DD9B1
S3150802E6E030BC20C8AF0FD5DAE7BAECE2E811F1E19F
S3150802E6F0181DD00741FC35213FC9F9F1F9DA66350B
S3150802E700116BC04ED705D45118BE41DCEEF11B0978
S3150802E71019C958DBF1E40BDCEA2F261428141D521A
S3150802E7203213D13CED012747C5C44F47F8BFADE3C5
S3150802E730FDD6C2A0EC0E3E253C0D0C0AEE2F33E2A6
S3150802E740EFDA6306F85F52F72412EA2026F6040780
S3150802E75048E65B27E425F713EDD70F02D8251804F8
S3150802E760FC2039E1C10312F05697420AD5D9B6CF31
S3150802E770010C11514DE6BDE81945D9CA1CB1E7DCB1
S3150802E780B525032011F7EA16DBB1F419FC28DADB02
S3150802E790F7C9F0D505EBD50B341C081EF1EA21366C
S3150802E7A0E126DDF92F2AE2C60F36F209D40E08133E
S3150802E7B02B18162C1D0855DC2B05A5D8EEE808DD06
S3150802E7C0DF0E01281FE7FAFB0AADEBCBD0FCFA27CE
S3150802E7D01EDC08FEE1E717E4321E0D1BD71C404279
S3150802E7E0BF03E9E724162E2FE71916E8FEEEF328EB
S3150802E7F0FFFCCE1C07F62CFA25262F00E9CA41E3B0
S3150802E8002244D3DAFB43D61041E4030C470D2532E2
S3150802E81044F2E5E5E211EA0E0FFB18E7D0E7DADF84
S3150802E820B8000CEECC7FFB0EBDD12CF6F6013A06EB
S3150802E830D1EEEDF410F3412AD0EDF9C4FEE703ADAB
S3150802E840E73701FBDE28C0E3F600DD07DAE70CEB63
S3150802E850FF104604F40034E404BDEEEFB9C938F1FA
S3150802E860ADC228F1254FC9C4EEEBCE17E1141F221B
S3150802E870E0050824FCE112BBE834E8D5FDB1F4D181
S3150802E880322C0E4006EAF4EB3523EECDCCC930E045
S3150802E890EA0C30D6091CE23A46FBF6DDB71BBF0680
S3150802E8A00C10D6FAEB4C2BFBFBECD4C1D7FC24E6B6
S3150802E8B0082EE519D3DFE31E1CFCFE0038140411EA
S3150802E8C03824EE3E1317EE180F1A220607DCEFEB72
S3150802E8D01CFCDC2EF3400D0112FE313A13E9EBF370
S3150802E8E0E0072F07CF253DC9E823C924CED9172526
S3150802E8F0C92DC515F4070010183BF0200809E8F8D9
S3150802E900EFE1FA342434E822E1C11B0DD9D0E9B18A
S3150802E91038EEECC52D2EE003E0DAFE2994F34CEA34
S3150802E920143CD32FCC0DEB48CD0ED244FAFAD1F3D0
S3150802E9301AE2CA05DE164603CE3C1B05D01DF40CA8
S3150802E940EFE2E52BF0E3F4D918CF3A18CDF2EACA8A
S3150802E950E8C41A28041BC645DEED41CFBF0820ECE1
S3150802E960E400E2D5CA4BF219C6FF1A03E8E0D84218
S3150802E970303301D531080C172D64EB0101E60CF38F
S3150802E9801000F51121572C060E1CD2D6DA282CF1C6
S3150802E990FE1AE405D35125D13EF6FE1FCA26DFDC50
S3150802E9A0B73337514065F6F0EFE3EBE9FEE70306C6
S3150802E9B001DCEB262D4BCC2215FF4C39FB29F4BA88
S3150802E9C03EF7B6054EDAEE05E036F83929CFEE39C6
S3150802E9D00A06AADAEDF4DED21D2E0D194AFDBF6B20
S3150802E9E01FDCAD2B1608002E052DE608D32120576D
S3150802E9F031A1DB26513316C5E83031E13BF6540125
S3150802EA002512C7E9EF06432A33F63145395A4357E1
S3150802EA10C6D0C8D5DA30CD003AF9F3242CBCFCF5B9
S3150802EA201A21EE4A0B11DDC9C1DCFCFFA3B1C0F7FE
S3150802EA3043ED27F02BF3FFEBB1FCFC53101F3129F2
S3150802EA404445B2C70148A3E1DCD2290232E7D15BC9
S3150802EA50543901E2B238F9A602FF2041F6BE0FB6D2
S3150802EA60144EF301362400B8BDC345EA101FBDFB98
S3150802EA703128DC4BCA471A10CBE61CFEFDD4E89DAA
S3150802EA800F153F372E39290DD318E830B822242816
S3150802EA9027C622CDD62CF2391718F55BFFBCECDA5D
S3150802EAA00C261C602A1521DC233D13F6EABA2B1B19
S3150802EAB0C3EB0C34CAAC3DB816CC0FFA0E424F3D26
S3150802EAC0F430E0F842CA240D40F8E22EF043D03082
S3150802EAD00134ED1A3CF8C10CF53BE90E3F13523FDF
S3150802EAE00DCBE14522DA11451523D51FE9E2D23DC0
S3150802EAF021B5A93BC946FF2E45321B3AE0202BEC2D
S3150802EB0011D4031815292F332CF4EC504645081650
S3150802EB10E1CFDCD7BA3DE60558591E4004B25E0D70
S3150802EB20D9461505DB5ED4D0F40B3212B6E4EEEE06
S3150802EB30E625B3CBDEC0D7CFEAD4FCC1DBAFC3121E
S3150802EB40164C0D185DED10CDC842BC59DD49C87F7B
S3150802EB50EEBBCCF01814C7F53B16F83E38161F1B49
S3150802EB60DB34C44C4CF025F5C70B01E10AC1233D41
S3150802EB70231EEC35C91B443849BF12CDF81923C4E4
S3150802EB80CB1942122BDEF5303F14242CE0D1376321
S3150802EB901ECBBF12220117184717DA2222FA0B6B6D
S3150802EBA024E3D450230738C446C80BBBCB3302E947
S3150802EBB0FF179B3FC304D2ECBA0CED1AE3EEE0341E
S3150802EBC05FE8BFE8FE030AC5E1E9433E38B8B3F594
S3150802EBD004E5D8F2EABC2CE3774EF132D1BE0AC379
S3150802EBE01CC710DAFB29F7DFE8D723CFA9C73DE60A
S3150802EBF01F1BF3F7033811D42B1FD5C731263BD574
S3150802EC00DAEDE00C19E32FB1216AFE34D3E2BD77BF
S3150802EC103726E5F315B83060AFCC9DF31AE7FD57F2
S3150802EC20F3DC361A5324E1E7D011E2B6091EC85BB3
S3150802EC30BAEA30FAD10EE624E0ACAE1E46F12CFD55
S3150802EC40600935F047CEE5C1CD46EBDB0143CF5926
S3150802EC50E74730EC1EDCBDE9B82BE3291330F26432
S3150802EC60C0BF22C46AD93E0F370246B0E6454900FC
S3150802EC70D3C22832AFBBE8F7F4D44BF731F32B34BF
S3150802EC802CBD3BB6F11F50D30048413B4208DF4634
S3150802EC90AE0CF2E3FAF3CE7F3DD0D415ED10E0E0E8
S3150802ECA00D2CEF2DE210D3401C12F0021ADE092DAC
S3150802ECB034C72B2601A807430B1938FA285AE6ED5A
S3150802ECC0E73140C249E45A1D046BCE2391EFA7F8F7
S3150802ECD0BA5AE738EAC1FAF315F50F32323C3EFC66
S3150802ECE026A10F3203AAB6C620D6D6FB2B3828068B
S3150802ECF0D3AC08ECD52BF22A3BE5C3C0321F182E3B
S3150802ED00EA05F1D656414EC524500B3BE71BFF29AF
S3150802ED10F33401E123B92FCD0EEC0FBC4EE0C10B43
S3150802ED203C13F7E929CB09EF1FF8311CE8FE0B0C57
S3150802ED30E7105AEEE8BDA5EEB49816D86BCCC336E2
S3150802ED40241CE907D0BAFB25D6E22B0E58E632F583
S3150802ED50C64ED43ED8B3DA00DBB1CAC532FFD903F0
S3150802ED603144FFE2E9F4CC61E52ED20223081CCD38
S3150802ED70F2BDD3E4A1C22BE2D49D0BBF4665513E38
S3150802ED802DE532D8C5E4DE19F5E7B1E6A52DA43C92
S3150802ED90E1CBCEDE1DE632683A3699DA05DFD5F8DA
S3150802EDA0F603F5F402081936E62105F7FA324F3763
S3150802EDB0D6D25D450FFBE9CE27E810412665AAFAA9
S3150802EDC018E0CFD3E3C53B3D42461507D92D1E0FA2
S3150802EDD0DC3C2E1007C4FBF73214DBD402E81EF81B
S3150802EDE03BDAD4DE0D1127C53BB73717FBCEEB1638
S3150802EDF0BD45411C1DDA0BFBE7D301C75C1B21028B
S3150802EE0017390F3FC8B0E0C030F7D5D2303D2C1CB9
S3150802EE10CDC2FEBDE51D17FA380CF9C8DC14E0D1DF
S3150802EE202CE129CA451EF25AF4E23B0B1EDE39785A
S3150802EE30EB0CF4D1CDE507D9F22AB83FE2C9FDAA0F
S3150802EE4095E56206F04FF41D33E6B419D412CE11D5
S3150802EE5069055B4D60133EC9FA434535A8113D1550
S3150802EE60011EBC3AB3EB0B22DBCAC951DC1D2F9A31
S3150802EE70DABCEE0CB9E337E00A6A00161F9C704149
S3150802EE80D5C4FA1EDA11C02D4114C7FB4238F2A0C6
S3150802EE900CD377CB64C0EFD01723F363BFDC5DCC0A
S3150802EEA02543A6F213F343C6313727E6D6F6C91524
S3150802EEB037E463AA04E9290C3A4545E512DE4B17FD
S3150802EEC0503D10E73F3EC6554AB108BB1A5B148847
S3150802EED01D56513E4920F530E636D8C7DECA6A15B0
S3150802EEE0F929F832D84A24AC0B25FF3DF220C3BCD7
S3150802EEF0C250353E3B550405FD45317AF5142613B5
S3150802EF00A21C4319063116012C94B804F5903DB398
S3150802EF1015255F213B0F36D236B73C2A2DEC76E310
S3150802EF203E4D0F33E6361D1708CD02373719DDCAAF
S3150802EF3059BBD1143E23E417CEE5F3643C0A0221F9
S3150802EF40B6F1F45DDB011DFB2FA727F30F4431FE53
S3150802EF5018EB37F9CD1FF72F3AB956DAAF1D75F008
S3150802EF600DD7DE3181F0FD30B0E5114C2CDF24419E
S3150802EF7016FEA9DCB9311E38CDE53F69E1C61D4149
S3150802EF80CC2F12EDFEF106234F0C40AE3F760FA2B0
S3150802EF901E25393F69B6100A1B0ED52B2FEC42BC2B
S3150802EFA0C6324805CA01E1A4DF2C0E09E0E923FBB3
S3150802EFB044362D10CB6E4341B13CAA4B20275C2721
S3150802EFC0CFE1E3DEF741D4263892BDE4FBC75E2CD7
S3150802EFD0273E46D52B5D24C8EAB9BD6E9AFE3A513C
S3150802EFE00ACB1BF3C5321804D0543415A0ED21F907
S3150802EFF025EDD02DC84EECC5CA48B1391A50EC5B7E
S3150802F000A606C9F9BBFCE91BFC163B0ADEC318DCDB
S3150802F0104B94225C4C6027FCD30E36DED04F4B1144
S3150802F02052FF19CDD31F50C794361503301604EC78
S3150802F030CFBFB7E932BF0211CB1A3136CFDE58F746
S3150802F040CB471B4AEE2EE46747C2FC18E7F346385D
S3150802F0502747F8F35A21B2B9FC183DD7DF094B3FC7
S3150802F060B4C24F3E1A012FA7FD1958CFACEBE2F0F6
S3150802F070C439E1FADD0708D20BFB04C004FC47EEEB
S3150802F08013050E476519B5C91400C729EDFAD40E3A
S3150802F090F500B5DB16F3A528D8FD17D1A1F710F8A8
S3150802F0A0142FADB81FE936FDF02281D01FEFE071AB
S3150802F0B0E2D0DFF613DC250D160BB94207011DF364
S3150802F0C0FB07F751DA49D6F11239BFE1C2F4C12476
S3150802F0D0E402BF2CEC6CD750F539F42117B9E8E2F3
S3150802F0E0F4EACB4BDF2C38EA43DB8B0C1093ED5A50
S3150802F0F0E4CB030C411361DAEE41332B1003CBCA7E
S3150802F1000A12B8F6F0E40E31CC372C0533141F1365
S3150802F11007FF2EE1E0192DD3F93FEEF31DE6F51BA5
S3150802F120AE0BFDEC5B35E0D84E4C0133C0F0F00D6A
S3150802F13027EDDDB1FAD7382A00020FBA251012C612
S3150802F1400AECBF2038B5D9030EFDF3FAF50712EA21
S3150802F1502D34B303FB4BDD5C081413C307C90CE655
S3150802F16002E7BDE7DEF34B37E21EA0083739F17432
S3150802F170059F3659D6D6BBCDF61AE9FA152F06EDEE
S3150802F180FC48ED132D3210D12500D41FEFB5070622
S3150802F190D90FB119011FBB32F5E5B3D0D10BB706AA
S3150802F1A0F30D16C4D211FAEDFAEDE322D427335041
S3150802F1B020EAD6F30ACBEE040302291053FD1713ED
S3150802F1C0BACD0C3BB3EECCE8011431E03E09B226C7
S3150802F1D0280CF538B1D2A23F2636DFDEDFF91C3716
S3150802F1E031160B463421D81FDFBBAD29F1EEB664C2
S3150802F1F0E9D113E2FCBD37BD4FE226E739D829E249
S3150802F200C6EAD31719A5BA283BE0BBF1B4BFE31780
S3150802F210BDF8B8F4094CC356344DBECDEB1D3AE7DA
S3150802F220EEE90DFA0B79FAF6E73BEFFF2DD2DE543B
S3150802F2308A37F5E97018BFB52B40CBFF25AE23FEFA
S3150802F240FA12F9EF28BCADFD6024B3ACF619A93160
S3150802F250C60998CCCF5415354DD8FFD0D1C62EBF86
S3150802F260050F37FBF2FBFCD728CAF219E220DE4A61
S3150802F27024214E4742C416E80DC7B711482926EC81
S3150802F2803CE0F9EC2E41DFBA2600B0D82C29E64735
S3150802F290D9342E2BB11AE4B37EE0C436C3050EF276
S3150802F2A03CD227FE04222C0448CE2C2F13F7026DDB
S3150802F2B0B59F18FA2AB63C9AFAF3FFFF0400000033
S3150802F2C0000100009DD0FFFF71380000F3D7FFFF51
S3150802F2D02EEFFFFFB28DFFFF483900003D0D0000FB
S3150802F2E03E98FFFF3278FFFF28EBFFFF7605000006
S3150802F2F0EB78FFFF80050000A055FFFF8D36000062
S3150802F3008D040000ACECFFFF7EEEFFFFCCCAFFFFC8
S3150802F3107F1D0000CF7AFFFF3D67FFFF664B0000A7
S3150802F3206EE4FFFF169FFFFF8284FFFF85F3FFFF50
S3150802F330470B0000D0D5FFFFD4050000D402000019
S3150802F340C4B6FFFF447EFFFF0FA4FFFF18EAFFFFC4
S3150802F35024E2FFFF50A1FFFF3492FFFF8D91FFFFCA
S3150802F360C3040000DEA2FFFF44F3FFFF6D8CFFFF1C
S3150802F3709CB2FFFF9B6C000017A2FFFF4187FFFFAD
S3150802F38067CDFFFFF37BFFFF0068FFFF4EE8FFFF35
S3150802F39070DCFFFF69CBFFFFDE95FFFF77FFFFFFFC
S3150802F3A0E2A5FFFF3B85FFFF9B3E00005C73FFFF64
S3150802F3B0970A0000F782FFFF90D9FFFF4D8FFFFFE4
S3150802F3C0C605000006F5FFFF04000000000800005D
S3150802F3D0812DA9AAB144D646322019EDA95758FE5D
S3150802F3E02AC8C66BE420C448DA044FFAB10B104F98
S3150802F3F00DAA4F88672150B25BA5D010BE39AA382C
S3150802F40084C77F1DE0EA48A92D0B98C7E0E8F3AF49
S3150802F4104D58D40399078197C56654D210485D831F
S3150802F420EED309F9CAEAC58411761858F705BE0655
S3150802F430EED94D5496540784C006FF7F262F4718E7
S3150802F44045B1370DB421DBE7412FE007EF9A5304A4
S3150802F450A1E850CD190CABFC1665069EF47FDB8F2E
S3150802F4600F9064BACA50723E9B921DD3F161F55948
S3150802F470BFB80E9BA3CDAF068FCEF67B14164806F1
S3150802F480210ED8257187535AFB69FB812AD5320C7E
S3150802F49040C2DAD35B1D0AC1CEA3E81AEDF60C3FC9
S3150802F4A00A237F2405A83BE45558FBE3B00FF8B1BD
S3150802F4B04CC646D3B252065D48317F8D96CC02E3DE
S3150802F4C05A96026B4265EFEB1FA4DD71CBFDDE3364
S3150802F4D03837EDB4EE91448C5A7A35075D0C5DF4F3
S3150802F4E096D3074DFE0318D2AA81CA9BEFF1635A37
S3150802F4F03C9B5B46E80A50213B7F8C5C319609C5EA
S3150802F500A2D3D0E22F4301217B62CAB2B8CD104EF4
S3150802F51027231CBD23D30FF906C9B5ACDB0B3C5018
S3150802F520051401DEEF81403A48BBC6CA2DA6ECF1A6
S3150802F53033860C59270E0E04450C608A7F6C5B26AF
S3150802F540F2244B34B5F4C2049EAF4EA12305E46BF4
S3150802F550A59C38221D1CC8B6DE7F15EB0831E43C93
S3150802F5600239D9B8595A016064A71D59DF6410C413
S3150802F5707FD61C0921DBDBDAD0ABA69F23144F61A9
S3150802F58049DE9E302F4C6D9E88C721C4B3136D6227
S3150802F590F604D6DEA7A0C7A919425DE7DE3EE5CE88
S3150802F5A0C478358158C167BD26BBC2AC6297688FDD
S3150802F5B0E9C63C7F2B0DC0131A34E2FA31BCF81D9A
S3150802F5C0554FE31521C4B2D6C9A6DAA7FF511F269D
S3150802F5D081FDD9DC9F11E9CC3E53FF76B4255D0E39
S3150802F5E035FA35A810073C44E8DB4A59C08EFE387E
S3150802F5F030640EFFF4F22014267F0A4DD85314A75E
S3150802F6003B61FD1EF4C71CF1DF4776B4529E49964C
S3150802F6100A6D4315C3DA2C4C534915EDA0EEDD32BB
S3150802F6200C28B636980E0ED0E33AFEE597E57FD358
S3150802F63018E734B6124874FD0EB1EF7543DDFCF4D3
S3150802F640F064B3699AFE7FB0BCBE24E522785A55A7
S3150802F650C8AC575671DABF115FEAF6AB7ECAD0E676
S3150802F6607F39AD78C609CA706842BA576FC458EA74
S3150802F6706B1C6DF432B5F23D5D7F2D29E2F531D46E
S3150802F680F1C91740C6514B29E71AC3379AFE5738AC
S3150802F69024B4C1AB03DE27A600BAA7FAFB047F0986
S3150802F6A0A41772D8FCB61CF656344CD026E13B0792
S3150802F6B0BCFE7FFBED88D31391095697B8EC34FA52
S3150802F6C0CC719D15F03F53B8FA6636D852C5A7B322
S3150802F6D09F51D0EE81B8669F86FB88A9E5BFB80D13
S3150802F6E03620FD4B9AC9E41D190630515CAC4455C7
S3150802F6F0C23EBE963F19483A0735FA161AB6BD995A
S3150802F700F62EDCD32E512EF7D098815D0119DECE66
S3150802F710CB918F030DBEB3573C3868925CAA325F11
S3150802F72029E1E5E56198E511B7FDB30E4B7F6CDA81
S3150802F730A561DDBA42815E10C22C0598460AEEBF63
S3150802F740E3082221EB039EA2EAA59B6E9414F229F2
S3150802F750970E08CB2E58CC43D7F13FA2F8FB456B40
S3150802F7608E1E7FD74021D70954901213E0064BEB21
S3150802F7704E383BC36DF649C25D15E5E47FCF375E69
S3150802F780BD56E05DB476FA70034292EE65E3E2CFC7
S3150802F790DFFB2E1BBACEBCA381D4CCA6E3D4ED07DD
S3150802F7A00F18F3321BF0EC24B4290BE946A1B5BBBA
S3150802F7B02A1A3898814A19B9DCBDA357B24DF33CC7
S3150802F7C00D34090F7A5B64A5A69A083A1FD2A4A932
S3150802F7D01AB45486AB1F4C4A030B2A604192314E27
S3150802F7E04C379F8E176196F328D557E9321781D27F
S3150802F7F005441647A2B37802B98166BEB20503AAC2
S3150802F800158641731491616ECFAB630F249A9E27B6
S3150802F81013A7CF41EDD43CE5D6C1E4ED8C0BB3E298
S3150802F8205831CB7FDD9BC625079B133AA51F2B367E
S3150802F830C7EAC47F67B9372712D16412EA88A80EC5
S3150802F84038591036C5CE2B00353A47DF5C12561B9F
S3150802F8500606F71E98C072FC454158A843E1991F4F
S3150802F8609A9BCB7FDE141C6BEFDF9DFF125DD212D3
S3150802F8700309BC644930FDA0DCA27F03EDBDEC0799
S3150802F8800A4EF2DB12CFF94F05E7B03C0B782BB2E2
S3150802F890243349854EE5C646527AE8AAC2AFC6BCA3
S3150802F8A0C9F4B325A33827A98865E92DC17F97AC82
S3150802F8B0E7BC54FBBBCD6690CBA55561FE1928451E
S3150802F8C03B157FBA52EAD22AF3304D36B69D23D675
S3150802F8D009AFCAA0B03BD6E7FCE246B2DBB504578D
S3150802F8E006C3CBC25110BEAEF94A04C70AA181DBD0
S3150802F8F00C1F8BCE734118AE3304956D8E2AFFF911
S3150802F90034E1CE36FFFF14E45FE53E7F72BB3B86E9
S3150802F910E51227FEF99CDE477725E599155A0096E2
S3150802F92050DC5C79A2E7B569EA9D93EEC5A04A7FE9
S3150802F930812AFB06B1F518F43D1708A2543DBF12F9
S3150802F940BB1CE82E1348FEE2F44D004DFEBDE0E373
S3150802F9509FF6B39C193F128D830F6CEEA81B834545
S3150802F9600DAB290E08DA1B58CA6D818B942702053E
S3150802F970FB11995735C26F5527EC69551BC82518CF
S3150802F9808D9D321EA276560791BAAE5E0009508147
S3150802F990FC5144EF57E660AEDDFEBBC17F6494D6E8
S3150802F9A03398D2FDBB6B291C372F4EE70F41065100
S3150802F9B098C27F76034552F60849CCA665E7A6AAF9
S3150802F9C037F030966B6C1A0F3A0A4BD12CADBB90B6
S3150802F9D0B9FC534DD62D775F29984EBC7F57CAF38B
S3150802F9E03082C623417E3BAB3D454F606FC270E60F
S3150802F9F0C31E7F361714EDF21CB61A59FAB440C460
S3150802FA002B1F09552501B0634119AAE3B8F6734EAF
S3150802FA102064AD4502E835F2D5B1C31BBFDD6D667C
S3150802FA20C77F3233D2F2314C52BBED30F32E0F5828
S3150802FA30EEE0150573DA4D46B8DB26D1AC7F519A4E
S3150802FA405DF6F99A266D061FA5C7FA155525569D20
S3150802FA50DBBB41BEE3FB27460B37D3C56D7A2FEFD7
S3150802FA60CA040C09FDF822D9E9C649DABF7F52F75A
S3150802FA704DDDD10603B75659F90006FC39F151BBDB
S3150802FA80DCFFD509157F0428D24BAA1BB43729E512
S3150802FA90D219FA19CE818C0FBEBEA8D9FAE6E1D0E0
S3150802FAA088D855D886441309F031E5C946A797A7D9
S3150802FAB0B72C45095AFC2B2CF1DE61BABD7F15A776
S3150802FAC012D9DB30374C29A20DB4C645E55A501077
S3150802FAD050FFC7C5379DEEE67553DF2C6458FBC742
S3150802FAE04E3767322D7FC4B32796D211EE03F9D764
S3150802FAF02CDAF88FAFFD1C0336EE10E6306D193F8F
S3150802FB005CA472E05C81BB50332C9F880BAE96696D
S3150802FB1049F27F9EE9CB77B2AF7741E81063F89B4B
S3150802FB2030082FF10311231D4023D7EE9F68635433
S3150802FB30E1F95DD89E2B1AA93F9F137216C0B79C8E
S3150802FB406AA929A4BC4ADA81383A74D72F5E4501D4
S3150802FB50FF1F2B77E8F8C2A2CE69816FCCEC33BDC2
S3150802FB600FFCD34A615DBBE5EDF8850843F360AD4A
S3150802FB7093E04C3099ACE2B109FC187FCC01061827
S3150802FB80006046BBE697AF2B1509B903F595E12F39
S3150802FB904BEBEF0EFC4E5328725100157FE9A4B9C0
S3150802FBA0D71028074B4546FDD8C551412758340377
S3150802FBB0C331580CAED4183DFA41EB793931CDFE32
S3150802FBC0F981A8E94F24CBE9335C392FB953A7F851
S3150802FBD012FDFFFF04000000000100001C020000E5
S3150802FBE0B8080000F01600007BEBFFFF160E0000B7
S3150802FBF02B09000025F7FFFF76F4FFFF69FDFFFFDB
S3150802FC0074F0FFFF2F0B0000EDE5FFFF1BF2FFFF6D
S3150802FC1012F7FFFFC31F0000DB02000063FEFFFFAF
S3150802FC204EDBFFFF9EF4FFFF26D1FFFFD1E2FFFF67
S3150802FC306BD7FFFF0106000059100000B013000041
S3150802FC4023110000170F00004D2700000BFBFFFFD2
S3150802FC5055CAFFFFEE2C0000DBFDFFFFCE010000B8
S3150802FC6087000000D014000005DBFFFF03FDFFFF3D
S3150802FC707AF6FFFF791E0000D7F3FFFFE83200008D
S3150802FC8029E6FFFF6509000010030000781C000042
S3150802FC9031EBFFFFBFDFFFFFC9F7FFFFACC1FFFF75
S3150802FCA07CE3FFFF5BDAFFFFF4F1FFFF8EFCFFFF49
S3150802FCB033F5FFFFF8430000D9EAFFFFD4F1FFFF4F
S3150802FCC01A020000D0DFFFFFF900000089FFFFFFDC
S3150802FCD0681E000098D0FFFFEEFDFFFF1EFEFFFF25
S3150802FCE004000000000100001AF2B4021FBAD16C27
S3150802FCF02C81B3231642D98E2430DED94B209CA7F9
S3150802FD00192D29ADE79ED2234E38D6D16D495BE02F
S3150802FD10EBD35713415C4BF74313C2F1513D983D60
S3150802FD20658F1D3CACA7399381582B1A06BDD04660
S3150802FD309527C0F86000240FAF65CA4D5121D4EF4C
S3150802FD4089C75A54944989A70BB7DC0B0C5AF49104
S3150802FD50B617D286529A422CDBB4002361E2A34438
S3150802FD60D302F15D07A7353C6A53C768A5455C2DE2
S3150802FD70AFA705B0F2AC21C36EBBBAE693960AC228
S3150802FD8037E617D602B114055152688F2A9EEC50EF
S3150802FD90FEA5BF0F7FBFDFDBC0BD60C3E6AFF1DDE7
S3150802FDA01465960BA759D337E9FE064981B7B407F6
S3150802FDB04639BDBD0431E4309FC23BA72825B505A7
S3150802FDC014B0AFFBAA20CD9D25BC5A21F8CC01A0C0
S3150802FDD0EEC4509E9B2DCE18A4355B8E89B101D3F5
S3150802FDE0D6DDF2DA3C37CFF72AFFFFFF0400000020
S3150802FDF01000000044FAFFFF73FEFFFF55060000DD
S3150802FE00A600000046FFFFFF0400000008000000ED
S3150802FE100100000002000000A8CAFFFFACCAFFFFEB
S3150802FE200F0000004D4C495220436F6E766572747E
S3150802FE3065642E00010000001400000000000E0098
S3150802FE401800140010000C00080004000E00000040
S3150802FE50140000001C0000004403000048030000D0
S3150802FE604C030000040000006D61696E000000008A
S3150802FE700C000000E00200009002000048020000A8
S3150802FE80FC010000BC0100006C010000300100000A
S3150802FE90F4000000BC0000007800000040000000EA
S3150802FEA00400000072FEFFFF1C00000000000009AB
S3150802FEB01C000000200000000400000000000600EC
S3150802FEC008000400060000000000803F0100000050
S3150802FED01D000000010000001C0000009AFFFFFF41
S3150802FEE014000000000000081000000014000000C2
S3150802FEF00300000084CBFFFF010000001C00000085
S3150802FF00030000001B0000000300000002000000BE
S3150802FF10CEFFFFFF140000000000001B10000000C7
S3150802FF201400000002000000B8CBFFFF0100000029
S3150802FF301B000000020000001A0000000100000079
S3150802FF4000000E001800140010000C000B0004003C
S3150802FF500E000000140000000000000B1400000050
S3150802FF6018000000010000000EFFFFFF000000015C
S3150802FF70010000001A00000002000000180000003C
S3150802FF80190000003EFEFFFF1000000000000001FD
S3150802FF901400000018000000BEFEFFFF0200000069
S3150802FFA00200000001000000190000000300000022
S3150802FFB016000000050000000400000076FEFFFFA0
S3150802FFC010000000000000011400000018000000E4
S3150802FFD0F6FEFFFF0100000001000000010000001C
S3150802FFE018000000030000001700000007000000C8
S3150802FFF006000000AEFEFFFF100000000000000130
S31508030000180000001C000000A0FEFFFF000000010E
S3150803001002000000020000000100000017000000B3
S315080300200300000016000000090000000800000095
S3150803003000000E001A00140010000C000B00040048
S315080300400E0000001C0000000000000B1C0000004E
S315080300502000000001000000000006000800070059
S315080300600600000000000001010000001600000061
S3150803007002000000140000001500000036FFFFFF11
S315080300801000000000000001140000001800000022
S31508030090B6FFFFFF02000000020000000100000097
S315080300A01500000003000000120000000B0000000A
S315080300B00A00000000000E001600000010000C00E5
S315080300C00B0004000E0000001C00000000000001E5
S315080300D0200000002400000000000A000C000000B5
S315080300E0080004000A0000000100000001000000E7
S315080300F001000000140000000300000013000000C4
S315080301000D0000000C000000C2FFFFFF10000000F6
S3150803011000000001180000001C000000B4FFFFFFE8
S3150803012000000001020000000200000001000000B8
S315080301301300000003000000120000000F00000077
S315080301400E00000000000E001400000010000C0052
S315080301500B0004000E0000001C0000000000000154
S3150803016024000000280000000C00100000000C000A
S31508030170080007000C000000000000010200000050
S315080301800200000001000000120000000300000046
S31508030190000000001100000010000000010000002C
S315080301A01D00000001000000000000001E00000002
S315080301B0FC310000A031000000310000743000005B
S315080301C0202D0000BC290000682600000423000037
S315080301D0B01F00004C1C0000781A00009418000099
S315080301E0C0160000DC1400000813000024110000E8
S315080301F010100000EC0E0000300D0000640B000028
S31508030200C00900001C08000070070000A4050000D0
S31508030210000400005C020000B00100001C0100009D
S31508030220800000000400000092CEFFFF00000001DA
S3150803023018000000200000003C0000001E0000001B
S31508030240000000095000000002000000FFFFFFFF46
S315080302500400000074CEFFFF080000001000000031
S315080302600100000080FFFFFFFFFFFFFF0100000002
S315080302700000803B1B000000537461746566756C4F
S31508030280506172746974696F6E656443616C6C5FFF
S31508030290313A3000020000000100000004000000AB
S315080302A00ACFFFFF0000000118000000200000002D
S315080302B03C0000001D00000000000009700000005B
S315080302C002000000FFFFFFFF04000000ECCEFFFF63
S315080302D0080000001000000001000000F3FFFFFF04
S315080302E0FFFFFFFF01000000C201903D3800000038
S315080302F066756E6374696F6E616C5F312F64656EC4
S3150803030073655F312F4D61744D756C3B66756E630E
S3150803031074696F6E616C5F312F64656E73655F31E7
S315080303202F42696173416464000000000200000003
S315080303300100000004000000A2CFFFFF0000000137
S315080303401800000020000000400000001C00000008
S31508030350000000096800000002000000FFFFFFFF1D
S315080303604000000084CFFFFF0800000014000000CF
S315080303700100000080FFFFFFFFFFFFFF00000000F2
S315080303800100000066D6583C2C00000066756E63B3
S3150803039074696F6E616C5F312F676C6F62616C5F36
S315080303A0617665726167655F706F6F6C696E6732D8
S315080303B0645F312F4D65616E000000000200000086
S315080303C0010000004000000032D0FFFF00000001DA
S315080303D01800000028000000440000001B0000006D
S315080303E0000000097800000004000000FFFFFFFF7B
S315080303F00700000005000000400000001CD0FFFFB6
S3150803040008000000100000000100000080FFFFFF45
S31508030410FFFFFFFF0100000075B03C3D39000000F7
S3150803042066756E6374696F6E616C5F312F61637491
S3150803043069766174696F6E5F345F312F52656C75C7
S315080304403B66756E6374696F6E616C5F312F6164A9
S31508030450645F315F322F41646400000004000000CA
S31508030460010000000700000005000000400000002E
S31508030470DAD0FFFF00000001180000002800000082
S31508030480440000001A000000000000097001000083
S3150803049004000000FFFFFFFF07000000050000003F
S315080304A040000000C4D0FFFF080000001000000051
S315080304B001000000F1FFFFFFFFFFFFFF010000003F
S315080304C0054C3E3D3301000066756E6374696F6EB5
S315080304D0616C5F312F62617463685F6E6F726D6101
S315080304E06C697A6174696F6E5F365F312F62617406
S315080304F063686E6F726D2F6164645F313B66756EF8
S315080305006374696F6E616C5F312F62617463685FD0
S315080305106E6F726D616C697A6174696F6E5F365F4F
S31508030520312F62617463686E6F726D2F6D756C5FC0
S31508030530313B66756E6374696F6E616C5F312F63E9
S315080305406F6E7632645F365F312F53717565657AE0
S31508030550653B66756E6374696F6E616C5F312F6395
S315080305606F6E7632645F365F312F42696173416419
S31508030570643B66756E6374696F6E616C5F312F6277
S31508030580617463685F6E6F726D616C697A617469B1
S315080305906F6E5F365F312F62617463686E6F726D5B
S315080305A02F6D756C3B66756E6374696F6E616C5FF0
S315080305B0312F62617463685F6E6F726D616C697AFD
S315080305C06174696F6E5F365F312F62617463686E3B
S315080305D06F726D2F7375623B66756E6374696F6EA2
S315080305E0616C5F312F636F6E7632645F365F312FCE
S315080305F0636F6E766F6C7574696F6E000400000026
S31508030600010000000700000005000000400000008C
S315080306107AD2FFFF0000000118000000280000003E
S3150803062044000000190000000000000970010000E2
S3150803063004000000FFFFFFFF07000000050000009D
S315080306404000000064D2FFFF08000000100000000D
S3150803065001000000DDFFFFFFFFFFFFFF01000000B1
S3150803066070AE943D3301000066756E6374696F6EF0
S31508030670616C5F312F62617463685F6E6F726D615F
S315080306806C697A6174696F6E5F355F312F62617465
S3150803069063686E6F726D2F6164645F313B66756E56
S315080306A06374696F6E616C5F312F62617463685F2F
S315080306B06E6F726D616C697A6174696F6E5F355FAF
S315080306C0312F62617463686E6F726D2F6D756C5F1F
S315080306D0313B66756E6374696F6E616C5F312F6348
S315080306E06F6E7632645F355F312F53717565657A40
S315080306F0653B66756E6374696F6E616C5F312F63F4
S315080307006F6E7632645F355F312F42696173416478
S31508030710643B66756E6374696F6E616C5F312F62D5
S31508030720617463685F6E6F726D616C697A6174690F
S315080307306F6E5F355F312F62617463686E6F726DBA
S315080307402F6D756C3B66756E6374696F6E616C5F4E
S31508030750312F62617463685F6E6F726D616C697A5B
S315080307606174696F6E5F355F312F62617463686E9A
S315080307706F726D2F7375623B66756E6374696F6E00
S31508030780616C5F312F636F6E7632645F355F312F2D
S31508030790636F6E766F6C7574696F6E000400000084
S315080307A001000000070000000500000040000000EB
S315080307B01AD4FFFF000000011800000028000000FB
S315080307C04800000018000000000000099801000016
S315080307D004000000FFFFFFFF0700000005000000FC
S315080307E04000000004D4FFFF0800000014000000C6
S315080307F00100000080FFFFFFFFFFFFFF000000006E
S31508030800010000006D47F73C5401000066756E63EE
S3150803081074696F6E616C5F312F6163746976617495
S31508030820696F6E5F335F312F52656C753B66756E04
S315080308306374696F6E616C5F312F62617463685F9D
S315080308406E6F726D616C697A6174696F6E5F345F1E
S31508030850312F62617463686E6F726D2F6164645FB2
S31508030860313B66756E6374696F6E616C5F312F62B7
S31508030870617463685F6E6F726D616C697A617469BE
S315080308806F6E5F345F312F62617463686E6F726D6A
S315080308902F6D756C5F313B66756E6374696F6E6138
S315080308A06C5F312F636F6E7632645F345F312F531B
S315080308B0717565657A653B66756E6374696F6E6196
S315080308C06C5F312F636F6E7632645F345F312F420C
S315080308D06961734164643B66756E6374696F6E61BF
S315080308E06C5F312F62617463685F6E6F726D616CE2
S315080308F0697A6174696F6E5F345F312F62617463FD
S31508030900686E6F726D2F6D756C3B66756E63746971
S315080309106F6E616C5F312F636F6E7632645F345F1F
S31508030920312F636F6E766F6C7574696F6E3B667580
S315080309306E6374696F6E616C5F312F62617463688D
S315080309405F6E6F726D616C697A6174696F6E5F341D
S315080309505F312F62617463686E6F726D2F73756290
S31508030960000000000400000001000000070000006A
S315080309700500000040000000E2D5FFFF000000016B
S3150803098018000000280000004800000017000000B7
S31508030990000000097800000004000000FFFFFFFFC5
S315080309A00D0000000A00000020000000CCD5FFFF60
S315080309B008000000140000000100000080FFFFFF8C
S315080309C0FFFFFFFF0000000001000000623AE93C58
S315080309D03700000066756E6374696F6E616C5F310C
S315080309E02F61637469766174696F6E5F325F312F45
S315080309F052656C753B66756E6374696F6E616C5F81
S31508030A00312F6164645F312F416464000400000080
S31508030A10010000000D0000000A000000200000008D
S31508030A208AD6FFFF00000001180000002800000016
S31508030A3044000000160000000000000970010000D1
S31508030A4004000000FFFFFFFF0D0000000A0000007E
S31508030A502000000074D6FFFF080000001000000005
S31508030A6001000000F7FFFFFFFFFFFFFF0100000083
S31508030A709F6F223D3301000066756E6374696F6E5E
S31508030A80616C5F312F62617463685F6E6F726D614B
S31508030A906C697A6174696F6E5F335F312F62617453
S31508030AA063686E6F726D2F6164645F313B66756E42
S31508030AB06374696F6E616C5F312F62617463685F1B
S31508030AC06E6F726D616C697A6174696F6E5F335F9D
S31508030AD0312F62617463686E6F726D2F6D756C5F0B
S31508030AE0313B66756E6374696F6E616C5F312F6334
S31508030AF06F6E7632645F335F312F53717565657A2E
S31508030B00653B66756E6374696F6E616C5F312F63DF
S31508030B106F6E7632645F335F312F42696173416466
S31508030B20643B66756E6374696F6E616C5F312F62C1
S31508030B30617463685F6E6F726D616C697A617469FB
S31508030B406F6E5F335F312F62617463686E6F726DA8
S31508030B502F6D756C3B66756E6374696F6E616C5F3A
S31508030B60312F62617463685F6E6F726D616C697A47
S31508030B706174696F6E5F335F312F62617463686E88
S31508030B806F726D2F7375623B66756E6374696F6EEC
S31508030B90616C5F312F636F6E7632645F335F312F1B
S31508030BA0636F6E766F6C7574696F6E000400000070
S31508030BB0010000000D0000000A00000020000000EC
S31508030BC02AD8FFFF000000011800000028000000D3
S31508030BD04400000015000000000000097001000031
S31508030BE004000000FFFFFFFF0D0000000A000000DD
S31508030BF02000000014D8FFFF0800000010000000C2
S31508030C0001000000FBFFFFFFFFFFFFFF01000000DD
S31508030C10E2D3613D3301000066756E6374696F6ED6
S31508030C20616C5F312F62617463685F6E6F726D61A9
S31508030C306C697A6174696F6E5F325F312F626174B2
S31508030C4063686E6F726D2F6164645F313B66756EA0
S31508030C506374696F6E616C5F312F62617463685F79
S31508030C606E6F726D616C697A6174696F6E5F325FFC
S31508030C70312F62617463686E6F726D2F6D756C5F69
S31508030C80313B66756E6374696F6E616C5F312F6392
S31508030C906F6E7632645F325F312F53717565657A8D
S31508030CA0653B66756E6374696F6E616C5F312F633E
S31508030CB06F6E7632645F325F312F426961734164C6
S31508030CC0643B66756E6374696F6E616C5F312F6220
S31508030CD0617463685F6E6F726D616C697A6174695A
S31508030CE06F6E5F325F312F62617463686E6F726D08
S31508030CF02F6D756C3B66756E6374696F6E616C5F99
S31508030D00312F62617463685F6E6F726D616C697AA5
S31508030D106174696F6E5F325F312F62617463686EE7
S31508030D206F726D2F7375623B66756E6374696F6E4A
S31508030D30616C5F312F636F6E7632645F325F312F7A
S31508030D40636F6E766F6C7574696F6E0004000000CE
S31508030D50010000000D0000000A000000200000004A
S31508030D60CAD9FFFF00000001180000002800000090
S31508030D704800000014000000000000099801000064
S31508030D8004000000FFFFFFFF0D0000000A0000003B
S31508030D9020000000B4D9FFFF08000000140000007B
S31508030DA00100000080FFFFFFFFFFFFFF00000000B8
S31508030DB00100000065F8F03C5401000066756E6397
S31508030DC074696F6E616C5F312F61637469766174E0
S31508030DD0696F6E5F315F322F52656C753B66756E50
S31508030DE06374696F6E616C5F312F62617463685FE8
S31508030DF06E6F726D616C697A6174696F6E5F315F6C
S31508030E00322F62617463686E6F726D2F6164645FFB
S31508030E10313B66756E6374696F6E616C5F312F6201
S31508030E20617463685F6E6F726D616C697A61746908
S31508030E306F6E5F315F322F62617463686E6F726DB6
S31508030E402F6D756C5F313B66756E6374696F6E6182
S31508030E506C5F312F636F6E7632645F315F322F5367
S31508030E60717565657A653B66756E6374696F6E61E0
S31508030E706C5F312F636F6E7632645F315F322F4258
S31508030E806961734164643B66756E6374696F6E6109
S31508030E906C5F312F62617463685F6E6F726D616C2C
S31508030EA0697A6174696F6E5F315F322F6261746349
S31508030EB0686E6F726D2F6D756C3B66756E637469BC
S31508030EC06F6E616C5F312F636F6E7632645F315F6D
S31508030ED0322F636F6E766F6C7574696F6E3B6675CA
S31508030EE06E6374696F6E616C5F312F6261746368D8
S31508030EF05F6E6F726D616C697A6174696F6E5F316B
S31508030F005F322F62617463686E6F726D2F737562D9
S31508030F100000000004000000010000000D000000AE
S31508030F200A0000002000000092DBFFFF000000011A
S31508030F301800000028000000480000001300000005
S31508030F40000000098801000004000000FFFFFFFFFE
S31508030F501900000014000000100000007CDBFFFFEE
S31508030F6008000000140000000100000080FFFFFFD6
S31508030F70FFFFFFFF0000000001000000B344A63C8A
S31508030F804501000066756E6374696F6E616C5F3147
S31508030F902F61637469766174696F6E5F312F526569
S31508030FA06C753B66756E6374696F6E616C5F312F22
S31508030FB062617463685F6E6F726D616C697A61747E
S31508030FC0696F6E5F312F62617463686E6F726D2F1E
S31508030FD06164645F313B66756E6374696F6E616CD9
S31508030FE05F312F62617463685F6E6F726D616C69DE
S31508030FF07A6174696F6E5F312F62617463686E6FAD
S31508031000726D2F6D756C5F313B66756E6374696FB0
S315080310106E616C5F312F636F6E7632645F312F5367
S31508031020717565657A653B66756E6374696F6E611E
S315080310306C5F312F636F6E7632645F312F4269615D
S31508031040734164643B66756E6374696F6E616C5F46
S31508031050312F62617463685F6E6F726D616C697A52
S315080310606174696F6E5F312F62617463686E6F7244
S315080310706D2F6D756C3B66756E6374696F6E616C07
S315080310805F312F636F6E7632645F312F636F6E76CF
S315080310906F6C7574696F6E3B66756E6374696F6E94
S315080310A0616C5F312F62617463685F6E6F726D6125
S315080310B06C697A6174696F6E5F312F6261746368F4
S315080310C06E6F726D2F7375623100000004000000A5
S315080310D001000000190000001400000010000000C1
S315080310E0A2DDFFFF0000000114000000E800000075
S315080310F01200000000000009F40000001CDDFFFFD9
S31508031100080000008C00000010000000000000002A
S3150803111000000000000000000000000000000000BE
S3150803112000000000000000000000000000000000AE
S31508031130000000000000000000000000000000009E
S31508031140000000000000000000000000000000008E
S31508031150000000000000000000000000000000007E
S31508031160000000000000000000000000000000006E
S31508031170000000000000000000000000000000005E
S31508031180000000000000000000000000000000004E
S3150803119010000000DDA0AD3C19C7E13B8F78993BF1
S315080311A0E4DE753CD0B9C43CFCE4A13B040F0F3C18
S315080311B05A041C3C1986BB3C7523DF3C53B4153CC7
S315080311C0B38FF03B1B465D3C14CF863CB37C0A3C8D
S315080311D05C15CA3B1300000074666C2E7073657544
S315080311E0646F5F71636F6E737431350004000000BA
S315080311F010000000030000000300000001000000C7
S31508031200C2DEFFFF0000000114000000E400000036
S315080312101100000000000002F00000003CDEFFFFA2
S31508031220080000008800000010000000000000000D
S31508031230000000000000000000000000000000009D
S31508031240000000000000000000000000000000008D
S31508031250000000000000000000000000000000007D
S31508031260000000000000000000000000000000006D
S31508031270000000000000000000000000000000005D
S31508031280000000000000000000000000000000004D
S31508031290000000000000000000000000000000003D
S315080312A0000000000000000000000000100000001D
S315080312B02D4F2E39C4A96238A2121A38BBD5F6386F
S315080312C0507F453984872238A39E8F38FCA09C38E3
S315080312D05C423C39790360399E4A963835817138C0
S315080312E04024DE386B560739BB078B383DE04A384E
S315080312F01300000074666C2E70736575646F5F71F6
S31508031300636F6E737431340001000000100000002F
S31508031310D2DFFFFF0000000114000000A80100004F
S315080313201000000000000009B40100004CDFFFFFB5
S31508031330080000000C010000200000000000000067
S31508031340000000000000000000000000000000008C
S31508031350000000000000000000000000000000007C
S31508031360000000000000000000000000000000006C
S31508031370000000000000000000000000000000005C
S31508031380000000000000000000000000000000004C
S31508031390000000000000000000000000000000003C
S315080313A0000000000000000000000000000000002C
S315080313B0000000000000000000000000000000001C
S315080313C0000000000000000000000000000000000C
S315080313D000000000000000000000000000000000FC
S315080313E000000000000000000000000000000000EC
S315080313F000000000000000000000000000000000DC
S3150803140000000000000000000000000000000000CB
S3150803141000000000000000000000000000000000BB
S3150803142000000000000000000000000000000000AB
S31508031430000000000000000000000000000000009B
S315080314402000000032F4573BA1ABF53A8A3A1C3B1D
S315080314508B54323B6DA6063BDB89833B0E150B3B50
S31508031460BA11C43AE6A9423B995E883B3E8FA13A34
S31508031470FA80613BFB84253B0F85343BB3A1073BCD
S3150803148090853E3B47F1BD3A235A0D3B393EE53A33
S3150803149057D8233B55BD593B13B9753B5F142A3BB4
S315080314A09767B13A0FEF463B295C4F3BF546803BBE
S315080314B02A19E33AE3F82A3B9D78D33A4705623B70
S315080314C00D94493B1300000074666C2E70736575A2
S315080314D0646F5F71636F6E737431330004000000C9
S315080314E020000000030000000300000010000000B5
S315080314F0B2E1FFFF0000000114000000A401000090
S315080315000F00000000000002B00100002CE1FFFFFD
S315080315100800000008010000200000000000000089
S3150803152000000000000000000000000000000000AA
S31508031530000000000000000000000000000000009A
S31508031540000000000000000000000000000000008A
S31508031550000000000000000000000000000000007A
S31508031560000000000000000000000000000000006A
S31508031570000000000000000000000000000000005A
S31508031580000000000000000000000000000000004A
S31508031590000000000000000000000000000000003A
S315080315A0000000000000000000000000000000002A
S315080315B0000000000000000000000000000000001A
S315080315C0000000000000000000000000000000000A
S315080315D000000000000000000000000000000000FA
S315080315E000000000000000000000000000000000EA
S315080315F000000000000000000000000000000000DA
S3150803160000000000000000000000000000000000C9
S315080316100000000000000000000000002000000099
S315080316204C428C38388F1F38C5EF4A385BA5673864
S315080316301AE82E3861DDAA38F4A9343839B0FE37EA
S31508031640D1DC7C38DF23B1387ADCD1372676923879
S315080316504C015738737D6A38802E3038787B773853
S31508031660DABAF637C39C3738DEE3143881D45438EC
S31508031670346B8D38F3979F38B4ED5C388F71E63742
S315080316806634813868AD8638DFA0A638437F1338B9
S315080316908A165E38F658093813CC923819EC82380C
S315080316A01300000074666C2E70736575646F5F7142
S315080316B0636F6E737431320001000000200000006E
S315080316C082E3FFFF0000000114000000A8010000E8
S315080316D00E00000000000009B4010000FCE2FFFF51
S315080316E0080000000C0100002000000000000000B4
S315080316F000000000000000000000000000000000D9
S3150803170000000000000000000000000000000000C8
S3150803171000000000000000000000000000000000B8
S3150803172000000000000000000000000000000000A8
S315080317300000000000000000000000000000000098
S315080317400000000000000000000000000000000088
S315080317500000000000000000000000000000000078
S315080317600000000000000000000000000000000068
S315080317700000000000000000000000000000000058
S315080317800000000000000000000000000000000048
S315080317900000000000000000000000000000000038
S315080317A00000000000000000000000000000000028
S315080317B00000000000000000000000000000000018
S315080317C00000000000000000000000000000000008
S315080317D000000000000000000000000000000000F8
S315080317E000000000000000000000000000000000E8
S315080317F020000000FC50D93ACB41E63AD8B7EE3A76
S315080318008819243B8A1A0E3B49B1E23A8242B43A12
S31508031810D481BC3A600AAC3A9C43BD3A5571D33A73
S315080318201735FA3A0EC2E63A9F0AF63A8E7EB23A66
S315080318309C47F73A788DC63AC9E5CB3AA2DECF3A42
S315080318408A7EFC3A6016053B7CC5113B0017163B9E
S31508031850567D093BDB512A3BFC60C53A612CD53AD8
S31508031860DF46DA3A68FF873A6FCE4C3B8030173B40
S3150803187069520A3B1300000074666C2E7073657513
S31508031880646F5F71636F6E73743131000400000017
S3150803189020000000030000000300000020000000F1
S315080318A062E5FFFF0000000114000000A401000028
S315080318B00D00000000000002B0010000DCE4FFFF99
S315080318C008000000080100002000000000000000D6
S315080318D000000000000000000000000000000000F7
S315080318E000000000000000000000000000000000E7
S315080318F000000000000000000000000000000000D7
S3150803190000000000000000000000000000000000C6
S3150803191000000000000000000000000000000000B6
S3150803192000000000000000000000000000000000A6
S315080319300000000000000000000000000000000096
S315080319400000000000000000000000000000000086
S315080319500000000000000000000000000000000076
S315080319600000000000000000000000000000000066
S315080319700000000000000000000000000000000056
S315080319800000000000000000000000000000000046
S315080319900000000000000000000000000000000036
S315080319A00000000000000000000000000000000026
S315080319B00000000000000000000000000000000016
S315080319C000000000000000000000000020000000E6
S315080319D0C88E4C3819BD5838FBB3603829779A38FE
S315080319E0C3C285382A62553841AD29389F703138C4
S315080319F0A8F0213806273238690747388C846B38AC
S31508031A00D4355938B0986738D603283811C3683897
S31508031A1048E53A3843ED3F386AAA4338A0AB6D38F0
S31508031A20388C7A389536893831478D38E86A81385B
S31508031A300052A03870CA393872A848383C764D38EF
S31508031A406703003841C8C0382B508E38793382383B
S31508031A501300000074666C2E70736575646F5F718E
S31508031A60636F6E73743130000100000020000000BC
S31508031A7032E7FFFF0000000114000000A801000080
S31508031A800C00000000000009B4010000ACE6FFFFEB
S31508031A90080000000C010000200000000000000000
S31508031AA00000000000000000000000000000000025
S31508031AB00000000000000000000000000000000015
S31508031AC00000000000000000000000000000000005
S31508031AD000000000000000000000000000000000F5
S31508031AE000000000000000000000000000000000E5
S31508031AF000000000000000000000000000000000D5
S31508031B0000000000000000000000000000000000C4
S31508031B1000000000000000000000000000000000B4
S31508031B2000000000000000000000000000000000A4
S31508031B300000000000000000000000000000000094
S31508031B400000000000000000000000000000000084
S31508031B500000000000000000000000000000000074
S31508031B600000000000000000000000000000000064
S31508031B700000000000000000000000000000000054
S31508031B800000000000000000000000000000000044
S31508031B900000000000000000000000000000000034
S31508031BA02000000027D8133C4BE97B3B10B7B83B12
S31508031BB0997BBF3B25B97B3B26AA083C1419F43B02
S31508031BC0425A4C3B81E5783B6D78983BF14B853B14
S31508031BD0E213A83B444B733BAAAF813B6862BC3B09
S31508031BE09E3E863BDF41EE3BFC1D033C73E70C3C04
S31508031BF01BC1D83BA2A5F23BD3987D3B29B6963B9E
S31508031C00DC63BD3B64D4F23B0ACAB43BAD8AE83B0A
S31508031C10EF99CD3B379E9E3B32DA653BB18D113C3E
S31508031C20DD5CCB3B1200000074666C2E7073657521
S31508031C30646F5F71636F6E7374390000040000008C
S31508031C402000000001000000010000001000000051
S31508031C5012E9FFFF0000000114000000A4010000C0
S31508031C600B00000000000002B00100008CE8FFFF33
S31508031C700800000008010000200000000000000022
S31508031C800000000000000000000000000000000043
S31508031C900000000000000000000000000000000033
S31508031CA00000000000000000000000000000000023
S31508031CB00000000000000000000000000000000013
S31508031CC00000000000000000000000000000000003
S31508031CD000000000000000000000000000000000F3
S31508031CE000000000000000000000000000000000E3
S31508031CF000000000000000000000000000000000D3
S31508031D0000000000000000000000000000000000C2
S31508031D1000000000000000000000000000000000B2
S31508031D2000000000000000000000000000000000A2
S31508031D300000000000000000000000000000000092
S31508031D400000000000000000000000000000000082
S31508031D500000000000000000000000000000000072
S31508031D600000000000000000000000000000000062
S31508031D700000000000000000000000002000000032
S31508031D80AC0B4039E19CA3388CF0EF3810BBF8381C
S31508031D909B7DA33803863139C4891E395EB98438D5
S31508031DA09DA7A138030EC6380726AD38FF53DA3880
S31508031DB018049E386B75A838BBB4F4384261AE383C
S31508031DC0A7BE1A3942512A39C907373962C70C39A6
S31508031DD085981D3927B5A43821C5C3382703F6388E
S31508031DE0E3B61D390DD7EA3854081739FE8805397D
S31508031DF0510ACE382B499538E0113D39CA140439AE
S31508031E001200000074666C2E70736575646F5F71DB
S31508031E10636F6E7374380000010000002000000031
S31508031E20E2EAFFFF00000001140000002803000097
S31508031E300A00000000000009340300005CEAFFFF03
S31508031E40080000000C02000040000000000000002B
S31508031E500000000000000000000000000000000071
S31508031E600000000000000000000000000000000061
S31508031E700000000000000000000000000000000051
S31508031E800000000000000000000000000000000041
S31508031E900000000000000000000000000000000031
S31508031EA00000000000000000000000000000000021
S31508031EB00000000000000000000000000000000011
S31508031EC00000000000000000000000000000000001
S31508031ED000000000000000000000000000000000F1
S31508031EE000000000000000000000000000000000E1
S31508031EF000000000000000000000000000000000D1
S31508031F0000000000000000000000000000000000C0
S31508031F1000000000000000000000000000000000B0
S31508031F2000000000000000000000000000000000A0
S31508031F300000000000000000000000000000000090
S31508031F400000000000000000000000000000000080
S31508031F500000000000000000000000000000000070
S31508031F600000000000000000000000000000000060
S31508031F700000000000000000000000000000000050
S31508031F800000000000000000000000000000000040
S31508031F900000000000000000000000000000000030
S31508031FA00000000000000000000000000000000020
S31508031FB00000000000000000000000000000000010
S31508031FC00000000000000000000000000000000000
S31508031FD000000000000000000000000000000000F0
S31508031FE000000000000000000000000000000000E0
S31508031FF000000000000000000000000000000000D0
S3150803200000000000000000000000000000000000BF
S3150803201000000000000000000000000000000000AF
S31508032020000000000000000000000000000000009F
S31508032030000000000000000000000000000000008F
S31508032040000000000000000000000000000000007F
S31508032050400000008B30BF3AC529B23A96FEC03A13
S3150803206045AA983A350AA53A5B2BD43A93C9A83AAE
S31508032070ACD0043B5A4EBA3AB15A903A6B00C93AB5
S315080320806E3EB63A45BEF23AA6B9C13A5129CD3A99
S315080320907A51963A46C7903AA9CC9E3ACAA6A83A1E
S315080320A0AB60B63A5895023B23D3AE3AECBBDB3A60
S315080320B0A68FD83A5D65FA3AF006A73ABA93263B4D
S315080320C02FEDFF3A0174CB3AD3F8CF3A037B1E3B85
S315080320D0798AF63ABF5CF73A9845DE3A6B599A3AE3
S315080320E09C41BD3AA67DF43A6B61093BE2F7AB3AEC
S315080320F075DCA83A7711FA3A1529B23A8D35A83A12
S3150803210022AEB93A30FEE13AE0BF043B94B1DF3A76
S31508032110465CD43A54F6C53A1682BA3AC7AD0D3B6D
S315080321205939993AF412063B7287C63AAA21433AB1
S315080321303547DC3A4819A13A45A8F53AB19DFA3A22
S315080321408AAFA13A5D72AB3AE367F23AB241B33A60
S315080321502648183B1200000074666C2E707365756A
S31508032160646F5F71636F6E73743700000400000059
S3150803217040000000030000000300000020000000E8
S3150803218042EEFFFF000000011400000024030000D4
S31508032190090000000000000230030000BCEDFFFF49
S315080321A008000000080200004000000000000000CC
S315080321B0000000000000000000000000000000000E
S315080321C000000000000000000000000000000000FE
S315080321D000000000000000000000000000000000EE
S315080321E000000000000000000000000000000000DE
S315080321F000000000000000000000000000000000CE
S3150803220000000000000000000000000000000000BD
S3150803221000000000000000000000000000000000AD
S31508032220000000000000000000000000000000009D
S31508032230000000000000000000000000000000008D
S31508032240000000000000000000000000000000007D
S31508032250000000000000000000000000000000006D
S31508032260000000000000000000000000000000005D
S31508032270000000000000000000000000000000004D
S31508032280000000000000000000000000000000003D
S31508032290000000000000000000000000000000002D
S315080322A0000000000000000000000000000000001D
S315080322B0000000000000000000000000000000000D
S315080322C000000000000000000000000000000000FD
S315080322D000000000000000000000000000000000ED
S315080322E000000000000000000000000000000000DD
S315080322F000000000000000000000000000000000CD
S3150803230000000000000000000000000000000000BC
S3150803231000000000000000000000000000000000AC
S31508032320000000000000000000000000000000009C
S31508032330000000000000000000000000000000008C
S31508032340000000000000000000000000000000007C
S31508032350000000000000000000000000000000006C
S31508032360000000000000000000000000000000005C
S31508032370000000000000000000000000000000004C
S31508032380000000000000000000000000000000003C
S31508032390000000000000000000000000000000002C
S315080323A000000000000000000000000040000000DC
S315080323B0C92E2E38A6502238BAD32F38CA150B3849
S315080323C0EE5B1638D94B4138F5C519386D007238A6
S315080323D0CDBB293877830338381F37386208263840
S315080323E089265D38267E303865E93A3870F208382A
S315080323F063E603387DAC103844A619389327263884
S315080324006AEF6D380A461F3826304838224C453855
S315080324105C1F6438682B183872C297383D296938A7
S31508032420FB5A3938E6783D381A629038429C603848
S31508032430D45B613808804A38969E0C38E06B2C3892
S315080324401EBE5E38FE517A38D5AB1C3829D71938E3
S31508032450EDD26338065022381A3F1938D529293858
S31508032460E4E34D38D2E17138A4CB4B386A78413866
S31508032470585A3438EFEA29387A13813824980B38AE
S31508032480A74B74388DDE343824C6B1370CAF4838B9
S31508032490C0C412382DCE5F38AE526438A44D1338F3
S315080324A030321C38D6D75C38AD4F233865BC8A38EA
S315080324B01200000074666C2E70736575646F5F7125
S315080324C0636F6E737436000001000000400000005D
S315080324D092F1FFFF0000000114000000280300002A
S315080324E00800000000000009340300000CF1FFFF98
S315080324F0080000000C020000400000000000000075
S3150803250000000000000000000000000000000000BA
S3150803251000000000000000000000000000000000AA
S31508032520000000000000000000000000000000009A
S31508032530000000000000000000000000000000008A
S31508032540000000000000000000000000000000007A
S31508032550000000000000000000000000000000006A
S31508032560000000000000000000000000000000005A
S31508032570000000000000000000000000000000004A
S31508032580000000000000000000000000000000003A
S31508032590000000000000000000000000000000002A
S315080325A0000000000000000000000000000000001A
S315080325B0000000000000000000000000000000000A
S315080325C000000000000000000000000000000000FA
S315080325D000000000000000000000000000000000EA
S315080325E000000000000000000000000000000000DA
S315080325F000000000000000000000000000000000CA
S3150803260000000000000000000000000000000000B9
S3150803261000000000000000000000000000000000A9
S315080326200000000000000000000000000000000099
S315080326300000000000000000000000000000000089
S315080326400000000000000000000000000000000079
S315080326500000000000000000000000000000000069
S315080326600000000000000000000000000000000059
S315080326700000000000000000000000000000000049
S315080326800000000000000000000000000000000039
S315080326900000000000000000000000000000000029
S315080326A00000000000000000000000000000000019
S315080326B00000000000000000000000000000000009
S315080326C000000000000000000000000000000000F9
S315080326D000000000000000000000000000000000E9
S315080326E000000000000000000000000000000000D9
S315080326F000000000000000000000000000000000C9
S315080327004000000054F4A43ACCF3B13AB63E883AF2
S31508032710BB627C3AFF896B3A47D09A3A48628B3A4E
S315080327207C7C963A80CB8C3A14A78D3AE6C3AA3AB0
S31508032730F426823A6642923ADAA2923A8E77C93AEE
S3150803274020318D3AFE89813AEAD6863ABE14933AFF
S31508032750D150943A9CBB8E3A14538D3ADBCB943AB8
S315080327600C598C3AC45E9D3A6B199D3A472CB53A77
S315080327705CBF813A7113883A4FA9863A1588963A07
S31508032780CE3FA03AB0488F3AFFAA863A476F923AA5
S315080327902CB2833A179D863AE15B973AFC067D3A53
S315080327A0A5A1953A47139C3A01E9833AB9CA8A3AE5
S315080327B03B019A3A9D0EA83AE20D863AAF15723A4C
S315080327C025B58F3AC54B793A9059853A9C1D843A73
S315080327D0CCB2943ACD08773AE2E28F3A9DDCBA3A1C
S315080327E046348F3A49EF8F3AA29BB93A1479763A27
S315080327F032BAB13A114E803A0BEB853A2EDF703A6C
S31508032800BEB89F3A1200000074666C2E7073657525
S31508032810646F5F71636F6E737435000004000000A4
S315080328204000000003000000030000004000000011
S31508032830F2F4FFFF00000001140000002403000067
S315080328400700000000000002300300006CF4FFFFDD
S315080328500800000008020000400000000000000015
S315080328600000000000000000000000000000000057
S315080328700000000000000000000000000000000047
S315080328800000000000000000000000000000000037
S315080328900000000000000000000000000000000027
S315080328A00000000000000000000000000000000017
S315080328B00000000000000000000000000000000007
S315080328C000000000000000000000000000000000F7
S315080328D000000000000000000000000000000000E7
S315080328E000000000000000000000000000000000D7
S315080328F000000000000000000000000000000000C7
S3150803290000000000000000000000000000000000B6
S3150803291000000000000000000000000000000000A6
S315080329200000000000000000000000000000000096
S315080329300000000000000000000000000000000086
S315080329400000000000000000000000000000000076
S315080329500000000000000000000000000000000066
S315080329600000000000000000000000000000000056
S315080329700000000000000000000000000000000046
S315080329800000000000000000000000000000000036
S315080329900000000000000000000000000000000026
S315080329A00000000000000000000000000000000016
S315080329B00000000000000000000000000000000006
S315080329C000000000000000000000000000000000F6
S315080329D000000000000000000000000000000000E6
S315080329E000000000000000000000000000000000D6
S315080329F000000000000000000000000000000000C6
S31508032A0000000000000000000000000000000000B5
S31508032A1000000000000000000000000000000000A5
S31508032A200000000000000000000000000000000095
S31508032A300000000000000000000000000000000085
S31508032A400000000000000000000000000000000075
S31508032A500000000000000000000000004000000025
S31508032A60C3551F38E0E32B38859A0338ADC9F337C6
S31508032A70DD83E337268A1538B7A20638185C11387A
S31508032A80A1FF0738BAD30838A8F22438CB6FFB3727
S31508032A90DF460D380AA40D38909A4238CB610838B8
S31508032AA09140FA37FB3E02380D120E385B430F3856
S31508032AB0D6DE09389782083834BA0F38139107389F
S31508032AC0570218385BBF173845002F38AAA7FA37B5
S31508032AD0B9700338EE1202384C67113846CA1A38E9
S31508032AE01C670A388F14023839720D384E6BFE3755
S31508032AF020070238E13312385668F437B688103897
S31508032B0025C216383CD5FE375210063828C2143863
S31508032B10FD542238CC7C013877D6E937DFCF0A381B
S31508032B20A9CDF0379FCE0038DC3AFF3700A20F381D
S31508032B306A9EEE370DFC0A38FE7E343864530A382B
S31508032B4008080B38F24833389713EE373DAC2B3861
S31508032B503DDEF737255B01388AAAE837D0471A38A6
S31508032B601200000074666C2E70736575646F5F716E
S31508032B70636F6E73743400000100000040000000A8
S31508032B8042F8FFFF000000011400000028030000BC
S31508032B90060000000000000934030000BCF7FFFF2D
S31508032BA0080000000C0200004000000000000000BE
S31508032BB00000000000000000000000000000000004
S31508032BC000000000000000000000000000000000F4
S31508032BD000000000000000000000000000000000E4
S31508032BE000000000000000000000000000000000D4
S31508032BF000000000000000000000000000000000C4
S31508032C0000000000000000000000000000000000B3
S31508032C1000000000000000000000000000000000A3
S31508032C200000000000000000000000000000000093
S31508032C300000000000000000000000000000000083
S31508032C400000000000000000000000000000000073
S31508032C500000000000000000000000000000000063
S31508032C600000000000000000000000000000000053
S31508032C700000000000000000000000000000000043
S31508032C800000000000000000000000000000000033
S31508032C900000000000000000000000000000000023
S31508032CA00000000000000000000000000000000013
S31508032CB00000000000000000000000000000000003
S31508032CC000000000000000000000000000000000F3
S31508032CD000000000000000000000000000000000E3
S31508032CE000000000000000000000000000000000D3
S31508032CF000000000000000000000000000000000C3
S31508032D0000000000000000000000000000000000B2
S31508032D1000000000000000000000000000000000A2
S31508032D200000000000000000000000000000000092
S31508032D300000000000000000000000000000000082
S31508032D400000000000000000000000000000000072
S31508032D500000000000000000000000000000000062
S31508032D600000000000000000000000000000000052
S31508032D700000000000000000000000000000000042
S31508032D800000000000000000000000000000000032
S31508032D900000000000000000000000000000000022
S31508032DA00000000000000000000000000000000012
S31508032DB0400000005C85913BBEF25A3B0347403B0B
S31508032DC03E15593B5355603BBF1E6F3B95BB9C3B1A
S31508032DD089DD913B96453F3B9F7B2C3B0CE4B43BFB
S31508032DE03144543B69E28E3B4DD65E3B926F323B90
S31508032DF0FE08753BD4E9813B2CBE5C3BF3B4623BCE
S31508032E00BB070C3BBB7A283B1DFF393BAEECB83BF3
S31508032E107EBA2D3B77988F3BFD9F633BAFE83D3BDF
S31508032E20C20C1E3B7C5D8E3B9EEF443B72FE763B9B
S31508032E30E0A05A3B86306C3BD146603B876C813BAE
S31508032E403E8B3E3B35604B3BB69B823BC2ED143B08
S31508032E504D0C5F3B5E092E3B4E60453B5EAB4C3BE0
S31508032E6056CF923B1867723BFA98443BB2F7803BBE
S31508032E702232433B86914A3B3CC9333B5283393B17
S31508032E80E1373C3BD8E98C3B880B763B61C22A3B4E
S31508032E90AACA913B96BC693B3BC9593BF12E333BC6
S31508032EA0092C603B3ECA663B8F7C7E3B06BE563B7F
S31508032EB0A0603F3B1200000074666C2E7073657544
S31508032EC0646F5F71636F6E737433000004000000F0
S31508032ED0400000000100000001000000200000007F
S31508032EE0A2FBFFFF000000011400000024030000FA
S31508032EF00500000000000002300300001CFBFFFF72
S31508032F00080000000802000040000000000000005E
S31508032F1000000000000000000000000000000000A0
S31508032F200000000000000000000000000000000090
S31508032F300000000000000000000000000000000080
S31508032F400000000000000000000000000000000070
S31508032F500000000000000000000000000000000060
S31508032F600000000000000000000000000000000050
S31508032F700000000000000000000000000000000040
S31508032F800000000000000000000000000000000030
S31508032F900000000000000000000000000000000020
S31508032FA00000000000000000000000000000000010
S31508032FB00000000000000000000000000000000000
S31508032FC000000000000000000000000000000000F0
S31508032FD000000000000000000000000000000000E0
S31508032FE000000000000000000000000000000000D0
S31508032FF000000000000000000000000000000000C0
S3150803300000000000000000000000000000000000AF
S31508033010000000000000000000000000000000009F
S31508033020000000000000000000000000000000008F
S31508033030000000000000000000000000000000007F
S31508033040000000000000000000000000000000006F
S31508033050000000000000000000000000000000005F
S31508033060000000000000000000000000000000004F
S31508033070000000000000000000000000000000003F
S31508033080000000000000000000000000000000002F
S31508033090000000000000000000000000000000001F
S315080330A0000000000000000000000000000000000F
S315080330B000000000000000000000000000000000FF
S315080330C000000000000000000000000000000000EF
S315080330D000000000000000000000000000000000DF
S315080330E000000000000000000000000000000000CF
S315080330F000000000000000000000000000000000BF
S31508033100000000000000000000000000400000006E
S3150803311091930439DE78C7387B2CAF38D7C5C538C1
S31508033120D260CC3884D9D93879CA0E39E6E304395A
S31508033130F541AE38DA239D38D0CC24397962C138C3
S31508033140A82C0239DE03CB383D90A238113DDF386F
S31508033150E5B6EC386E1BC938658ACE38F1257F3853
S31508033160217E99389C73A938977928395B469E3806
S3150803317084D202398760CF381704AD38A8FD8F3853
S315080331808EB30139006BB338EA05E138482EC738E0
S31508033190072ED7389A53CC3896D2EB383098AD38B1
S315080331A0F248B93804FBED385CAE87381035CB38AE
S315080331B0378E9E38AAD1B338A676BA3830C00539C1
S315080331C01DD7DC38111CB338B5FDEA3825D5B13817
S315080331D0A58CB83828CBA338D402A938C879AB3814
S315080331E0F96000399C28E038DC919B38B4D204395D
S315080331F0F3F1D438D269C638973EA338343BCC3872
S31508033200B542D23868D9E738EDA3C338975AAE38EA
S315080332101200000074666C2E70736575646F5F71B7
S31508033220636F6E73743200000100000040000000F3
S31508033230F2FEFFFF00000001140000005800000022
S315080332400400000000000009640000006CFEFFFF94
S31508033250080000002C000000040000000000000025
S31508033260000000000000000000000000000000004D
S31508033270000000000000000000000000000000003D
S3150803328004000000A0073D3B266E3F3BAAAD4E3B1C
S315080332907EDE733B1200000074666C2E70736575D0
S315080332A0646F5F71636F6E73743100000200000010
S315080332B004000000400000007AFFFFFF0000000141
S315080332C0140000005800000003000000000000027C
S315080332D064000000F4FEFFFF080000002C00000055
S315080332E004000000000000000000000000000000C9
S315080332F000000000000000000000000000000000BD
S31508033300000000000000000004000000BF1C203875
S31508033310422522389F0F2F38F78F4E3811000000A9
S3150803332074666C2E70736575646F5F71636F6E7305
S3150803333074000000010000000400000000001600ED
S315080333401C001800170010000C00080000000000FD
S315080333500000070016000000000000011800000026
S315080333601800000002000000000000022000000010
S3150803337004000400040000000E0000006172697472
S31508033380682E636F6E7374616E740000010000002B
S31508033390020000000000160020001C001B00140099
S315080333A010000C00000000000800070016000000CB
S315080333B0000000011800000034000000500000005F
S315080333C00100000000000009680000000400000076
S315080333D0FFFFFFFF31000000280000000100000086
S315080333E00C000C0000000000080004000C0000009C
S315080333F0080000001000000001000000FFFFFFFFA7
S31508033400FFFFFFFF010000008180003C1E00000053
S3150803341073657276696E675F64656661756C745FFA
S315080334206B657261735F74656E736F723A30000011
S31508033430040000000100000031000000280000001D
S3150803344001000000050000006C00000054000000A5
S31508033450380000001800000004000000B4FFFFFF56
S31508033460190000000200000000000019C4FFFFFF56
S315080334700900000004000000000000090C000E000B
S315080334800D000000080004000C00000028000000DE
S315080334900200000000280A000800000000000400DB
S315080334A00A000000020000000C0010000F000000D4
S315080334B0080004000C0000000300000003000000DD
S315080334C000000003433A2F55736572732F536964DB
S315080334D0646861727468204E6175746979616C2FCA
S315080334E053696D706C696369747953747564696F2C
S315080334F02F53444B732F73696D706C6963697479C1
S315080335005F73646B2F68617264776172652F626F8C
S315080335106172642F7372632F736C5F626F61726477
S315080335205F636F6E74726F6C5F6770696F2E63008B
S3150803353002090208040000000000000040420F00D0
S315080335400D0101000000000000000000000000005B
S31508033550000501000000000003040303030500003F
S315080335600500000000000000809698000201000094
S315080335700000000000000000010000000000000039
S315080335800000000001000000000000000000000029
S3150803359001040000020302020201433A2F55736530
S315080335A072732F536964646861727468204E617517
S315080335B0746979616C2F53696D706C696369747981
S315080335C053747564696F2F53444B732F73696D7006
S315080335D06C69636974795F73646B2F706C61746665
S315080335E06F726D2F636F6D6D6F6E2F7372632F73AB
S315080335F06C5F736C6973742E6300433A2F55736556
S3150803360072732F536964646861727468204E6175B6
S31508033610746979616C2F53696D706C696369747920
S3150803362053747564696F2F53444B732F73696D70A5
S315080336306C69636974795F73646B2F706C61746604
S315080336406F726D2F636F6D707574652F647269760B
S3150803365065722F6D76702F7372632F736C5F6D7639
S31508033660702E630030000000954F0008020305071B
S315080336700B0D1113171D1F433A2F55736572732FBD
S31508033680536964646861727468204E6175746979F4
S31508033690616C2F53696D706C6963697479537475BA
S315080336A064696F2F53444B732F73696D706C696329
S315080336B06974795F73646B2F706C6174666F726D6E
S315080336C02F636F6D707574652F6E6E2F6D76702F01
S315080336D07372632F736C5F6D76705F6D6C5F636F68
S315080336E06E7632642E6300433A2F55736572732FD1
S315080336F0536964646861727468204E617574697984
S31508033700616C2F53696D706C696369747953747549
S3150803371064696F2F53444B732F73696D706C6963B8
S315080337206974795F73646B2F706C6174666F726DFD
S315080337302F636F6D707574652F6E6E2F6D76702F90
S315080337407372632F736C5F6D76705F6D6C5F6675EE
S315080337506C6C795F636F6E6E65637465642E630064
S315080337600000433A2F55736572732F53696464686F
S3150803377061727468204E6175746979616C2F536937
S315080337806D706C696369747953747564696F2F53C3
S31508033790444B732F73696D706C69636974795F73CE
S315080337A0646B2F706C6174666F726D2F64726976C1
S315080337B065722F6770696F2F7372632F736C5F67F8
S315080337C070696F2E63001E000003433A2F55736515
S315080337D072732F536964646861727468204E6175E5
S315080337E0746979616C2F53696D706C69636974794F
S315080337F053747564696F2F53444B732F73696D70D4
S315080338006C69636974795F73646B2F706C61746632
S315080338106F726D2F656D6C69622F7372632F656D99
S315080338205F636D752E6300433A2F55736572732F65
S31508033830536964646861727468204E617574697942
S31508033840616C2F53696D706C696369747953747508
S3150803385064696F2F53444B732F73696D706C696377
S315080338606974795F73646B2F706C6174666F726DBC
S315080338702F656D6C69622F7372632F656D5F656D56
S31508033880752E6300433A2F55736572732F53696414
S31508033890646861727468204E6175746979616C2F06
S315080338A053696D706C696369747953747564696F68
S315080338B02F53444B732F73696D706C6963697479FD
S315080338C05F73646B2F706C6174666F726D2F656DB1
S315080338D06C69622F7372632F656D5F6575736172A9
S315080338E0742E6300633A5C75736572735C736964FB
S315080338F0646861727468206E6175746979616C5C59
S3150803390073696D706C696369747973747564696FC7
S315080339105C73646B735C73696D706C6963697479E2
S315080339205F73646B5C706C6174666F726D5C656DF6
S315080339306C69625C696E635C656D5F6770696F2E3F
S315080339406800433A2F55736572732F536964646825
S3150803395061727468204E6175746979616C2F536955
S315080339606D706C696369747953747564696F2F53E1
S31508033970444B732F73696D706C69636974795F73EC
S31508033980646B2F706C6174666F726D2F656D6C69ED
S31508033990622F7372632F656D5F6770696F2E63009D
S315080339A0FF07FF01FF3FFF07433A2F5573657273FE
S315080339B02F536964646861727468204E617574690B
S315080339C079616C2F53696D706C6963697479537483
S315080339D07564696F2F53444B732F73696D706C69E4
S315080339E0636974795F73646B2F706C6174666F7245
S315080339F06D2F656D6C69622F7372632F656D5F6CCE
S31508033A00646D612E6300633A5C75736572735C73E8
S31508033A106964646861727468206E61757469796132
S31508033A206C5C73696D706C696369747973747564B6
S31508033A30696F5C73646B735C73696D706C696369D6
S31508033A4074795F73646B5C706C6174666F726D5CBA
S31508033A50656D6C69625C696E635C656D5F627573DF
S31508033A602E6800433A2F55736572732F536964643E
S31508033A706861727468204E6175746979616C2F5335
S31508033A80696D706C696369747953747564696F2FAA
S31508033A9053444B732F73696D706C69636974795FEB
S31508033AA073646B2F706C6174666F726D2F656D6CC2
S31508033AB069622F7372632F656D5F7072732E63006D
S31508033AC0433A2F55736572732F5369646468617239
S31508033AD07468204E6175746979616C2F53696D70CA
S31508033AE06C696369747953747564696F2F53444BAE
S31508033AF0732F73696D706C69636974795F73646B2B
S31508033B002F706C6174666F726D2F656D6C69622FA9
S31508033B107372632F656D5F75736172742E630043E9
S31508033B203A2F55736572732F5369646468617274A7
S31508033B3068204E6175746979616C2F53696D706C71
S31508033B40696369747953747564696F2F53444B7346
S31508033B502F73696D706C69636974795F73646B2F0E
S31508033B60706C6174666F726D2F6D69637269756DBA
S31508033B705F6F732F636F6D6D6F6E2F736F757263E0
S31508033B80652F6C69622F6C69625F6D656D2E6300C4
S31508033B904D656D5F536567416C6C6F634578744318
S31508033BA07269746963616C004D656D5F536567413E
S31508033BB06C6C6F63496E7465726E616C00457665ED
S31508033BC06E74466C616773004D757465780054614D
S31508033BD0736B4E616D653F00546872656164466C2C
S31508033BE06167730040000000433A2F55736572738B
S31508033BF02F536964646861727468204E61757469C9
S31508033C0079616C2F53696D706C6963697479537440
S31508033C107564696F2F53444B732F73696D706C69A1
S31508033C20636974795F73646B2F706C6174666F7202
S31508033C306D2F6D69637269756D5F6F732F6B65722F
S31508033C406E656C2F736F757263652F6F735F636F22
S31508033C5072652E63004B65726E656C277320495334
S31508033C605220537461636B004B65726E656C2773E0
S31508033C70204D736720506F6F6C004F5353746172F6
S31508033C8074004F53496E6974004F535363686564F0
S31508033C90556E6C6F636B004F5353636865644C6F63
S31508033CA0636B00433A2F55736572732F53696464C4
S31508033CB06861727468204E6175746979616C2F53F3
S31508033CC0696D706C696369747953747564696F2F68
S31508033CD053444B732F73696D706C69636974795FA9
S31508033CE073646B2F706C6174666F726D2F6D696385
S31508033CF07269756D5F6F732F6B65726E656C2F7363
S31508033D006F757263652F6F735F666C61672E6300E9
S31508033D104F53466C616744656C004F53466C616745
S31508033D20437265617465004F53466C6167506F73E0
S31508033D3074004F53466C616750656E6400433A2FAF
S31508033D4055736572732F5369646468617274682066
S31508033D504E6175746979616C2F53696D706C69630B
S31508033D6069747953747564696F2F53444B732F734E
S31508033D70696D706C69636974795F73646B2F706CB2
S31508033D806174666F726D2F6D69637269756D5F6FA6
S31508033D90732F6B65726E656C2F736F757263652F00
S31508033DA06F735F6D73672E63004F535F4D73675071
S31508033DB06F6F6C496E697400433A2F557365727356
S31508033DC02F536964646861727468204E61757469F7
S31508033DD079616C2F53696D706C696369747953746F
S31508033DE07564696F2F53444B732F73696D706C69D0
S31508033DF0636974795F73646B2F706C6174666F7231
S31508033E006D2F6D69637269756D5F6F732F6B65725D
S31508033E106E656C2F736F757263652F6F735F6D7540
S31508033E207465782E63004F534D7574657844656CD5
S31508033E30004F534D75746578437265617465004F19
S31508033E40534D75746578506F7374004F534D75747D
S31508033E50657850656E6400433A2F55736572732F00
S31508033E60536964646861727468204E61757469790C
S31508033E70616C2F53696D706C6963697479537475D2
S31508033E8064696F2F53444B732F73696D706C696341
S31508033E906974795F73646B2F706C6174666F726D86
S31508033EA02F6D69637269756D5F6F732F6B65726EBC
S31508033EB0656C2F736F757263652F6F735F746173A8
S31508033EC06B2E63004F535F5461736B496E697400BD
S31508033ED04F535461736B44656C004F535461736B52
S31508033EE0437265617465004F535461736B5265671A
S31508033EF047657400433A2F55736572732F53696484
S31508033F00646861727468204E6175746979616C2F8F
S31508033F1053696D706C696369747953747564696FF1
S31508033F202F53444B732F73696D706C696369747986
S31508033F305F73646B2F706C6174666F726D2F6D6936
S31508033F40637269756D5F6F732F6B65726E656C2F20
S31508033F50736F757263652F6F735F74696D652E630F
S31508033F60004F5354696D65446C79484D534D004F62
S31508033F705354696D65446C7900633A5C757365726D
S31508033F80735C736964646861727468206E617574BE
S31508033F906979616C5C73696D706C6963697479734B
S31508033FA0747564696F5C73646B735C73696D706C49
S31508033FB069636974795F73646B5C706C6174666F4B
S31508033FC0726D5C7065726970686572616C5C696E46
S31508033FD0635C736C5F68616C5F6770696F2E6800FA
S31508033FE0433A2F55736572732F5369646468617214
S31508033FF07468204E6175746979616C2F53696D70A5
S315080340006C696369747953747564696F2F53444B88
S31508034010732F73696D706C69636974795F73646B05
S315080340202F706C6174666F726D2F70657269706834
S315080340306572616C2F7372632F736C5F68616C5F53
S315080340406770696F2E6300633A5C75736572735C98
S31508034050736964646861727468206E6175746979DA
S31508034060616C5C73696D706C696369747973747573
S3150803407064696F5C73646B735C73696D706C696395
S315080340806974795F73646B5C706C6174666F726D67
S315080340905C7065726970686572616C5C696E635C95
S315080340A0736C5F68616C5F7379737274632E6800EF
S315080340B0433A2F55736572732F5369646468617243
S315080340C07468204E6175746979616C2F53696D70D4
S315080340D06C696369747953747564696F2F53444BB8
S315080340E0732F73696D706C69636974795F73646B35
S315080340F02F706C6174666F726D2F70657269706864
S315080341006572616C2F7372632F736C5F68616C5F82
S315080341107379737274632E6300433A2F557365720A
S31508034120732F536964646861727468204E61757489
S315080341306979616C2F53696D706C69636974795316
S31508034140747564696F2F53444B732F73696D706C61
S3150803415069636974795F73646B2F706C6174666FD6
S31508034160726D2F736572766963652F636C6F636B04
S315080341705F6D616E616765722F7372632F736C5F10
S31508034180636C6F636B5F6D616E616765725F6861B0
S315080341906C5F73322E6300433A2F55736572732F20
S315080341A0536964646861727468204E6175746979C9
S315080341B0616C2F53696D706C69636974795374758F
S315080341C064696F2F53444B732F73696D706C6963FE
S315080341D06974795F73646B2F706C6174666F726D43
S315080341E02F736572766963652F636C6F636B5F6D97
S315080341F0616E616765722F7372632F736C5F636C8D
S315080342006F636B5F6D616E616765725F696E697413
S315080342105F68616C5F73322E63000000012600003D
S315080342200400000000000000000100000000000078
S315080342300B0000000C000000030000000000202013
S3150803424000000000030000003C3C3C0000000000A6
S31508034250000000000000000001031001010903002B
S31508034260090000001E0000001B00000016000000E5
S315080342701A000000570000005600000000C00A504C
S3150803428013000000644203080000015B15000000E8
S3150803429078420308433A2F55736572732F5369643B
S315080342A0646861727468204E6175746979616C2FEC
S315080342B053696D706C696369747953747564696F4E
S315080342C02F53444B732F73696D706C6963697479E3
S315080342D05F73646B2F706C6174666F726D2F736591
S315080342E072766963652F6866786F5F6D616E61675D
S315080342F065722F7372632F736C5F6866786F5F6D71
S31508034300616E616765722E6300433A2F5573657252
S31508034310732F536964646861727468204E61757497
S315080343206979616C2F53696D706C69636974795324
S31508034330747564696F2F53444B732F73696D706C6F
S3150803434069636974795F73646B2F706C6174666FE4
S31508034350726D2F736572766963652F696E746572FC
S31508034360727570745F6D616E616765722F737263C0
S315080343702F736C5F696E746572727570745F6D61A5
S315080343806E616765725F636F727465786D2E63001D
S31508034390433A2F55736572732F5369646468617260
S315080343A07468204E6175746979616C2F53696D70F1
S315080343B06C696369747953747564696F2F53444BD5
S315080343C0732F73696D706C69636974795F73646B52
S315080343D02F706C6174666F726D2F7365727669637D
S315080343E0652F696F73747265616D2F7372632F73AB
S315080343F06C5F696F73747265616D2E6300433A2F40
S3150803440055736572732F536964646861727468209F
S315080344104E6175746979616C2F53696D706C696344
S3150803442069747953747564696F2F53444B732F7387
S31508034430696D706C69636974795F73646B2F706CEB
S315080344406174666F726D2F736572766963652F691A
S315080344506F73747265616D2F7372632F736C5F6903
S315080344606F73747265616D5F6575736172742E63BC
S3150803447000000000050000000000000000C2010063
S315080344800002000000100000000000000000000009
S315080344900000000005000000000000008025000061
S315080344A08002000000100000000000400000000029
S315080344B000000000433A2F55736572732F536964DE
S315080344C0646861727468204E6175746979616C2FCA
S315080344D053696D706C696369747953747564696F2C
S315080344E02F53444B732F73696D706C6963697479C1
S315080344F05F73646B2F706C6174666F726D2F73656F
S3150803450072766963652F696F73747265616D2F734C
S3150803451072632F736C5F696F73747265616D5F7213
S31508034520657461726765745F737464696F2E63007B
S31508034530433A2F55736572732F53696464686172BE
S315080345407468204E6175746979616C2F53696D704F
S315080345506C696369747953747564696F2F53444B33
S31508034560732F73696D706C69636974795F73646BB0
S315080345702F706C6174666F726D2F736572766963DB
S31508034580652F696F73747265616D2F7372632F7309
S315080345906C5F696F73747265616D5F756172742E92
S315080345A063005258204461746120417661696C61E5
S315080345B0626C6520466C61670052656164204C6FC6
S315080345C0636B005772697465204C6F636B00433ADB
S315080345D02F55736572732F536964646861727468BF
S315080345E0204E6175746979616C2F53696D706C69B6
S315080345F06369747953747564696F2F53444B732FC6
S3150803460073696D706C69636974795F73646B2F7012
S315080346106C6174666F726D2F736572766963652F45
S315080346206D656D6F72795F6D616E616765722F7304
S3150803463072632F736C5F6D656D6F72795F6D616EF3
S31508034640616765722E6300433A2F55736572732F3C
S31508034650536964646861727468204E617574697914
S31508034660616C2F53696D706C6963697479537475DA
S3150803467064696F2F53444B732F73696D706C696349
S315080346806974795F73646B2F706C6174666F726D8E
S315080346902F736572766963652F6D656D6F72795FC2
S315080346A06D616E616765722F7372632F736C695FD1
S315080346B06D656D6F72795F6D616E616765725F6354
S315080346C06F6D6D6F6E2E6300433A2F557365727364
S315080346D02F536964646861727468204E61757469DE
S315080346E079616C2F53696D706C6963697479537456
S315080346F07564696F2F53444B732F73696D706C69B7
S31508034700636974795F73646B2F706C6174666F7217
S315080347106D2F736572766963652F706F7765725F40
S315080347206D616E616765722F7372632F636F6D6D4B
S315080347306F6E2F736C5F706F7765725F6D616E61F5
S315080347406765725F636F6D6D6F6E2E63000104108C
S31508034750433A2F55736572732F536964646861729C
S315080347607468204E6175746979616C2F53696D702D
S315080347706C696369747953747564696F2F53444B11
S31508034780732F73696D706C69636974795F73646B8E
S315080347902F706C6174666F726D2F736572766963B9
S315080347A0652F706F7765725F6D616E616765722FCE
S315080347B07372632F736C6565705F6C6F6F702F739D
S315080347C06C5F706F7765725F6D616E616765722E78
S315080347D06300433A2F55736572732F53696464688C
S315080347E061727468204E6175746979616C2F5369B7
S315080347F06D706C696369747953747564696F2F5343
S31508034800444B732F73696D706C69636974795F734D
S31508034810646B2F706C6174666F726D2F7365727635
S315080348206963652F706F7765725F6D616E61676522
S31508034830722F7372632F736C6565705F6C6F6F701D
S315080348402F736C5F706F7765725F6D616E616765F5
S31508034850725F68616C5F73322E63000082580308C7
S315080348600000000000000000000000000000000037
S3150803487000100000370000000000000000000000E0
S31508034880433A2F55736572732F536964646861726B
S315080348907468204E6175746979616C2F53696D70FC
S315080348A06C696369747953747564696F2F53444BE0
S315080348B0732F73696D706C69636974795F73646B5D
S315080348C02F706C6174666F726D2F73657276696388
S315080348D0652F736C65657074696D65722F73726382
S315080348E02F736C5F736C65657074696D65722E637F
S315080348F000433A2F55736572732F5369646468616D
S31508034900727468204E6175746979616C2F53696D89
S31508034910706C696369747953747564696F2F53444A
S315080349204B732F73696D706C69636974795F73640C
S315080349306B2F706C6174666F726D2F73657276690F
S3150803494063652F7564656C61792F7372632F736C56
S315080349505F7564656C61792E6300666E692B006604
S315080349606E69006E616E00666E692D0000000000B8
S31508034970000000000000F03F000000000000244093
S3150803498000000000000059400000000000408F406E
S31508034990000000000088C34000000000006AF840D9
S315080349A00000000080842E4100000000D0126341FD
S315080349B00000000084D797410000000065CDCD4173
S315080349C0556E737570706F72746564206461746173
S315080349D0207479706520256420696E2074656E736A
S315080349E06F720A00556E68616E646C65642066753D
S315080349F06C6C792D636F6E6E656374656420776579
S31508034A00696768747320666F726D61742E00556EDC
S31508034A106B6E6F776E2074797065004E4F545950DC
S31508034A204500464C4F415433320055494E543800DD
S31508034A30535452494E4700424F4F4C00434F4D5033
S31508034A404C4558363400464C4F4154313600464C93
S31508034A504F4154363400434F4D504C455831323844
S31508034A600055494E543634005245534F5552434523
S31508034A700056415249414E540055494E543332006B
S31508034A8055494E54313600494E5434001B4A0308DF
S31508034A90224A03087A4A03082A4A0308624A030889
S31508034AA0304A0308374A0308814A03083C4A03087D
S31508034AB02B4A0308464A03084E4A0308564A03087C
S31508034AC0614A0308684A0308714A0308794A0308CE
S31508034AD0804A0308874A03082F55736572732F7232
S31508034AE061616E736172692F7372632F7374617375
S31508034AF0682F6773646B2F657874656E73696F6E59
S31508034B002F61696D6C2D657874656E73696F6E2F89
S31508034B1074686972645F70617274792F74666C69FC
S31508034B2074652D6D6963726F2F74656E736F726624
S31508034B306C6F772F6C6974652F6B65726E656C7312
S31508034B402F6B65726E656C5F7574696C2E63630093
S31508034B506E6F5F696E74656765725F6F7665726699
S31508034B606C6F775F66726F6D5F7175616E74697A64
S31508034B706174696F6E00696E7075745F70726F64C5
S31508034B807563745F7363616C65203E3D2030007303
S31508034B9063616C655F64696666202F206F75747040
S31508034BA075745F7363616C65203C3D20302E30322B
S31508034BB00066616C7365006B54664C69746541667F
S31508034BC066696E655175616E74697A6174696F6E2B
S31508034BD000696E7075742D3E7175616E74697A61BC
S31508034BE074696F6E2E747970650066696C74657284
S31508034BF02D3E7175616E74697A6174696F6E2E7470
S31508034C0079706500616666696E655F7175616E7454
S31508034C10697A6174696F6E00616666696E655F714C
S31508034C2075616E74697A6174696F6E2D3E7363611B
S31508034C306C6500696E7075742D3E74797065203DD8
S31508034C403D206B54664C697465496E7438207C7CC8
S31508034C5020696E7075742D3E74797065203D3D200C
S31508034C606B54664C697465496E7431360066696CB3
S31508034C707465722D3E74797065203D3D206B5466CC
S31508034C804C697465496E7438207C7C2066696C743B
S31508034C9065722D3E74797065203D3D206B54664CD4
S31508034CA0697465496E7434006E756D5F6368616E09
S31508034CB06E656C7300616666696E655F7175616EB4
S31508034CC074697A6174696F6E2D3E7363616C652DC1
S31508034CD03E73697A650066696C7465722D3E64690C
S31508034CE06D732D3E646174615B616666696E655FAB
S31508034CF07175616E74697A6174696F6E2D3E71752B
S31508034D00616E74697A65645F64696D656E73696FEC
S31508034D106E5D00496E70757420696E64657820252A
S31508034D2064206F7574206F662072616E676520282C
S31508034D306C656E67746820697320256429004F754E
S31508034D407470757420696E646578202564206F75A0
S31508034D5074206F662072616E676520286C656E67BE
S31508034D60746820697320256429004D697373696E15
S31508034D706720726567697374726174696F6E2066FA
S31508034D806F72206F70636F64655F696E6465782000
S31508034D9025640A004661696C656420746F2067653B
S31508034DA07420726567697374726174696F6E2066BD
S31508034DB0726F6D206F7020636F64652025730A20F8
S31508034DC000536B697070696E67206F7020666F7227
S31508034DD0206F70636F64655F696E64657820256408
S31508034DE00A00556E737570706F7274656420626518
S31508034DF0686176696F723A20666F756E64206275AC
S31508034E00696C74696E206F70657261746F722025A0
S31508034E1073207769746820637573746F6D206F7078
S31508034E2074696F6E732E0A00446964206E6F74206A
S31508034E3066696E6420612070617273657220666F9D
S31508034E4072202573004661696C6564207374617208
S31508034E5074696E67206D6F64656C20616C6C6F6333
S31508034E606174696F6E2E0A004661696C6564207405
S31508034E706F20616C6C6F63617465206D656D6F720D
S31508034E807920666F7220636F6E746578742D3E6938
S31508034E906E7075745F74656E736F72735F2C2025FD
S31508034EA064206279746573207265717569726564C5
S31508034EB0004661696C656420746F20696E6974695C
S31508034EC0616C697A6520696E7075742074656E7392
S31508034ED06F72202564004661696C656420746F20CF
S31508034EE0616C6C6F63617465206D656D6F72792093
S31508034EF0666F7220636F6E746578742D3E6F757472
S31508034F007075745F74656E736F72735F2C20256496
S31508034F1020627974657320726571756972656400B8
S31508034F204661696C656420746F20696E697469618A
S31508034F306C697A65206F75747075742074656E7301
S31508034F406F7220256400496E766F6B652829206386
S31508034F50616C6C656420616674657220696E697438
S31508034F6069616C697A6174696F6E206661696C65DB
S31508034F70640A0041444400415645524147455F503F
S31508034F804F4F4C5F324400434F4E434154454E41C5
S31508034F9054494F4E004445505448574953455F4377
S31508034FA04F4E565F32440044455054485F544F5F52
S31508034FB053504143450044455155414E54495A457A
S31508034FC000454D42454444494E475F4C4F4F4B5568
S31508034FD05000464C4F4F520046554C4C595F434F71
S31508034FE04E4E454354454400484153485441424C68
S31508034FF0455F4C4F4F4B5550004C325F4E4F524D09
S31508035000414C495A4154494F4E004C325F504F4F19
S315080350104C5F3244004C4F43414C5F524553504F0B
S315080350204E53455F4E4F524D414C495A4154494F91
S315080350304E004C4F474953544943004C53485F501D
S31508035040524F4A454354494F4E004D41585F504FBE
S315080350504F4C5F32440052454C555F4E315F544FB7
S315080350605F310052454C5536005245534841504529
S3150803507000524553495A455F42494C494E454152A8
S315080350800053504143455F544F5F444550544800CD
S31508035090535644460054414E4800434F4E434154E9
S315080350A05F454D42454444494E475300534B495087
S315080350B05F4752414D0043414C4C00435553544FAF
S315080350C04D00454D42454444494E475F4C4F4F4B6F
S315080350D055505F53504152534500554E4944495222
S315080350E0454354494F4E414C5F53455155454E43ED
S315080350F0455F524E4E00474154484552004241547B
S3150803510043485F544F5F53504143455F4E440053F2
S31508035110504143455F544F5F42415443485F4E44B1
S31508035120004D45414E005355420053515545455A86
S315080351304500554E49444952454354494F4E414CFF
S315080351405F53455155454E43455F4C53544D0053A4
S315080351505452494445445F534C49434500424944E4
S315080351604952454354494F4E414C5F534551554562
S315080351704E43455F524E4E0045585000544F504BD0
S315080351805F56320053504C4954004C4F475F534FB8
S3150803519046544D41580044454C4547415445004201
S315080351A049444952454354494F4E414C5F5345512F
S315080351B055454E43455F4C53544D005052454C5547
S315080351C0004D4158494D554D004152475F4D415891
S315080351D0004D494E494D554D004C455353004E45D8
S315080351E04700504144563200475245415445520000
S315080351F0475245415445525F455155414C004C452C
S3150803520053535F455155414C0053454C4543540050
S3150803521053494E005452414E53504F53455F434FE3
S315080352204E56005350415253455F544F5F44454EC3
S3150803523053450054494C4500455850414E445F4434
S31508035240494D53004E4F545F455155414C004C4F01
S315080352504700525351525400504F57004152475F2B
S315080352604D494E0046414B455F5155414E540052F8
S3150803527045445543455F50524F44005245445543B0
S31508035280455F4D4158004C4F474943414C5F4F5288
S31508035290004F4E455F484F54004C4F474943414CD6
S315080352A05F414E44004C4F474943414C5F4E4F5470
S315080352B000554E5041434B005245445543455F4DB7
S315080352C0494E00464C4F4F525F4449560052454497
S315080352D05543455F414E5900535155415245005A6E
S315080352E045524F535F4C494B450046494C4C004683
S315080352F04C4F4F525F4D4F440052414E4745005263
S315080353004553495A455F4E4541524553545F4E45A9
S31508035310494748424F52004C45414B595F52454C09
S315080353205500535155415245445F444946464552F3
S31508035330454E4345004D4952524F525F5041440032
S3150803534053504C49545F5600554E495155450043F1
S3150803535045494C00524556455253455F563200411E
S3150803536044445F4E004741544845525F4E44004308
S315080353704F530057484552450052414E4B0052453C
S3150803538056455253455F53455155454E4345004D82
S3150803539041545249585F44494147004D4154524983
S315080353A0585F5345545F4449414700524F554E444D
S315080353B000484152445F53574953480049460057EA
S315080353C048494C45004E4F4E5F4D41585F53555023
S315080353D05052455353494F4E5F5634004E4F4E5F16
S315080353E04D41585F5355505052455353494F4E5F9D
S315080353F0563500534341545445525F4E4400534572
S315080354004C4543545F56320044454E53494659006A
S3150803541042415443485F4D41544D554C00504C410D
S315080354204345484F4C4445525F464F525F475245A2
S31508035430415445525F4F505F434F444553004355CC
S315080354404D53554D0043414C4C5F4F4E4345004227
S31508035450524F4144434153545F544F0052464654B6
S31508035460324400434F4E565F334400494D4147008B
S315080354705245414C00434F4D504C45585F414253AA
S3150803548000484153485441424C4500484153485407
S3150803549041424C455F46494E4400484153485441AE
S315080354A0424C455F494D504F525400484153485466
S315080354B041424C455F53495A450052454455434575
S315080354C05F414C4C00434F4E565F33445F54524141
S315080354D04E53504F5345005641525F48414E444C34
S315080354E04500524541445F5641524941424C4500A5
S315080354F041535349474E5F5641524941424C450031
S3150803550042524F4144434153545F41524753005219
S31508035510414E444F4D5F5354414E444152445F4EAE
S315080355204F524D414C004255434B4554495A450049
S3150803553052414E444F4D5F554E49464F524D004DCD
S31508035540554C54494E4F4D49414C0047454C55001F
S3150803555044594E414D49435F5550444154455F5361
S315080355604C4943450052454C555F305F544F5F31B4
S3150803557000554E534F525445445F5345474D454E88
S31508035580545F50524F4400554E534F525445445F4F
S315080355905345474D454E545F4D415800554E534F5D
S315080355A0525445445F5345474D454E545F53554DF5
S315080355B0004154414E3200554E534F525445445FB1
S315080355C05345474D454E545F4D494E005349474E43
S315080355D00042495443415354004249545749534599
S315080355E05F584F520052494748545F5348494654F7
S315080355F000000000734F0308774F0308874F03081B
S315080356009F4F0308954F0308A74F0308B64F030890
S31508035610C14F0308D24F0308D84F0308E84F0308BE
S31508035620F94F03080A5003081550030832500308B4
S315080356303B500308B65103084A5003081954030894
S31508035640BC510308565003086350030869500308FE
S3150803565071500308745103088E51030881500308D7
S3150803566090500308955003089A500308AC50030852
S31508035670B6500308BB500308C25003083C5303083B
S31508035680DA500308F6500308FD5003080F510308C0
S31508035690CD5403082151030826510308C9520308A8
S315080356A02A510308325103084F5103085D51030871
S315080356B0785103087C510308845103088A51030867
S315080356C0965103089F510308D4550308BB51030891
S315080356D0C1510308C9510308D1510308D951030815
S315080356E0DE510308E2510308E8510308F0510308A1
S315080356F0FE510308095203085751030810520308B9
S315080357001452030823520308335203083852030872
S31508035710F8510308445203084E5203084154030838
S3150803572053520308525203086B500308585203088E
S315080357305C520308645203086F5203087B5203083A
S31508035740B352030886520308915203089952030871
S31508035750A5520308B1520308B8520308C3520308F3
S31508035760CD520308D8520308DF520308EA52030846
S31508035770EF520308F9520308FF52030817530308A5
S3150803578022530308355303087D540308405303087B
S31508035790485303084F530308545303085F53030836
S315080357A0655303086F5303087353030879530308B0
S315080357B04C5503087E5303088F530308B84F030851
S315080357C09B530308AB530308B1530308BC5303089D
S315080357D0BF530308C5530308DC530308F3530308ED
S315080357E0FE53030808540308A55503081054030871
S315080357F01D5403083E540308455403084F5403082D
S315080358005C540308635403086B5403087054030871
S3150803581075540308815403088B5403089A540308E0
S31508035820AB540308BA540308C5540308D7540308EA
S31508035830E2540308F0540308005503080F550308F8
S3150803584026550308305503083F5503084B550308E7
S31508035850505503086555030871550308875503080A
S315080358609C550308B1550308B7550308CC550308D7
S31508035870D1550308D9550308E55503080000000068
S315080358800D0A004F70206275696C74696E5F636FE9
S315080358906465206F7574206F662072616E67653A5A
S315080358A02025642E004469646E27742066696E6435
S315080358B0206F7020666F72206275696C74696E203A
S315080358C06F70636F64652027257327004F706572B1
S315080358D061746F72207769746820435553544F4D2A
S315080358E0206275696C74696E5F636F6465206861AD
S315080358F073206E6F20637573746F6D5F636F646572
S315080359002E0A00496E66004E614E002A325E000377
S3150803591004080B0D0E1112131415161700000000B8
S315080359200000000000000000BD740108BD740108F2
S315080359300F8B01082F55736572732F7261616E732E
S315080359406172692F7372632F73746173682F677338
S31508035950646B2F657874656E73696F6E2F61696DF5
S315080359606C2D657874656E73696F6E2F74686972CA
S31508035970645F70617274792F74666C6974652D6DD2
S315080359806963726F2F74656E736F72666C6F772FA8
S315080359906C6974652F6D6963726F2F6B65726E65BB
S315080359A06C732F7265647563655F636F6D6D6F6E78
S315080359B02E636300726573756C74006E6F64652D70
S315080359C03E696E707574732D3E73697A65006E6FE2
S315080359D064652D3E6F7574707574732D3E73697A9D
S315080359E065006178697320213D206E756C6C70744F
S315080359F0720025733A256420257320213D202573DB
S31508035A002028257320213D20257329006B54664CD5
S31508035A10697465496E74333200617869732D3E740F
S31508035A20797065007265666572656E63655F6F702A
S31508035A30733A3A4D65616E282074666C6974653AE3
S31508035A403A6D6963726F3A3A47657454656E736F54
S31508035A5072446174613C666C6F61743E28696E704A
S31508035A607574292C20696E7075742D3E64696D737F
S31508035A702D3E646174612C20696E7075742D3E64C5
S31508035A80696D732D3E73697A652C2074666C697427
S31508035A90653A3A6D6963726F3A3A47657454656E47
S31508035AA0736F72446174613C666C6F61743E286FF0
S31508035AB07574707574292C206F75747075742D3E02
S31508035AC064696D732D3E646174612C206F757470FF
S31508035AD075742D3E64696D732D3E73697A652C2042
S31508035AE074666C6974653A3A6D6963726F3A3A47D4
S31508035AF0657454656E736F72446174613C696E7440
S31508035B003E2861786973292C206E756D5F61786903
S31508035B10732C20706172616D732D3E6B6565705FC2
S31508035B2064696D732C2074656D705F696E6465783E
S31508035B302C207265736F6C7665645F617869732C64
S31508035B402074666C6974653A3A6D6963726F3A3A9A
S31508035B5047657454656E736F72446174613C666C11
S31508035B606F61743E286F75747075742929002F55F3
S31508035B70736572732F7261616E736172692F7372C3
S31508035B80632F73746173682F6773646B2F657874F7
S31508035B90656E73696F6E2F61696D6C2D65787465B3
S31508035BA06E73696F6E2F74686972645F706172745D
S31508035BB0792F74666C6974652D6D6963726F2F74BA
S31508035BC0656E736F72666C6F772F6C6974652F6D6C
S31508035BD06963726F2F6B65726E656C732F7265647A
S31508035BE07563655F636F6D6D6F6E2E6363204375B3
S31508035BF07272656E746C792C206F6E6C7920666C84
S31508035C006F617433322C20696E7438206F72206981
S31508035C106E74313620696E707574207479706520D8
S31508035C20697320737570706F727465642E002F55CF
S31508035C30736572732F7261616E736172692F737202
S31508035C40632F73746173682F6773646B2F65787436
S31508035C50656E73696F6E2F61696D6C2D65787465F2
S31508035C606E73696F6E2F74686972645F706172749C
S31508035C70792F74666C6974652D6D6963726F2F74F9
S31508035C80656E736F72666C6F772F6C6974652F6DAB
S31508035C906963726F2F6B65726E656C732F736F66AC
S31508035CA0746D61785F636F6D6D6F6E2E63630072DB
S31508035CB061775F6578705F6C757420213D206E751A
S31508035CC06C6C707472006F6E655F6F7665725F6F6A
S31508035CD06E655F706C75735F785F6C757420213DB4
S31508035CE0206E756C6C707472006F75747075742D94
S31508035CF03E7479706500696E7075742D3E7479709B
S31508035D0065006F75747075742D3E706172616D737D
S31508035D102E7A65726F5F706F696E7400696E70753F
S31508035D20742D3E706172616D732E7A65726F5F7042
S31508035D306F696E740025733A2564202573206E6F88
S31508035D4074206E6561722025732028256620213DFF
S31508035D502025662900312E66202F20333237363820
S31508035D60006F75747075742D3E706172616D732E54
S31508035D707363616C65002D333237363800312E660E
S31508035D80202F203635353336006B54664C697465D7
S31508035D90496E7438002D313238006F757470757416
S31508035DA02D3E706172616D732E7363616C65203D60
S31508035DB03D20312E66202F20323536006B54664C33
S31508035DC0697465466C6F61743332004661696C6544
S31508035DD06420746F20616C6C6F63617465206D65F4
S31508035DE06D6F727920666F7220706572736973744A
S31508035DF0656E742054664C69746554656E736F7268
S31508035E00004661696C656420746F20706F70756CE9
S31508035E1061746520612070657273697374656E7445
S31508035E202054664C69746554656E736F7220737477
S31508035E30727563742066726F6D20666C6174627521
S31508035E4066666572206461746121004661696C65E2
S31508035E506420746F20706F70756C6174652061209F
S31508035E6074656D702054664C69746554656E736FFA
S31508035E7072207374727563742066726F6D20666C14
S31508035E806174627566666572206461746121004691
S31508035E9061696C656420746F20616C6C6F636174EF
S31508035EA065207661726961626C652074656E736FCD
S31508035EB072206F662073697A6520256400466169D6
S31508035EC06C656420746F20616C6C6F636174652004
S31508035ED06D656D6F727920666F72206E6F64655F8C
S31508035EE0616E645F726567697374726174696F6EF4
S31508035EF0732E00556E61626C6520746F20616C6C3D
S31508035F006F636174652054664C6974654166666996
S31508035F106E655175616E74697A6174696F6E2E0A5E
S31508035F2000556E61626C6520746F20616C6C6F63DB
S31508035F30617465207175616E74697A6174696F6ECF
S31508035F402D3E7A65726F5F706F696E742E0A00460E
S31508035F5061696C656420746F20616C6C6F6361742E
S31508035F6065206D656D6F727920666F7220636F6E3B
S31508035F70746578742D3E6576616C5F74656E736FB0
S31508035F8072732C2025642062797465732072657197
S31508035F907569726564004661696C656420746F206F
S31508035FA0696E697469616C697A652074656E736F65
S31508035FB072202564004D6963726F416C6C6F63616F
S31508035FC0746F723A204D6F64656C20616C6C6F63F5
S31508035FD06174696F6E2066696E69736865642062A9
S31508035FE065666F7265207374617274696E67206182
S31508035FF06C6C6F636174696E67206D6F64656C00A2
S315080360004D6963726F416C6C6F6361746F723A208A
S315080360104D6F64656C20616C6C6F636174696F6E38
S315080360202073746172746564206265666F72652095
S3150803603066696E697368696E672070726576696FDB
S3150803604075736C7920616C6C6F6361746564206D1C
S315080360506F64656C004661696C656420746F2061C2
S315080360606C6C6F63617465206D656D6F72792066FC
S315080360706F72206D6F64656C206D657461646174FD
S31508036080612E005363726174636820627566666580
S3150803609072207265717565737420657865656473B6
S315080360A0206C696D697420706572206F7065726102
S315080360B0746F722028256429000000000000000080
S315080360C00000000055E90008BDE900087B8F0108B8
S315080360D0B58F0108BD8F0108C58F0108CD8F01084B
S315080360E0718F01086F8F01086F8F010895EA000801
S315080360F0D5EC000821EA0008D58F01089D90010810
S3150803610097910108E38F01080000000000000000D2
S31508036110658F01086D8F0108E18F0108E18F01087A
S315080361200000000000000000000000004D93010875
S315080361304D9301084F930108A79301085793010844
S315080361405F930108CD930108F39301081994010895
S315080361507B930108839301088B93010893930108A2
S315080361604E6F646520257320286E756D62657220EF
S3150803617025646629206661696C656420746F2070DE
S3150803618072657061726520776974682073746174C7
S31508036190757320256400416363657373696E6720AD
S315080361A0737562677261706820256420627574204E
S315080361B06F6E6C79202564207375626772617068E7
S315080361C07320666F756E64004E6F646520257320B1
S315080361D0286E756D62657220256429206661696C6F
S315080361E0656420746F20696E766F6B6520776974B2
S315080361F068207374617475732025640000000000B9
S315080362000000000061940108619401086394010881
S3150803621025EF0008C594010819950108A1EF0008A0
S315080362206D9501081197010885960108F1960108ED
S31508036230BB96010861960108496E7465726E616CB6
S31508036240206572726F723A20656974686572206296
S315080362507566666572206973206E6F74207265733E
S31508036260697A61626C65206F72205265736574542E
S31508036270656D70416C6C6F636174696F6E73282901
S31508036280206973206E6F742063616C6C6564206289
S3150803629065666F726520526573697A6542756666C7
S315080362A0657228292E004661696C656420746F201F
S315080362B0726573697A65206275666665722E205201
S315080362C065717565737465643A2025752C20617646
S315080362D061696C61626C652025752C206D69737321
S315080362E0696E673A202575004661696C6564207492
S315080362F06F20616C6C6F636174652074656D7020C3
S315080363006D656D6F72792E20526571756573746547
S31508036310643A2025752C20617661696C61626C6527
S315080363202025752C206D697373696E673A20257568
S31508036330004E756D626572206F6620616C6C6F63C3
S31508036340617465642074656D70206275666665722E
S31508036350733A2025642E20436865636B73756D2035
S3150803636070617373696E67207374617475733A2009
S31508036370256400416C6C2074656D702062756666D1
S31508036380657273206D757374206265206672656520
S3150803639064206265666F72652063616C6C696E67FB
S315080363A020526573657454656D70416C6C6F6361D7
S315080363B074696F6E732829004661696C6564207475
S315080363C06F20616C6C6F63617465207461696C20FE
S315080363D06D656D6F72792E20526571756573746577
S315080363E0643A2025752C20617661696C61626C6557
S315080363F02025752C206D697373696E673A20257598
S315080364000000000000000000000000007397010868
S3150803641073970108D5F000088797010811F100085A
S3150803642035F10008B99701087DF00008759701084A
S3150803643095970108E997010899970108179801089C
S3150803644059F10008A9970108FCFFFFFF00000000A7
S3150803645035980108319801080F980108B197010882
S31508036460546F6F206D616E79206275666665727307
S3150803647020286D6178206973202564290025632007
S315080364802869643D2564293A2073697A653D25643C
S315080364902C206F66667365743D25642C20666972C5
S315080364A073745F757365643D2564206C6173745FEB
S315080364B0757365643D256400257325643A20257341
S315080364C0202825646B290062756666657220696EE5
S315080364D0646578202564206973206F75747369640D
S315080364E0652072616E6765203020746F202564000D
S315080364F000000000000000007B9801087B98010853
S31508036500F1F100087D980108A59A010899980108F0
S31508036510A9F300084798010839F200084661696C2F
S31508036520656420746F20616C6C6F63617465206D9C
S31508036530656D6F727920666F72206D656D6F7279FE
S3150803654020706C616E6E696E672C202564206279F3
S31508036550746573207265717569726564004E62723B
S31508036560206F66206F66666C696E6520627566665F
S315080365706572206F666673657473202825642920FF
S31508036580696E206D65746164617461206E6F742031
S31508036590657175616C206E62722074656E736F72B5
S315080365A07320282564290A00446F6573206E6F7467
S315080365B020737570706F727420696E7465726D6579
S315080365C064696174652074656E736F722077697484
S315080365D068206E6F6E2D7A65726F2073697A653AD5
S315080365E0202564004F66666C696E654D656D6F722E
S315080365F079416C6C6F636174696F6E0000100000FB
S3150803660084A403088C660308C00F00000008000072
S3150803661084D403080C860308C0070000000400009E
S3150803662084EC03088C950308E003000000020000CD
S3150803663084F803084C9D0308E001000000010000EC
S3150803664084FE03080CA10308F00000008000000084
S3150803665084010408ECA2030870000000400000004F
S3150803666004030408CCA30308380000002000000034
S31508036670C40304083CA40308180000001000000023
S31508036680240404086CA403080C0000000800004056
S315080366901000002018000060200000102800005099
S315080366A030000030380000704000000848000048F9
S315080366B05000002858000068600000186800005859
S315080366C070000038780000788000000488000044D1
S315080366D09000002498000064A0000014A800005449
S315080366E0B0000034B8000074C000000CC800004CA9
S315080366F0D000002CD800006CE000001CE800005C09
S31508036700F000003CF800007C00010002080100428A
S31508036710100100221801006220010012280100520C
S3150803672030010032380100724001000A4801004A6C
S315080367305001002A5801006A6001001A6801005ACC
S315080367407001003A7801007A800100068801004644
S315080367509001002698010066A0010016A8010056BC
S31508036760B0010036B8010076C001000EC801004E1C
S31508036770D001002ED801006EE001001EE801005E7C
S31508036780F001003EF801007E0802004110020021D4
S31508036790180200612002001128020051300200315C
S315080367A038020071400200094802004950020029D4
S315080367B0580200696002001968020059700200391C
S315080367C078020079800200058802004590020025B8
S315080367D098020065A0020015A8020055B00200350C
S315080367E0B8020075C002000DC802004DD002002D84
S315080367F0D802006DE002001DE802005DF002003DCC
S31508036800F802007D080300431003002318030063FE
S31508036810200300132803005330030033380300739F
S315080368204003000B4803004B5003002B5803006B2F
S315080368306003001B6803005B7003003B7803007B5F
S31508036840800300078803004790030027980300671F
S31508036850A0030017A8030057B0030037B80300774F
S31508036860C003000FC803004FD003002FD803006FDF
S31508036870E003001FE803005FF003003FF803007F0F
S3150803688008048040100480201804806020048010C7
S31508036890280480503004803038048070400480080F
S315080368A04804804850048028580480686004801887
S315080368B06804805870048038780480788804804493
S315080368C09004802498048064A0048014A804805447
S315080368D0B0048034B8048074C004800CC804804CA7
S315080368E0D004802CD804806CE004801CE804805C07
S315080368F0F004803CF804807C080580421005802259
S3150803690018058062200580122805805230058032DA
S31508036910380580724005800A4805804A5005802A52
S315080369205805806A6005801A6805805A7005803A9A
S315080369307805807A80058006880580469005802636
S3150803694098058066A0058016A8058056B00580368A
S31508036950B8058076C005800EC805804ED005802E02
S31508036960D805806EE005801EE805805EF005803E4A
S31508036970F805807E08068041100680211806806186
S31508036980200680112806805130068031380680712A
S3150803699040068009480680495006802958068069BA
S315080369A060068019680680597006803978068079EA
S315080369B0880680459006802598068065A00680157A
S315080369C0A8068055B0068035B8068075C006800DC2
S315080369D0C806804DD006802DD806806DE006801D3A
S315080369E0E806805DF006803DF806807D080780434B
S315080369F0100780231807806320078013280780530E
S31508036A0030078033380780734007800B4807804B6D
S31508036A105007802B5807806B6007801B6807805BCD
S31508036A207007803B7807807B880780479007802715
S31508036A3098078067A0078017A8078057B00780378D
S31508036A40B8078077C007800FC807804FD007802F05
S31508036A50D807806FE007801FE807805FF007803F4D
S31508036A60F807807F0808404010084020180840604F
S31508036A702008401028084050300840303808407035
S31508036A804808404850084028580840686008401895
S31508036A9068084058700840387808407888084044A1
S31508036AA09008402498084064A0084014A808405455
S31508036AB0B0084034B8084074C008400CC808404CB5
S31508036AC0D008402CD808406CE008401CE808405C15
S31508036AD0F008403CF808407C080940421009402267
S31508036AE018094062200940122809405230094032E9
S31508036AF0380940724009400A4809404A5009402A61
S31508036B005809406A6009401A6809405A7009403AA8
S31508036B107809407A880940469009402698094066CC
S31508036B20A0094016A8094056B0094036B809407668
S31508036B30C009400EC809404ED009402ED809406EF8
S31508036B40E009401EE809405EF009403EF809407E28
S31508036B50080A4041100A4021180A4061200A4011D8
S31508036B60280A4051300A4031380A4071480A4049D8
S31508036B70500A4029580A4069600A4019680A405968
S31508036B80700A4039780A4079880A4045900A4025B0
S31508036B90980A4065A00A4015A80A4055B00A403528
S31508036BA0B80A4075C00A400DC80A404DD00A402DA0
S31508036BB0D80A406DE00A401DE80A405DF00A403DE8
S31508036BC0F80A407D080B4043100B4023180B40631B
S31508036BD0200B4013280B4053300B4033380B4073BC
S31508036BE0480B404B500B402B580B406B600B401B1C
S31508036BF0680B405B700B403B780B407B880B404728
S31508036C00900B4027980B4067A00B4017A80B4057DB
S31508036C10B00B4037B80B4077C00B400FC80B404F3B
S31508036C20D00B402FD80B406FE00B401FE80B405F9B
S31508036C30F00B403FF80B407F080CC040100CC020F7
S31508036C40180CC060200CC010280CC050300CC03083
S31508036C50380CC070480CC048500CC028580CC06883
S31508036C60600CC018680CC058700CC038780CC07813
S31508036C70880CC044900CC024980CC064A00CC014A3
S31508036C80A80CC054B00CC034B80CC074C80CC04CA3
S31508036C90D00CC02CD80CC06CE00CC01CE80CC05C33
S31508036CA0F00CC03CF80CC07C080DC042100DC02285
S31508036CB0180DC062200DC012280DC052300DC03207
S31508036CC0380DC072480DC04A500DC02A580DC06A07
S31508036CD0600DC01A680DC05A700DC03A780DC07A97
S31508036CE0880DC046900DC026980DC066A00DC01627
S31508036CF0A80DC056B00DC036B80DC076C00DC00E6F
S31508036D00C80DC04ED00DC02ED80DC06EE00DC01EE6
S31508036D10E80DC05EF00DC03EF80DC07E080EC041FA
S31508036D20100EC021180EC061200EC011280EC051C6
S31508036D30300EC031380EC071480EC049500EC029F6
S31508036D40580EC069600EC019680EC059700EC03956
S31508036D50780EC079880EC045900EC025980EC0657A
S31508036D60A00EC015A80EC055B00EC035B80EC07516
S31508036D70C80EC04DD00EC02DD80EC06DE00EC01D76
S31508036D80E80EC05DF00EC03DF80EC07D080FC04387
S31508036D90100FC023180FC063200FC013280FC0534A
S31508036DA0300FC033380FC073480FC04B500FC02B7A
S31508036DB0580FC06B600FC01B680FC05B700FC03BDA
S31508036DC0780FC07B880FC047900FC027980FC067FE
S31508036DD0A00FC017A80FC057B00FC037B80FC0779A
S31508036DE0C80FC04FD00FC02FD80FC06FE00FC01FFA
S31508036DF0E80FC05FF00FC03FF80FC07F08102040B0
S31508036E001010202018102060281020503010203031
S31508036E103810207048102048501020285810206831
S31508036E2060102018681020587010203878102078C1
S31508036E30881020449010202498102064A010201451
S31508036E40A8102054B0102034B8102074C810204C51
S31508036E50D010202CD810206CE010201CE810205CE1
S31508036E60F010203CF810207C081120421011202233
S31508036E7018112062201120122811205230112032B5
S31508036E80381120724811204A5011202A5811206AB5
S31508036E906011201A6811205A7011203A7811207A45
S31508036EA0881120469011202698112066A0112016D5
S31508036EB0A8112056B0112036B8112076C811204ED5
S31508036EC0D011202ED811206EE011201EE811205E65
S31508036ED0F011203EF811207E0812204110122021BD
S31508036EE018122061281220513012203138122071CD
S31508036EF04812204950122029581220696012201975
S31508036F006812205970122039781220798812204580
S31508036F109012202598122065A0122015A812205534
S31508036F20B0122035B8122075C812204DD012202D64
S31508036F30D812206DE012201DE812205DF012203DC4
S31508036F40F812207D081320431013202318132063F7
S31508036F502813205330132033381320734813204B38
S31508036F605013202B5813206B6013201B6813205BC8
S31508036F707013203B7813207B881320479013202710
S31508036F8098132067A0132017A8132057B013203788
S31508036F90B8132077C813204FD013202FD813206F88
S31508036FA0E013201FE813205FF013203FF813207F18
S31508036FB00814A0401014A0201814A0602814A05088
S31508036FC03014A0303814A0704814A0485014A028D0
S31508036FD05814A0686014A0186814A0587014A03830
S31508036FE07814A0788814A0449014A0249814A06454
S31508036FF0A814A054B014A034B814A074C814A04C90
S31508037000D014A02CD814A06CE014A01CE814A05C1F
S31508037010F014A03CF814A07C0815A0421015A02271
S315080370201815A0622815A0523015A0323815A0727B
S315080370304815A04A5015A02A5815A06A6015A01A23
S315080370406815A05A7015A03A7815A07A8815A0462F
S315080370509015A0269815A066A015A016A815A056E3
S31508037060B015A036B815A076C815A04ED015A02E13
S31508037070D815A06EE015A01EE815A05EF015A03E73
S31508037080F815A07E0816A0411016A0211816A061AF
S315080370902816A0513016A0313816A0714816A049F3
S315080370A05016A0295816A0696016A0196816A05983
S315080370B07016A0397816A0798816A0459016A025CB
S315080370C09816A065A816A055B016A035B816A075CB
S315080370D0C816A04DD016A02DD816A06DE016A01D73
S315080370E0E816A05DF016A03DF816A07D0817A04384
S315080370F01017A0231817A0632817A0533017A03317
S315080371003817A0734817A04B5017A02B5817A06B16
S315080371106017A01B6817A05B7017A03B7817A07BA6
S315080371208817A0479017A0279817A067A817A057EE
S31508037130B017A037B817A077C817A04FD017A02F36
S31508037140D817A06FE017A01FE817A05FF017A03F96
S31508037150F817A07F08186040101860201818606098
S31508037160281860503018603038186070481860481E
S31508037170501860285818606868186058701860387E
S3150803718078186078881860449018602498186064A2
S31508037190A8186054B0186034B8186074C818604CDE
S315080371A0D018602CD818606CE018601CE818605C6E
S315080371B0F018603CF818607C0819604210196022C0
S315080371C018196062281960523019603238196072CA
S315080371D04819604A5019602A5819606A6019601A72
S315080371E06819605A7019603A7819607A881960467E
S315080371F09019602698196066A8196056B019603602
S31508037200B8196076C819604ED019602ED819606E01
S31508037210E019601EE819605EF019603EF819607E91
S31508037220081A6041101A6021181A6061281A6051F9
S31508037230301A6031381A6071481A6049501A602941
S31508037240581A6069681A6059701A6039781A607929
S31508037250881A6045901A6025981A6065A81A6055B9
S31508037260B01A6035B81A6075C81A604DD01A602D01
S31508037270D81A606DE01A601DE81A605DF01A603D61
S31508037280F81A607D081B6043101B6023181B606394
S31508037290281B6053301B6033381B6073481B604BD5
S315080372A0501B602B581B606B681B605B701B603B35
S315080372B0781B607B881B6047901B6027981B606759
S315080372C0A81B6057B01B6037B81B6077C81B604F95
S315080372D0D01B602FD81B606FE01B601FE81B605F25
S315080372E0F01B603FF81B607F081CE040101CE02081
S315080372F0181CE060281CE050301CE030381CE07095
S31508037300481CE048501CE028581CE068681CE058F4
S31508037310701CE038781CE078881CE044901CE02454
S31508037320981CE064A81CE054B01CE034B81CE07454
S31508037330C81CE04CD01CE02CD81CE06CE81CE05CB4
S31508037340F01CE03CF81CE07C081DE042101DE0221E
S31508037350181DE062281DE052301DE032381DE07228
S31508037360481DE04A501DE02A581DE06A681DE05A88
S31508037370701DE03A781DE07A881DE046901DE026E8
S31508037380981DE066A81DE056B01DE036B81DE076E8
S31508037390C81DE04ED01DE02ED81DE06EE01DE01E90
S315080373A0E81DE05EF01DE03EF81DE07E081EE041A4
S315080373B0101EE021181EE061281EE051301EE03140
S315080373C0381EE071481EE049501EE029581EE06940
S315080373D0681EE059701EE039781EE079881EE0457C
S315080373E0901EE025981EE065A81EE055B01EE03500
S315080373F0B81EE075C81EE04DD01EE02DD81EE06D00
S31508037400E81EE05DF01EE03DF81EE07D081FE04340
S31508037410101FE023181FE063281FE053301FE033D3
S31508037420381FE073481FE04B501FE02B581FE06BD3
S31508037430681FE05B701FE03B781FE07B881FE0470F
S31508037440901FE027981FE067A81FE057B01FE03793
S31508037450B81FE077C81FE04FD01FE02FD81FE06F93
S31508037460E81FE05FF01FE03FF81FE07F08201040A9
S315080374701820106028201050302010303820107043
S3150803748048201048502010285820106868201058A3
S315080374907020103878201078882010449020102403
S315080374A098201064A8201054B0201034B820107403
S315080374B0C820104CD020102CD820106CE820105C63
S315080374C0F020103CF820107C0821104210211022CD
S315080374D018211062282110523021103238211072D7
S315080374E04821104A5021102A5821106A6821105A37
S315080374F07021103A7821107A882110469021102697
S3150803750098211066A8211056B0211036B821107696
S31508037510C821104ED021102ED821106EE821105EF6
S31508037520F021103EF821107E08221041182210611E
S31508037530282210513022103138221071482210495E
S3150803754050221029582210696822105970221039BE
S3150803755078221079882210459022102598221065E2
S31508037560A8221055B0221035B8221075C822104D1E
S31508037570D022102DD822106DE822105DF022103D7E
S31508037580F822107D08231043182310632823105369
S3150803759030231033382310734823104B5023102BF2
S315080375A05823106B6823105B7023103B7823107BDA
S315080375B0882310479023102798231067A82310576A
S315080375C0B0231037B8231077C823104FD023102FB2
S315080375D0D823106FE823105FF023103FF823107F9A
S315080375E00824904018249060282490503024903022
S315080375F0382490704824904850249028582490683A
S315080376006824905870249038782490788824904475
S3150803761098249064A8249054B0249034B824907481
S31508037620C824904CD024902CD824906CE824905CE1
S31508037630F024903CF824907C082590421825906203
S315080376402825905230259032382590724825904A3D
S315080376505025902A5825906A6825905A7025903A9D
S315080376607825907A882590469025902698259066C1
S31508037670A8259056B0259036B8259076C825904EFD
S31508037680D025902ED825906EE825905EF025903E5D
S31508037690F825907E08269041182690612826905151
S315080376A030269031382690714826904950269029DD
S315080376B058269069682690597026903978269079C5
S315080376C08826904598269065A8269055B026903525
S315080376D0B8269075C826904DD026902DD826906D3D
S315080376E0E826905DF026903DF826907D082790437E
S315080376F01827906328279053302790333827907399
S315080377004827904B5027902B5827906B6827905BF8
S315080377107027903B7827907B882790479827906710
S31508037720A8279057B0279037B8279077C827904F40
S31508037730D027902FD827906FE827905FF027903FA0
S31508037740F827907F0828504018285060282850505A
S3150803775030285030382850704828504858285068E0
S315080377606828505870285038782850788828504404
S3150803777098285064A8285054B0285034B828507410
S31508037780C828504CD028502CD828506CE828505C70
S31508037790F028503CF828507C082950421829506292
S315080377A02829505230295032382950724829504ACC
S315080377B05029502A5829506A6829505A7029503A2C
S315080377C07829507A8829504698295066A829505608
S315080377D0B0295036B8295076C829504ED029502E8C
S315080377E0D829506EE829505EF029503EF829507E74
S315080377F0082A5041182A5061282A5051302A5031F4
S31508037800382A5071482A5049582A5069682A5059C3
S31508037810702A5039782A5079882A5045982A50650B
S31508037820A82A5055B02A5035B82A5075C82A504D3B
S31508037830D02A502DD82A506DE82A505DF02A503D9B
S31508037840F82A507D082B5043182B5063282B505386
S31508037850302B5033382B5073482B504B582B506BC7
S31508037860682B505B702B503B782B507B882B5047EB
S31508037870982B5067A82B5057B02B5037B82B5077F7
S31508037880C82B504FD02B502FD82B506FE82B505F57
S31508037890F02B503FF82B507F082CD040182CD06083
S315080378A0282CD050302CD030382CD070482CD048C7
S315080378B0582CD068682CD058702CD038782CD078AF
S315080378C0882CD044982CD064A82CD054B02CD0340F
S315080378D0B82CD074C82CD04CD82CD06CE82CD05CDF
S315080378E0F02CD03CF82CD07C082DD042182DD06231
S315080378F0282DD052302DD032382DD072482DD04A6B
S31508037900582DD06A682DD05A702DD03A782DD07A52
S31508037910882DD046982DD066A82DD056B02DD036B2
S31508037920B82DD076C82DD04ED02DD02ED82DD06ECA
S31508037930E82DD05EF02DD03EF82DD07E082ED0410E
S31508037940182ED061282ED051302ED031382ED07132
S31508037950482ED049582ED069682ED059702ED03962
S31508037960782ED079882ED045982ED065A82ED05556
S31508037970B02ED035B82ED075C82ED04DD82ED06D92
S31508037980E82ED05DF02ED03DF82ED07D082FD043BB
S31508037990182FD063282FD053302FD033382FD073D6
S315080379A0482FD04B582FD06B682FD05B702FD03B06
S315080379B0782FD07B882FD047982FD067A82FD057FA
S315080379C0B02FD037B82FD077C82FD04FD82FD06F36
S315080379D0E82FD05FF02FD03FF82FD07F0830304004
S315080379E018303060283030503830307048303048DE
S315080379F058303068683030587030303878303078DE
S31508037A008830304498303064A8303054B03030343D
S31508037A10B8303074C830304CD830306CE830305C0D
S31508037A20F030303CF830307C08313042183130625F
S31508037A302831305230313032383130724831304A99
S31508037A405831306A6831305A7031303A7831307A81
S31508037A508831304698313066A8313056B0313036E1
S31508037A60B8313076C831304ED831306EE831305EB1
S31508037A70F031303EF831307E083230411832306109
S31508037A8028323051383230714832304958323069E9
S31508037A906832305970323039783230798832304525
S31508037AA098323065A8323055B0323035B832307531
S31508037AB0C832304DD832306DE832305DF032303D61
S31508037AC0F832307D08333043183330632833305364
S31508037AD0383330734833304B5833306B6833305B45
S31508037AE07033303B7833307B88333047983330678D
S31508037AF0A8333057B0333037B8333077C833304FBD
S31508037B00D833306FE833305FF033303FF833307FA4
S31508037B100834B0401834B0602834B0503834B070E4
S31508037B204834B0485834B0686834B0587034B038FC
S31508037B307834B0788834B0449834B064A834B054F0
S31508037B40B834B074C834B04CD834B06CE834B05CCC
S31508037B50F034B03CF834B07C0835B0421835B0621E
S31508037B602835B0523835B0724835B04A5835B06AF8
S31508037B706835B05A7035B03A7835B07A8835B04634
S31508037B809835B066A835B056B035B036B835B07640
S31508037B90C835B04ED835B06EE835B05EF035B03E70
S31508037BA0F835B07E0836B0411836B0612836B0517C
S31508037BB03836B0714836B0495836B0696836B05960
S31508037BC07036B0397836B0798836B0459836B065A8
S31508037BD0A836B055B836B075C836B04DD836B06D78
S31508037BE0E836B05DF036B03DF836B07D0837B043B9
S31508037BF01837B0632837B0533837B0734837B04BA4
S31508037C005837B06B6837B05B7037B03B7837B07BA3
S31508037C108837B0479837B067A837B057B837B077BB
S31508037C20C837B04FD837B06FE837B05FF037B03FD3
S31508037C30F837B07F083870401838706028387050A5
S31508037C4038387070483870485838706868387058CB
S31508037C50783870788838704498387064A8387054BF
S31508037C60B8387074C838704CD838706CE838705C9B
S31508037C70F038703CF838707C0839704218397062ED
S31508037C8028397052383970724839704A5839706AC7
S31508037C906839705A7039703A7839707A8839704603
S31508037CA098397066A8397056B8397076C839704EDF
S31508037CB0D839706EE839705EF039703EF839707EDF
S31508037CC0083A7041183A7061283A7051383A707117
S31508037CD0483A7049583A7069683A7059783A7079E7
S31508037CE0883A7045983A7065A83A7055B83A7075E7
S31508037CF0C83A704DD83A706DE83A705DF03A703DFF
S31508037D00F83A707D083B7043183B7063283B705301
S31508037D10383B7073483B704B583B706B683B705BE2
S31508037D20783B707B883B7047983B7067A83B7057D6
S31508037D30B83B7077C83B704FD83B706FE83B705FB2
S31508037D40F03B703FF83B707F083CF040183CF0600E
S31508037D50283CF050383CF070483CF048583CF068F2
S31508037D60683CF058783CF078883CF044983CF064DA
S31508037D70A83CF054B83CF074C83CF04CD83CF06CC2
S31508037D80E83CF05CF83CF07C083DF042183DF062B4
S31508037D90283DF052383DF072483DF04A583DF06AA6
S31508037DA0683DF05A783DF07A883DF046983DF0668E
S31508037DB0A83DF056B83DF076C83DF04ED83DF06E76
S31508037DC0E83DF05EF03DF03EF83DF07E083EF041BA
S31508037DD0183EF061283EF051383EF071483EF049AE
S31508037DE0583EF069683EF059783EF079883EF0458A
S31508037DF0983EF065A83EF055B83EF075C83EF04D7E
S31508037E00D83EF06DE83EF05DF83EF07D083FF0435E
S31508037E10183FF063283FF053383FF073483FF04B61
S31508037E20583FF06B683FF05B783FF07B883FF0473D
S31508037E30983FF067A83FF057B83FF077C83FF04F31
S31508037E40D83FF06FE83FF05FF83FF07F18400860CF
S31508037E502840085038400870484008485840086881
S31508037E606840085878400878884008449840086469
S31508037E70A8400854B8400874C840084CD840086C51
S31508037E80E840085CF840087C084108421841086243
S31508037E9028410852384108724841084A5841086A35
S31508037EA06841085A7841087A88410846984108661D
S31508037EB0A8410856B8410876C841084ED841086E05
S31508037EC0E841085EF841087E1842086128420851CD
S31508037ED038420871484208495842086968420859AD
S31508037EE0784208798842084598420865A8420855A1
S31508037EF0B8420875C842084DD842086DE842085D7D
S31508037F00F842087D1843086328430853384308731F
S31508037F104843084B5843086B6843085B7843087B18
S31508037F208843084798430867A8430857B843087718
S31508037F30C843084FD843086FE843085FF843087FE8
S31508037F4018448860284488503844887048448848C8
S31508037F505844886868448858784488789844886474
S31508037F60A8448854B8448874C844884CD844886C50
S31508037F70E844885CF844887C184588622845885212
S31508037F80384588724845884A5845886A6845885AEC
S31508037F907845887A8845884698458866A8458856E0
S31508037FA0B8458876C845884ED845886EE845885EBC
S31508037FB0F845887E18468861284688513846887168
S31508037FC04846884958468869684688597846887964
S31508037FD098468865A8468855B8468875C846884D1C
S31508037FE0D846886DE846885DF846887D18478863CD
S31508037FF028478853384788734847884B5847886BB8
S315080380006847885B7847887B98478867A84788576F
S31508038010B8478877C847884FD847886FE847885F3F
S31508038020F847887F184848602848485038484870B1
S315080380305848486868484858784848789848486483
S31508038040A8484854B8484874C848484CD848486C5F
S31508038050E848485CF848487C184948622849485221
S31508038060384948724849484A5849486A6849485AFB
S315080380707849487A98494866A8494856B84948768F
S31508038080C849484ED849486EE849485EF849487E83
S31508038090184A4861284A4851384A4871584A48692B
S315080380A0684A4859784A4879984A4865A84A4855CB
S315080380B0B84A4875C84A484DD84A486DE84A485D9B
S315080380C0F84A487D184B4863284B4853384B48733E
S315080380D0584B486B684B485B784B487B984B4867CB
S315080380E0A84B4857B84B4877C84B484FD84B486FA7
S315080380F0E84B485FF84B487F184CC860284CC85073
S31508038100384CC870584CC868684CC858784CC878F6
S31508038110984CC864A84CC854B84CC874D84CC86C96
S31508038120E84CC85CF84CC87C184DC862284DC85240
S31508038130384DC872584DC86A684DC85A784DC87ABA
S31508038140984DC866A84DC856B84DC876C84DC84E8A
S31508038150D84DC86EE84DC85EF84DC87E184EC8613E
S31508038160284EC851384EC871584EC869684EC85902
S31508038170784EC879984EC865A84EC855B84EC8757E
S31508038180D84EC86DE84EC85DF84EC87D184FC8630B
S31508038190284FC853384FC873584FC86B684FC85BC6
S315080381A0784FC87B984FC867A84FC857B84FC87742
S315080381B0D84FC86FE84FC85FF84FC87F1850286074
S315080381C038502870585028686850285878502878A6
S315080381D098502864A8502854B8502874D850286C46
S315080381E0E850285CF850287C1851286228512852F0
S315080381F0385128725851286A6851285A7851287A6A
S3150803820098512866A8512856B8512876D851286E09
S31508038210E851285EF851287E185228613852287189
S3150803822058522869685228597852287998522865E5
S31508038230A8522855B8522875D852286DE852285D91
S31508038240F852287D18532863385328735853286BD4
S315080382506853285B7853287B98532867A85328576D
S31508038260B8532877D853286FE853285FF853287FDD
S315080382701854A8603854A8705854A8686854A8585D
S315080382807854A8789854A864B854A874D854A86C91
S31508038290E854A85CF854A87C1855A8623855A872FF
S315080382A05855A86A6855A85A7855A87A9855A86655
S315080382B0A855A856B855A876D855A86EE855A85E01
S315080382C0F855A87E1856A8613856A8715856A8694D
S315080382D06856A8597856A8799856A865B856A875B9
S315080382E0D856A86DE856A85DF856A87D1857A8630A
S315080382F03857A8735857A86B6857A85B7857A87B4D
S315080383009857A867B857A877D857A86FE857A85FA4
S31508038310F857A87F185868603858687058586868B6
S315080383207858687898586864B8586874D858686CE0
S31508038330E858685CF858687C18596862385968724E
S315080383405859686A6859685A7859687A98596866A4
S31508038350B8596876D859686EE859685EF859687ED8
S31508038360185A6861385A6871585A6869785A687920
S31508038370985A6865B85A6875D85A686DE85A685D30
S31508038380F85A687D185B6863385B6873585B686B73
S31508038390785B687B985B6867B85B6877D85B686F58
S315080383A0E85B685FF85B687F185CE860385CE870D0
S315080383B0585CE868785CE878985CE864B85CE874C4
S315080383C0D85CE86CF85CE87C185DE862385DE872AE
S315080383D0585DE86A785DE87A985DE866B85DE87698
S315080383E0D85DE86EE85DE85EF85DE87E185EE861EC
S315080383F0385EE871585EE869785EE879985EE865FC
S31508038400B85EE875D85EE86DF85EE87D185FE863E0
S31508038410385FE873585FE86B785FE87B985FE867CF
S31508038420B85FE877D85FE86FF85FE87F3860187059
S31508038430586018687860187898601864B860187473
S31508038440D860186CF860187C18611862386118725D
S315080384505861186A7861187A98611866B861187647
S31508038460D861186EF861187E3862187158621869EF
S315080384707862187998621865B8621875D862186DA3
S31508038480F862187D386318735863186B7863187B1A
S3150803849098631867B8631877D863186FF863187FF3
S315080384A0386498705864986878649878B864987447
S315080384B0D864986CF864987C386598725865986A95
S315080384C07865987A98659866B8659876D865986E43
S315080384D0F865987E386698715866986978669879C3
S315080384E0B8669875D866986DF866987D38679873F0
S315080384F05867986B7867987BB8679877D867986F43
S31508038500F867987F3868587078685878B8685874E0
S31508038510D868586CF868587C386958725869586A24
S315080385207869587AB8695876D869586EF869587E5A
S31508038530386A5871786A5879B86A5875D86A586D16
S31508038540F86A587D386B5873786B587BB86B5877CD
S31508038550D86B586FF86B587F386CD870786CD878A6
S31508038560B86CD874F86CD87C386DD872786DD87AAC
S31508038570B86DD876D86DD86EF86DD87E386ED87142
S31508038580786ED879B86ED875F86ED87D386FD87383
S31508038590786FD87BB86FD877F86FD87F78703878C4
S315080385A0B8703874F870387C387138727871387ADC
S315080385B0B8713876F871387E78723879B872387542
S315080385C0F872387D7873387BB8733877F873387FE1
S315080385D07874B878F874B87C7875B87AB875B87654
S315080385E0F875B87E7876B879F876B87D7877B87BF3
S315080385F0F877B87FF878787C7879787AF879787E16
S31508038600F87A787DF87B787FF87DF87E0800002075
S315080386101000001018000030200000082800002869
S3150803862030000018380000384000000448000024D1
S3150803863050000014580000346000000C6800002C39
S315080386407000001C7800003C8000000288000022AD
S315080386509000001298000032A000000AA800002A21
S31508038660B000001AB800003AC0000006C800002689
S31508038670D0000016D8000036E000000EE800002EF1
S31508038680F000001EF800003E080100211001001149
S3150803869018010031200100092801002930010019B9
S315080386A0380100394001000548010025500100152D
S315080386B0580100356001000D6801002D7001001D89
S315080386C07801003D8001000388010023900100130F
S315080386D098010033A001000BA801002BB001001B71
S315080386E0B801003BC0010007C8010027D0010017E5
S315080386F0D8010037E001000FE801002FF001001F41
S31508038700F801003F0802802010028010180280300A
S315080387102002800828028028300280183802803810
S315080387204002800448028024500280145802803490
S315080387306002800C6802802C7002801C7802803CE0
S31508038740880280229002801298028032A002800A50
S31508038750A802802AB002801AB802803AC0028006AC
S31508038760C8028026D0028016D8028036E002800E20
S31508038770E802802EF002801EF802803E080380215C
S3150803878010038011180380312003800928038029E8
S315080387903003801938038039400380054803802550
S315080387A050038015580380356003800D6803802DB8
S315080387B07003801D7803803D88038023900380130C
S315080387C098038033A003800BA803802BB003801B78
S315080387D0B803803BC0038007C8038027D0038017EC
S315080387E0D8038037E003800FE803802FF003801F48
S315080387F0F803803F08044020100440101804403052
S315080388002004400828044028300440183804403817
S315080388104804402450044014580440346004400C6F
S315080388206804402C7004401C7804403C88044022A9
S315080388309004401298044032A004400AA804402A2F
S31508038840B004401AB804403AC0044006C804402697
S31508038850D0044016D8044036E004400EE804402EFF
S31508038860F004401EF804403E080540211005401157
S3150803887018054031200540092805402930054019C7
S3150803888038054039480540255005401558054035F3
S315080388906005400D6805402D7005401D7805403D6F
S315080388A0880540239005401398054033A005400BDF
S315080388B0A805402BB005401BB805403BC00540073B
S315080388C0C8054027D0054017D8054037E005400FAF
S315080388D0E805402FF005401FF805403F0806C0206D
S315080388E01006C0101806C0302006C0082806C0287F
S315080388F03006C0183806C0384806C0245006C014C7
S315080389005806C0346006C00C6806C02C7006C01C26
S315080389107806C03C8806C0229006C0129806C03264
S31508038920A006C00AA806C02AB006C01AB806C03AE6
S31508038930C806C026D006C016D806C036E006C00E3E
S31508038940E806C02EF006C01EF806C03E0807C0217A
S315080389501007C0111807C0312007C0092807C02906
S315080389603007C0193807C0394807C0255007C0154E
S315080389705807C0356007C00D6807C02D7007C01DAE
S315080389807807C03D8807C0239007C0139807C033EC
S31508038990A007C00BA807C02BB007C01BB807C03B6E
S315080389A0C807C027D007C017D807C037E007C00FC6
S315080389B0E807C02FF007C01FF807C03F08082020A4
S315080389C010082010180820302808202830082018F6
S315080389D0380820384808202450082014580820341A
S315080389E06008200C6808202C7008201C7808203C96
S315080389F0880820229008201298082032A008200A06
S31508038A00A808202AB008201AB808203AC808202639
S31508038A10D0082016D8082036E008200EE808202EAD
S31508038A20F008201EF808203E080920211009201105
S31508038A30180920312809202930092019380920392D
S31508038A404809202550092015580920356009200DA5
S31508038A506809202D7009201D7809203D88092023DF
S31508038A609009201398092033A009200BA809202B65
S31508038A70B009201BB809203BC8092027D0092017AD
S31508038A80D8092037E009200FE809202FF009201F0D
S31508038A90F809203F080AA020100AA010180AA030D7
S31508038AA0280AA028300AA018380AA038480AA02499
S31508038AB0500AA014580AA034600AA00C680AA02C0D
S31508038AC0700AA01C780AA03C880AA022900AA01261
S31508038AD0980AA032A80AA02AB00AA01AB80AA03A85
S31508038AE0C80AA026D00AA016D80AA036E00AA00EFD
S31508038AF0E80AA02EF00AA01EF80AA03E080BA02139
S31508038B00100BA011180BA031280BA029300BA019A4
S31508038B10380BA039480BA025500BA015580BA035C8
S31508038B20600BA00D680BA02D700BA01D780BA03D44
S31508038B30880BA023900BA013980BA033A80BA02B8C
S31508038B40B00BA01BB80BA03BC80BA027D00BA017D4
S31508038B50D80BA037E00BA00FE80BA02FF00BA01F34
S31508038B60F80BA03F080C6020100C6010180C60303E
S31508038B70280C6028300C6018380C6038480C6024C0
S31508038B80500C6014580C6034680C602C700C601C14
S31508038B90780C603C880C6022900C6012980C60324A
S31508038BA0A80C602AB00C601AB80C603AC80C602688
S31508038BB0D00C6016D80C6036E00C600EE80C602EFC
S31508038BC0F00C601EF80C603E080D6021100D601154
S31508038BD0180D6031280D6029300D6019380D60397C
S31508038BE0480D6025500D6015580D6035680D602DCC
S31508038BF0700D601D780D603D880D6023900D601320
S31508038C00980D6033A80D602BB00D601BB80D603B43
S31508038C10C80D6027D00D6017D80D6037E00D600FBB
S31508038C20E80D602FF00D601FF80D603F080EE02079
S31508038C30100EE010180EE030280EE028300EE0186B
S31508038C40380EE038480EE024500EE014580EE0348F
S31508038C50680EE02C700EE01C780EE03C880EE022CD
S31508038C60900EE012980EE032A80EE02AB00EE01A33
S31508038C70B80EE03AC80EE026D00EE016D80EE03657
S31508038C80E80EE02EF00EE01EF80EE03E080FE02197
S31508038C90100FE011180FE031280FE029300FE01903
S31508038CA0380FE039480FE025500FE015580FE03527
S31508038CB0680FE02D700FE01D780FE03D880FE02365
S31508038CC0900FE013980FE033A80FE02BB00FE01BCB
S31508038CD0B80FE03BC80FE027D00FE017D80FE037EF
S31508038CE0E80FE02FF00FE01FF80FE03F0810102001
S31508038CF01810103028101028301010183810103893
S31508038D004810102450101014581010346810102CE2
S31508038D107010101C7810103C881010229010101236
S31508038D2098101032A810102AB010101AB810103A5A
S31508038D30C8101026D0101016D8101036E810102EAA
S31508038D40F010101EF810103E0811102118111031DA
S31508038D502811102930111019381110394811102506
S31508038D6050111015581110356811102D7011101D5A
S31508038D707811103D88111023901110139811103390
S31508038D80A811102BB011101BB811103BC8111027CE
S31508038D90D0111017D8111037E811102FF011101F22
S31508038DA0F811103F081290201812903028129028B4
S31508038DB03012901838129038481290245012901492
S31508038DC0581290346812902C7012901C7812903CAA
S31508038DD08812902298129032A812902AB012901AEA
S31508038DE0B812903AC8129026D0129016D812903616
S31508038DF0E812902EF012901EF812903E0813902156
S31508038E001813903128139029301390193813903971
S31508038E104813902550139015581390356813902DC1
S31508038E207013901D7813903D8813902398139033ED
S31508038E30A813902BB013901BB813903BC813902715
S31508038E40D0139017D8139037E813902FF013901F69
S31508038E50F813903F0814502018145030281450283B
S31508038E6030145018381450384814502458145034B1
S31508038E706814502C7014501C7814503C88145022D3
S31508038E8098145032A814502AB014501AB814503AE9
S31508038E90C8145026D0145016D8145036E814502E39
S31508038EA0F014501EF814503E081550211815503169
S31508038EB02815502930155019381550394815502595
S31508038EC0581550356815502D7015501D7815503D99
S31508038ED08815502398155033A815502BB015501BD9
S31508038EE0B815503BC8155027D0155017D815503705
S31508038EF0E815502FF015501FF815503F0816D020C7
S31508038F001816D0302816D0283016D0183816D03868
S31508038F104816D0245816D0346816D02C7016D01C90
S31508038F207816D03C8816D0229816D032A816D02A9E
S31508038F30B016D01AB816D03AC816D026D816D036D0
S31508038F40E816D02EF016D01EF816D03E0817D021F4
S31508038F501817D0312817D0293017D0193817D03910
S31508038F604817D0255817D0356817D02D7017D01D38
S31508038F707817D03D8817D0239817D033A817D02B46
S31508038F80B017D01BB817D03BC817D027D817D03778
S31508038F90E817D02FF017D01FF817D03F081830203E
S31508038FA0181830302818302838183038481830241C
S31508038FB0581830346818302C7018301C7818303C20
S31508038FC08818302298183032A818302AB018301A60
S31508038FD0B818303AC8183026D8183036E818302E5C
S31508038FE0F018301EF818303E081930211819303198
S31508038FF02819302938193039481930255819303580
S315080390006819302D7019301D7819303D88193023A9
S3150803901098193033A819302BB019301BB819303BBF
S31508039020C8193027D8193037E819302FF019301FE7
S31508039030F819303F081AB020181AB030281AB02881
S31508039040381AB038481AB024581AB034681AB02CEB
S31508039050701AB01C781AB03C881AB022981AB03223
S31508039060A81AB02AB81AB03AC81AB026D81AB03607
S31508039070E81AB02EF01AB01EF81AB03E081BB02133
S31508039080181BB031281BB029381BB039481BB0252B
S31508039090581BB035681BB02D701BB01D781BB03D2F
S315080390A0881BB023981BB033A81BB02BB81BB03B47
S315080390B0C81BB027D81BB037E81BB02FF01BB01F4F
S315080390C0F81BB03F081C7020181C7030281C702829
S315080390D0381C7038481C7024581C7034681C702C53
S315080390E0781C703C881C7022981C7032A81C702A45
S315080390F0B81C703AC81C7026D81C7036E81C702E2B
S31508039100F01C701EF81C703E081D7021181D703166
S31508039110281D7029381D7039481D7025581D70354E
S31508039120681D702D781D703D881D7023981D70333A
S31508039130A81D702BB81D703BC81D7027D81D703726
S31508039140E81D702FF01D701FF81D703F081EF020D4
S31508039150181EF030281EF028381EF038481EF02452
S31508039160581EF034681EF02C781EF03C881EF02238
S31508039170981EF032A81EF02AB81EF03AC81EF0262A
S31508039180D81EF036E81EF02EF81EF03E081FF02112
S31508039190181FF031281FF029381FF039481FF0250A
S315080391A0581FF035681FF02D781FF03D881FF023F0
S315080391B0981FF033A81FF02BB81FF03BC81FF027E2
S315080391C0D81FF037E81FF02FF81FF03F1820083094
S315080391D02820082838200838482008245820083426
S315080391E06820082C7820083C882008229820083212
S315080391F0A820082AB820083AC8200826D8200836FE
S31508039200E820082EF820083E1821083128210829C5
S315080392103821083948210825582108356821082D99
S315080392207821083D8821082398210833A821082B8B
S31508039230B821083BC8210827D8210837E821082F71
S31508039240F821083F182288302822882838228838A7
S3150803925048228824582288346822882C7822883C15
S3150803926098228832A822882AB822883AC8228826C9
S31508039270D8228836E822882EF822883E1823883191
S315080392802823882938238839482388255823883565
S315080392906823882D7823883D98238833A823882B29
S315080392A0B823883BC8238827D8238837E823882FF9
S315080392B0F823883F1824483028244828382448386F
S315080392C0582448346824482C7824483C982448323F
S315080392D0A824482AB824483AC8244826D82448360D
S315080392E0E824482EF824483E1825483128254829D5
S315080392F038254839582548356825482D7825483D61
S3150803930098254833A825482BB825483BC825482718
S31508039310D8254837E825482FF825483F1826C83062
S315080393202826C8283826C8385826C8346826C82C94
S315080393307826C83C9826C832A826C82AB826C83A22
S31508039340D826C836E826C82EF826C83E1827C831B0
S315080393502827C8293827C8395827C8356827C82D5C
S315080393607827C83D9827C833A827C82BB827C83BEA
S31508039370D827C837E827C82FF827C83F182828301A
S3150803938038282838582828346828282C7828283C48
S3150803939098282832A828282AB828283AD8282836E0
S315080393A0E828282EF828283E182928313829283964
S315080393B0582928356829282D7829283D98292833B6
S315080393C0A829282BB829283BD8292837E829282F5C
S315080393D0F829283F182AA830382AA838582AA8343A
S315080393E0682AA82C782AA83C982AA832B82AA83A20
S315080393F0D82AA836E82AA82EF82AA83E182BA83170
S31508039400382BA839582BA835682BA82D782BA83DB7
S31508039410982BA833B82BA83BD82BA837E82BA82F0B
S31508039420F82BA83F182C6830382C6838582C683421
S31508039430782C683C982C6832B82C683AD82C68364D
S31508039440E82C682EF82C683E182D6831382D6839B3
S31508039450582D6835782D683D982D6833B82D683BA7
S31508039460D82D6837E82D682FF82D683F182EE83071
S31508039470382EE838582EE834782EE83C982EE83209
S31508039480B82EE83AD82EE836F82EE83E182FE831F3
S31508039490382FE839582FE835782FE83D982FE833E1
S315080394A0B82FE83BD82FE837F82FE83F3830183875
S315080394B0583018347830183C98301832B830183A7F
S315080394C0D8301836F830183E383118395831183527
S315080394D07831183D98311833B831183BD8311837D5
S315080394E0F831183F38329838583298347832983CDD
S315080394F0B832983AD8329836F832983E383398398B
S31508039500583398357833983DB833983BD8339837DA
S31508039510F833983F383458387834583CB834583A7E
S31508039520D8345836F834583E383558397835583D8E
S31508039530B835583BD8355837F835583F3836D838BC
S315080395407836D83CB836D83AF836D83E3837D83984
S315080395507837D83DB837D83BF837D83F7838383CCA
S31508039560B838383AF838383E7839383DB839383B58
S31508039570F839383F783AB83CF83AB83E783BB83DBC
S31508039580F83BB83FF83C783EF83D783F08000010B2
S315080395901000000818000018200000042800001412
S315080395A03000000C3800001C40000002480000127E
S315080395B05000000A5800001A6000000668000016EA
S315080395C07000000E7800001E80000001880000115C
S315080395D09000000998000019A0000005A8000015CE
S315080395E0B000000DB800001DC0000003C80000133A
S315080395F0D000000BD800001BE0000007E8000017A6
S31508039600F000000FF800001F080180101001800801
S315080396101801801820018004280180143001800C69
S315080396203801801C40018002480180125001800ADB
S315080396305801801A60018006680180167001800E41
S315080396407801801E8801801190018009980180198C
S31508039650A0018005A8018015B001800DB801801D01
S31508039660C0018003C8018013D001800BD801801B79
S31508039670E0018007E8018017F001800FF801801FD9
S31508039680080240101002400818024018200240043D
S31508039690280240143002400C3802401C480240128B
S315080396A05002400A5802401A6002400668024016F1
S315080396B07002400E7802401E88024011900240094B
S315080396C098024019A0024005A8024015B002400DB1
S315080396D0B802401DC0024003C8024013D002400B23
S315080396E0D802401BE0024007E8024017F002400F89
S315080396F0F802401F0803C0101003C0081803C01857
S315080397002003C0042803C0143003C00C3803C01C4C
S315080397104803C0125003C00A5803C01A6003C006A0
S315080397206803C0167003C00E7803C01E8803C011F1
S315080397309003C0099803C019A003C005A803C01560
S31508039740B003C00DB803C01DC803C013D003C00BB4
S31508039750D803C01BE003C007E803C017F003C00F14
S31508039760F803C01F08042010100420081804201842
S31508039770280420143004200C3804201C4804201222
S315080397805004200A5804201A600420066804201688
S315080397907004200E7804201E8804201190042009E2
S315080397A098042019A0042005A8042015B004200D48
S315080397B0B804201DC8042013D004200BD804201B8A
S315080397C0E0042007E8042017F004200FF804201FFC
S315080397D00805A0101005A0081805A0182805A01448
S315080397E03005A00C3805A01C4805A0125005A00A90
S315080397F05805A01A6005A0066805A0167005A00EF0
S315080398007805A01E8805A0119005A0099805A0193A
S31508039810A805A015B005A00DB805A01DC805A01379
S31508039820D005A00BD805A01BE005A007E805A017DF
S31508039830F005A00FF805A01F0806601010066008BB
S3150803984018066018280660143006600C3806601C73
S31508039850480660125006600A5806601A68066016BB
S315080398607006600E7806601E880660119006600909
S3150803987098066019A8066015B006600DB806601D3F
S31508039880C8066013D006600BD806601BE00660079F
S31508039890E8066017F006600FF806601F0807E01071
S315080398A01007E0081807E0182807E0143007E00C4B
S315080398B03807E01C4807E0125007E00A5807E01A81
S315080398C06807E0167007E00E7807E01E8807E011C0
S315080398D09007E0099807E019A807E015B007E00D17
S315080398E0B807E01DC807E013D007E00BD807E01B4D
S315080398F0E807E017F007E00FF807E01F080810105D
S3150803990018081018280810143008100C3808101CEA
S31508039910480810125008100A5808101A6808101632
S315080399207008100E7808101E880810119008100980
S3150803993098081019A8081015B008100DB808101DB6
S31508039940C8081013D008100BD808101BE8081017FE
S31508039950F008100FF808101F080990101809901836
S31508039960280990143009900C3809901C480990125C
S315080399705009900A5809901A680990167009900EAA
S315080399807809901E8809901198099019A8099015C5
S31508039990B009900DB809901DC8099013D009900B0A
S315080399A0D809901BE8099017F009900FF809901F3A
S315080399B0080A5010180A5018280A5014300A500C6E
S315080399C0380A501C480A5012580A501A680A501680
S315080399D0700A500E780A501E880A5011980A5019B0
S315080399E0A80A5015B00A500DB80A501DC80A5013D4
S315080399F0D00A500BD80A501BE80A5017F00A500F22
S31508039A00F80A501F080BD010180BD018280BD014BF
S31508039A10300BD00C380BD01C480BD012580BD01A6D
S31508039A20680BD016700BD00E780BD01E880BD0118E
S31508039A30980BD019A80BD015B00BD00DB80BD01DA9
S31508039A40C80BD013D80BD01BE80BD017F00BD00FCD
S31508039A50F80BD01F080C3010180C3018280C3014CB
S31508039A60380C301C480C3012580C301A680C301657
S31508039A70700C300E780C301E880C3011980C301987
S31508039A80A80C3015B00C300DB80C301DC80C3013AB
S31508039A90D80C301BE80C3017F00C300FF80C301FBD
S31508039AA0080DB010180DB018280DB014380DB01CD9
S31508039AB0480DB012580DB01A680DB016700DB00ED9
S31508039AC0780DB01E880DB011980DB019A80DB015F4
S31508039AD0B80DB01DC80DB013D80DB01BE80DB017DF
S31508039AE0F00DB00FF80DB01F080E7010180E701891
S31508039AF0280E7014380E701C480E7012580E701A01
S31508039B00680E7016780E701E880E7011980E7019EE
S31508039B10A80E7015B80E701DC80E7013D80E701BDC
S31508039B20E80E7017F00E700FF80E701F080FF0107E
S31508039B30180FF018280FF014380FF01C480FF012FE
S31508039B40580FF01A680FF016780FF01E880FF011E9
S31508039B50980FF019A80FF015B80FF01DC80FF013DA
S31508039B60D80FF01BE80FF017F80FF01F1810081896
S31508039B70281008143810081C481008125810081A18
S31508039B80681008167810081E881008119810081906
S31508039B90A8100815B810081DC8100813D810081BF4
S31508039BA0E8100817F810081F1811881828118814C0
S31508039BB03811881C481188125811881A6811881692
S31508039BC07811881E98118819A8118815B811881D47
S31508039BD0C8118813D811881BE8118817F811881F2C
S31508039BE018124818281248143812481C5812481ACA
S31508039BF0681248167812481E98124819A81248156A
S31508039C00B812481DC8124813D812481BE812481739
S31508039C10F812481F1813C8182813C8143813C81C71
S31508039C205813C81A6813C8167813C81E9813C81980
S31508039C30A813C815B813C81DD813C81BE813C81723
S31508039C40F813C81F181428183814281C5814281A67
S31508039C50681428167814281E98142819A814281581
S31508039C60B814281DD814281BE8142817F814281F15
S31508039C701815A8183815A81C5815A81A6815A8166B
S31508039C807815A81E9815A819B815A81DD815A81BC0
S31508039C90E815A817F815A81F181668183816681CA3
S31508039CA05816681A7816681E98166819B816681D1D
S31508039CB0D816681BE8166817F816681F1817E818E1
S31508039CC03817E81C5817E81A7817E81E9817E8197A
S31508039CD0B817E81DD817E81BF817E81F3818181C13
S31508039CE05818181A7818181E98181819B818181D15
S31508039CF0D818181BF818181F3819981C5819981AC1
S31508039D007819981EB819981DD819981BF819981F09
S31508039D10381A581C781A581EB81A581DD81A581BB8
S31508039D20F81A581F381BD81C781BD81EB81BD81D01
S31508039D30F81BD81F781C381EB81C381DF81C381F8A
S31508039D40781DB81EF81DB81FF81E781F08000008EE
S31508039D50100000041800000C200000022800000A66
S31508039D60300000063800000E4000000148000009D4
S31508039D70500000055800000D600000036800000B42
S31508039D80700000077800000F8800800890008004A0
S31508039D909800800CA0008002A800800AB000800604
S31508039DA0B800800EC0008001C8008009D000800575
S31508039DB0D800800DE0008003E800800BF0008007E0
S31508039DC0F800800F08014008100140041801400CF0
S31508039DD0200140022801400A300140063801400E9E
S31508039DE048014009500140055801400D60014003F0
S31508039DF06801400B700140077801400F8801C008CD
S31508039E009001C0049801C00CA001C002A801C00AB1
S31508039E10B001C006B801C00EC801C009D001C0050B
S31508039E20D801C00DE001C003E801C00BF001C0076B
S31508039E30F801C00F08022008100220041802200C9B
S31508039E402802200A300220063802200E480220097A
S31508039E50500220055802200D600220036802200BD9
S31508039E60700220077802200F8802A0089002A00437
S31508039E709802A00CA802A00AB002A006B802A00E77
S31508039E80C802A009D002A005D802A00DE002A003CB
S31508039E90E802A00BF002A007F802A00F0803600867
S31508039EA0100360041803600C2803600A3003600675
S31508039EB03803600E48036009500360055803600DB4
S31508039EC06803600B700360077803600F8803E00874
S31508039ED09003E0049803E00CA803E00AB003E00645
S31508039EE0B803E00EC803E009D003E005D803E00D84
S31508039EF0E803E00BF003E007F803E00F0804100893
S31508039F001804100C2804100A300410063804100E1E
S31508039F1048041009500410055804100D6804100B62
S31508039F20700410077804100F880490089804900C9E
S31508039F30A804900AB0049006B804900EC8049009C1
S31508039F40D0049005D804900DE804900BF00490070C
S31508039F50F804900F080550081805500C2805500AF0
S31508039F60300550063805500E480550095805500D5A
S31508039F706805500B700550077805500F8805D008FB
S31508039F809805D00CA805D00AB005D006B805D00E9A
S31508039F90C805D009D805D00DE805D00BF005D007BC
S31508039FA0F805D00F080630081806300C2806300ABC
S31508039FB03806300E480630095806300D6806300B49
S31508039FC0700630077806300F8806B0089806B00C76
S31508039FD0A806B00AB806B00EC806B009D806B00D6A
S31508039FE0E806B00BF006B007F806B00F08077008C6
S31508039FF01807700C2807700A3807700E4807700987
S3150803A0005807700D6807700B7807700F8807F008F4
S3150803A0109807F00CA807F00AB807F00EC807F00966
S3150803A020D807F00DE807F00BF807F00F1808080C27
S3150803A0302808080A3808080E480808095808080DA1
S3150803A0406808080B7808080F9808880CA808880A6F
S3150803A050B808880EC8088809D808880DE808880B40
S3150803A060F808880F1809480C2809480A3809480EB9
S3150803A0705809480D6809480B7809480F9809C80C08
S3150803A080A809C80AB809C80ED809C80DE809C80B2B
S3150803A090F809C80F180A280C380A280E580A280D72
S3150803A0A0680A280B780A280F980AA80CB80AA80E73
S3150803A0B0D80AA80DE80AA80BF80AA80F180B680C03
S3150803A0C0380B680E580B680D780B680F980BE80C5D
S3150803A0D0B80BE80ED80BE80DF80BE80F380C180E7A
S3150803A0E0580C180D780C180FB80C980ED80C980D38
S3150803A0F0F80C980F380D580E780D580FB80DD80E62
S3150803A100F80DD80F780E380FF80EB80F08000004AC
S3150803A11010000002180000062000000128000005B0
S3150803A1203000000338000007400080004800800420
S3150803A1305000800258008006600080016800800590
S3150803A140700080037800800788004004900040026E
S3150803A15098004006A0004001A8004005B00040034F
S3150803A160B8004007C800C004D000C002D800C00623
S3150803A170E000C001E800C005F000C003F800C0070E
S3150803A18008012004100120021801200628012005D1
S3150803A19030012003380120074801A0045001A0021A
S3150803A1A05801A0066001A0016801A0057001A0037B
S3150803A1B07801A0078801600490016002980160068F
S3150803A1C0A8016005B0016003B8016007C801E0048F
S3150803A1D0D001E002D801E006E801E005F001E0035A
S3150803A1E0F801E007080210041802100628021005F1
S3150803A1F030021003380210074802900450029002F6
S3150803A2005802900668029005700290037802900738
S3150803A2108802500498025006A8025005B00250035B
S3150803A220B8025007C802D004D802D006E802D005FF
S3150803A230F002D003F802D0070803300418033006E7
S3150803A24028033005380330074803B0045803B0061B
S3150803A2506803B0057003B0037803B0078803700476
S3150803A26098037006A8037005B8037007C803F004BB
S3150803A270D803F006E803F005F803F0071804080600
S3150803A2802804080538040807480488045804880677
S3150803A290680488057804880798044806A8044805C6
S3150803A2A0B8044807D804C806E804C805F804C80764
S3150803A2B018052806380528075805A8066805A805B1
S3150803A2C07805A80798056806B8056807D805E8064F
S3150803A2D0F805E8073806180758069806780698070B
S3150803A2E0B8065807F806D8077807B807080000021B
S3150803A2F010000001180000032000800028008002D7
S3150803A30030008001380080034800400250004001B5
S3150803A310580040036000C0006800C0027000C00116
S3150803A3207800C003880020029000200198002003CB
S3150803A330A800A002B000A001B800A003C8006002EC
S3150803A340D0006001D8006003E800E002F000E001F5
S3150803A350F800E0030801100218011003280190020F
S3150803A3603001900138019003480150025801500307
S3150803A3706801D0027001D0017801D0038801300248
S3150803A38098013003A801B002B801B003C8017002EE
S3150803A390D8017003E801F002F801F0031802080374
S3150803A3A02802880238028803580248036802C8024A
S3150803A3B07802C80398022803B802A803D8026803D8
S3150803A3C0F802E803380398037803D8030800000162
S3150803A3D0100080001800800120004000280040017A
S3150803A3E03000C0003800C001480020015000A0001A
S3150803A3F05800A001680060017000E0007800E001E1
S3150803A4008800100198009001A8005001B000D00000
S3150803A410B800D001C8003001D800B001E8007001C7
S3150803A420F800F00118018801280148013801C8011C
S3150803A4305801A8017801E801B801D801080080008D
S3150803A440100040001800C0002800A000300060007B
S3150803A4503800E000480090005800D0006800B000BB
S3150803A4607800F0009800C800B800E800080040002B
S3150803A4701000200018006000280050003800700003
S3150803A48058006800FF7F0000FF7F3200FF7F6400EB
S3150803A490FF7F9600FF7FC900FF7FFB00FE7F2D012C
S3150803A4A0FE7F5F01FD7F9201FC7FC401FC7FF601FD
S3150803A4B0FB7F2802FA7F5B02F97F8D02F87FBF02D2
S3150803A4C0F77FF102F67F2403F47F5603F37F8803AD
S3150803A4D0F27FBA03F07FED03EE7F1F04ED7F51048D
S3150803A4E0EB7F8304E97FB604E77FE804E57F1A0573
S3150803A4F0E37F4C05E17F7F05DF7FB105DD7FE3055C
S3150803A500DA7F1506D87F4706D67F7A06D37FAC0649
S3150803A510D07FDE06CE7F1007CB7F4207C87F75073D
S3150803A520C57FA707C27FD907BF7F0B08BC7F3D0836
S3150803A530B87F6F08B57FA208B17FD408AE7F060936
S3150803A540AA7F3809A77F6A09A37F9C099F7FCE093B
S3150803A5509B7F000A977F330A937F650A8F7F970A43
S3150803A5608B7FC90A877FFB0A827F2D0B7E7F5F0B52
S3150803A570797F910B757FC30B707FF50B6B7F270C68
S3150803A580677F590C627F8B0C5D7FBD0C587FEF0C80
S3150803A590537F210D4D7F530D487F850D437FB70D9F
S3150803A5A03D7FE90D387F1B0E327F4D0E2D7F7F0EC3
S3150803A5B0277FB10E217FE30E1B7F150F157F470FEC
S3150803A5C00F7F790F097FAB0F037FDD0FFD7E0E101B
S3150803A5D0F67E4010F07E7210E97EA410E37ED61054
S3150803A5E0DC7E0811D57E3911CF7E6B11C87E9D118D
S3150803A5F0C17ECF11BA7E0112B37E3212AB7E6412CC
S3150803A600A47E96129D7EC812957EF9128E7E2B1312
S3150803A610867E5D137F7E8E13777EC0136F7EF2135D
S3150803A620677E23145F7E5514577E87144F7EB814AE
S3150803A630477EEA143F7E1B15377E4D152E7E7F1502
S3150803A640267EB0151D7EE215147E13160C7E45165E
S3150803A650037E7616FA7DA816F17DD916E87D0A17C4
S3150803A660DF7D3C17D67D6D17CD7D9F17C37DD0172C
S3150803A670BA7D0218B07D3318A77D64189D7D961898
S3150803A680947DC7188A7DF818807D2A19767D5B190B
S3150803A6906C7D8C19627DBD19587DEF194E7D201A84
S3150803A6A0437D511A397D821A2F7DB31A247DE41A04
S3150803A6B0197D161B0F7D471B047D781BF97CA91B87
S3150803A6C0EE7CDA1BE37C0B1CD87C3C1CCD7C6D1C16
S3150803A6D0C27C9E1CB77CCF1CAB7C001DA07C311DA5
S3150803A6E0947C621D897C931D7D7CC41D717CF51D3C
S3150803A6F0667C251E5A7C561E4E7C871E427CB81ED7
S3150803A700367CE91E297C191F1D7C4A1F117C7B1F79
S3150803A710057CAC1FF87BDC1FEB7B0D20DF7B3E2023
S3150803A720D27B6E20C57B9F20B97BD020AC7B0021D2
S3150803A7309F7B3121927B6121847B9221777BC22186
S3150803A7406A7BF3215D7B23224F7B5422427B84223F
S3150803A750347BB422267BE522197B15230B7B452301
S3150803A760FD7A7623EF7AA623E17AD623D37A0724CA
S3150803A770C57A3724B67A6724A87A97249A7AC72497
S3150803A7808B7AF7247D7A28256E7A58255F7A882569
S3150803A790507AB825427AE825337A1826247A482641
S3150803A7A0157A7826057AA826F679D826E779072723
S3150803A7B0D8793727C8796727B9799727A979C7270A
S3150803A7C09979F6278A7926287A7956286A798628F6
S3150803A7D05A79B5284A79E5283A7915292A794429E7
S3150803A7E0197974290979A329F978D329E878022AE2
S3150803A7F0D878322AC778612AB678912AA678C02AE1
S3150803A8009578EF2A84781F2B73784E2B62787D2BE5
S3150803A8105178AD2B4078DC2B2E780B2C1D783A2CEF
S3150803A8200C78692CFA77982CE977C82CD777F72C04
S3150803A830C577262DB477552DA277842D9077B32D1A
S3150803A8407E77E22D6C77112E5A773F2E47776E2E39
S3150803A85035779D2E2377CC2E1077FB2EFE76292F60
S3150803A860EB76582FD976872FC676B52FB376E42F8E
S3150803A870A07613308E7641307B76703068769E30BC
S3150803A8805476CD304176FB302E762A311B765831F5
S3150803A89007768631F475B531E075E331CC75113237
S3150803A8A0B9754032A5756E3291759C327D75CA327B
S3150803A8B06975F83255752633417554332D758233C8
S3150803A8C01975B0330475DE33F0740C34DB743A341B
S3150803A8D0C7746834B27496349E74C4348974F23473
S3150803A8E074741F355F744D354A747B353574A835D2
S3150803A8F02074D6350B740436F6733136E0735F3637
S3150803A900CB738C36B573BA36A073E7368A731437A6
S3150803A910757342375F736F3749739C373373CA3717
S3150803A9201D73F73707732438F1725138DB727E3893
S3150803A930C572AB38AF72D838987206398272323913
S3150803A9406B725F3955728C393E72B9392772E6399B
S3150803A9501172133AFA71403AE3716C3ACC71993A27
S3150803A960B571C63A9E71F23A86711F3B6F714C3BBD
S3150803A9705871783B4171A53B2971D13B1271FD3B57
S3150803A980FA702A3CE270563CCB70833CB370AF3CFA
S3150803A9909B70DB3C8370073D6B70333D5370603DA2
S3150803A9A03B708C3D2370B83D0A70E43DF26F103E50
S3150803A9B0DA6F3C3EC16F683EA96F933E906FBF3E08
S3150803A9C0776FEB3E5F6F173F466F433F2D6F6E3FC3
S3150803A9D0146F9A3FFB6EC53FE26EF13FC96E1D4089
S3150803A9E0AF6E4840966E73407D6E9F40636ECA4055
S3150803A9F04A6EF640306E2141176E4C41FD6D774124
S3150803AA00E36DA241CA6DCE41B06DF941966D2442FC
S3150803AA107C6D4F42626D7A42486DA5422D6DD042D8
S3150803AA20136DFA42F96C2543DE6C5043C46C7B43C1
S3150803AA30A96CA5438F6CD043746CFB43596C2544AE
S3150803AA403F6C5044246C7A44096CA544EE6BCF449E
S3150803AA50D36BFA44B86B24459C6B4E45816B78459A
S3150803AA60666BA3454A6BCD452F6BF745136B21469A
S3150803AA70F86A4B46DC6A7546C16A9F46A56AC946A3
S3150803AA80896AF3466D6A1C47516A4647356A7047B1
S3150803AA90196A9A47FD69C347E169ED47C4691648C8
S3150803AAA0A86940488C6969486F6993485369BC48E3
S3150803AAB03669E64819690F49FD683849E068614906
S3150803AAC0C3688A49A668B4498968DD496C68064A31
S3150803AAD04F682F4A3268584A1568814AF767A94A60
S3150803AAE0DA67D24ABD67FB4A9F67244B82674C4B9A
S3150803AAF06467754B46679E4B2967C64B0B67EF4BD7
S3150803AB00ED66174CCF663F4CB166684C9366904C1E
S3150803AB107566B84C5766E14C3966094D1A66314D68
S3150803AB20FC65594DDD65814DBF65A94DA065D14DC0
S3150803AB308265F94D6365214E4565484E2665704E17
S3150803AB400765984EE864BF4EC964E74EAA640F4F7B
S3150803AB508B64364F6C645E4F4D64854F2D64AC4FE2
S3150803AB600E64D44FEF63FB4FCF632250B063495053
S3150803AB7090637050716397505163BF503163E550CA
S3150803AB8011630C51F2623351D2625A51B262815146
S3150803AB909262A8517162CE515162F55131621C52CB
S3150803ABA011624252F1616952D0618F52B061B55256
S3150803ABB08F61DC526F6102534E6128532D614E53E8
S3150803ABC00D617553EC609B53CB60C153AA60E75381
S3150803ABD089600D54686033544760585426607E5420
S3150803ABE00460A454E35FCA54C25FEF54A05F1555CB
S3150803ABF07F5F3A555E5F60553C5F85551A5FAB5577
S3150803AC00F95ED055D75EF555B55E1A56935E40562E
S3150803AC10715E6556505E8A562D5EAF560B5ED456E8
S3150803AC20E95DF956C75D1D57A55D4257835D6757AD
S3150803AC30605D8C573E5DB0571B5DD557F95CF95778
S3150803AC40D65C1E58B45C4258915C67586E5C8B5848
S3150803AC504B5CAF58295CD458065CF858E35B1C591F
S3150803AC60C05B40599D5B6459795B8859565BAC59FF
S3150803AC70335BD059105BF359EC5A175AC95A3B5AE6
S3150803AC80A55A5E5A825A825A5E5AA55A3B5AC95AD5
S3150803AC90175AEC5AF359105BD059335BAC59565BC8
S3150803ACA08859795B64599D5B4059C05B1C59E35BC2
S3150803ACB0F858065CD458295CAF584B5C8B586E5CC5
S3150803ACC06758915C4258B45C1E58D65CF957F95CD0
S3150803ACD0D5571B5DB0573E5D8C57605D6757835DDF
S3150803ACE04257A55D1D57C75DF956E95DD4560B5EF8
S3150803ACF0AF562D5E8A56505E6556715E4056935E14
S3150803AD001A56B55EF555D75ED055F95EAB551A5F3B
S3150803AD1085553C5F60555E5F3A557F5F1555A05F65
S3150803AD20EF54C25FCA54E35FA45404607E5426609A
S3150803AD3058544760335468600D548960E753AA60D2
S3150803AD40C153CB609B53EC6075530D614E532D6114
S3150803AD5028534E6102536F61DC528F61B552B0615D
S3150803AD608F52D0616952F161425211621C523162AB
S3150803AD70F5515162CE517162A85192628151B26204
S3150803AD805A51D2623351F2620C511163E550316361
S3150803AD90BF50516397507163705090634950B063C5
S3150803ADA02250CF63FB4FEF63D44F0E64AC4F2D6431
S3150803ADB0854F4D645E4F6C64364F8B640F4FAA64A0
S3150803ADC0E74EC964BF4EE864984E0765704E26651C
S3150803ADD0484E4565214E6365F94D8265D14DA0659B
S3150803ADE0A94DBF65814DDD65594DFC65314D1A6623
S3150803ADF0094D3966E14C5766B84C7566904C9366AF
S3150803AE00684CB1663F4CCF66174CED66EF4B0B6744
S3150803AE10C64B29679E4B4667754B64674C4B8267DF
S3150803AE20244B9F67FB4ABD67D24ADA67A94AF76785
S3150803AE30814A1568584A32682F4A4F68064A6C6829
S3150803AE40DD498968B449A6688A49C3686149E068DF
S3150803AE503849FD680F491969E6483669BC48536994
S3150803AE6093486F6969488C694048A8691648C46954
S3150803AE70ED47E169C347FD699A47196A7047356A19
S3150803AE804647516A1C476D6AF346896AC946A56AE5
S3150803AE909F46C16A7546DC6A4B46F86A2146136BB8
S3150803AEA0F7452F6BCD454A6BA345666B7845816B92
S3150803AEB04E459C6B2445B86BFA44D36BCF44EE6B73
S3150803AEC0A544096C7A44246C50443F6C2544596C58
S3150803AED0FB43746CD0438F6CA543A96C7B43C46C4A
S3150803AEE05043DE6C2543F96CFA42136DD0422D6D3F
S3150803AEF0A542486D7A42626D4F427C6D2442966D37
S3150803AF00F941B06DCE41CA6DA241E36D7741FD6D3E
S3150803AF104C41176E2141306EF6404A6ECA40636E45
S3150803AF209F407D6E7340966E4840AF6E1D40C96E56
S3150803AF30F13FE26EC53FFB6E9A3F146F6E3F2D6F6E
S3150803AF40433F466F173F5F6FEB3E776FBF3E906F8A
S3150803AF50933EA96F683EC16F3C3EDA6F103EF26FAF
S3150803AF60E43D0A70B83D23708C3D3B70603D5370D9
S3150803AF70333D6B70073D8370DB3C9B70AF3CB3700E
S3150803AF80833CCB70563CE2702A3CFA70FD3B127147
S3150803AF90D13B2971A53B4171783B58714C3B6F7185
S3150803AFA01F3B8671F23A9E71C63AB571993ACC71CE
S3150803AFB06C3AE371403AFA71133A1172E639277219
S3150803AFC0B9393E728C3955725F396B72323982726E
S3150803AFD006399872D838AF72AB38C5727E38DB72C9
S3150803AFE05138F17224380773F7371D73CA37337329
S3150803AFF09C3749736F375F734237757314378A7390
S3150803B000E736A073BA36B5738C36CB735F36E073FF
S3150803B0103136F67304360B74D6352074A835357471
S3150803B0207B354A744D355F741F357474F2348974ED
S3150803B030C4349E749634B2746834C7743A34DB7471
S3150803B0400C34F074DE330475B033197582332D75F9
S3150803B0505433417526335575F8326975CA327D7589
S3150803B0609C3291756E32A5754032B9751132CC751D
S3150803B070E331E075B531F4758631077658311B76B9
S3150803B0802A312E76FB304176CD3054769E3068765B
S3150803B09070307B7641308E761330A076E42FB37604
S3150803B0A0B52FC676872FD976582FEB76292FFE76B6
S3150803B0B0FB2E1077CC2E23779D2E35776E2E47776A
S3150803B0C03F2E5A77112E6C77E22D7E77B32D907724
S3150803B0D0842DA277552DB477262DC577F72CD777E8
S3150803B0E0C82CE977982CFA77692C0C783A2C1D78B2
S3150803B0F00B2C2E78DC2B4078AD2B51787D2B627880
S3150803B1004E2B73781F2B8478EF2A9578C02AA67856
S3150803B110912AB678612AC778322AD878022AE87833
S3150803B120D329F978A32909797429197944292A7914
S3150803B13015293A79E5284A79B5285A7986286A79FC
S3150803B14056287A7926288A79F6279979C727A979ED
S3150803B1509727B9796727C8793727D8790727E779E2
S3150803B160D826F679A826057A7826157A4826247ADB
S3150803B1701826337AE825427AB825507A88255F7ADD
S3150803B18058256E7A28257D7AF7248B7AC7249A7AE6
S3150803B1909724A87A6724B67A3724C57A0724D37AF4
S3150803B1A0D623E17AA623EF7A7623FD7A45230B7B0A
S3150803B1B01523197BE522267BB422347B8422427B22
S3150803B1C054224F7B23225D7BF3216A7BC221777B43
S3150803B1D09221847B6121927B31219F7B0021AC7B69
S3150803B1E0D020B97B9F20C57B6E20D27B3E20DF7B98
S3150803B1F00D20EB7BDC1FF87BAC1F057C7B1F117CCA
S3150803B2004A1F1D7C191F297CE91E367CB81E427C01
S3150803B210871E4E7C561E5A7C251E667CF51D717C40
S3150803B220C41D7D7C931D897C621D947C311DA07C85
S3150803B230001DAB7CCF1CB77C9E1CC27C6D1CCD7CD1
S3150803B2403C1CD87C0B1CE37CDA1BEE7CA91BF97C23
S3150803B250781B047D471B0F7D161B197DE41A247D75
S3150803B260B31A2F7D821A397D511A437D201A4E7DD2
S3150803B270EF19587DBD19627D8C196C7D5B19767D36
S3150803B2802A19807DF8188A7DC718947D96189D7D9E
S3150803B2906418A77D3318B07D0218BA7DD017C37D0D
S3150803B2A09F17CD7D6D17D67D3C17DF7D0A17E87D81
S3150803B2B0D916F17DA816FA7D7616037E45160C7EF9
S3150803B2C01316147EE2151D7EB015267E7F152E7E77
S3150803B2D04D15377E1B153F7EEA14477EB8144F7EFD
S3150803B2E08714577E55145F7E2314677EF2136F7E89
S3150803B2F0C013777E8E137F7E5D13867E2B138E7E19
S3150803B300F912957EC8129D7E9612A47E6412AB7EB0
S3150803B3103212B37E0112BA7ECF11C17E9D11C87E49
S3150803B3206B11CF7E3911D57E0811DC7ED610E37EEC
S3150803B330A410E97E7210F07E4010F67E0E10FD7E94
S3150803B340DD0F037FAB0F097F790F0F7F470F157F3C
S3150803B350150F1B7FE30E217FB10E277F7F0E2D7FEF
S3150803B3604D0E327F1B0E387FE90D3D7FB70D437FA8
S3150803B370850D487F530D4D7F210D537FEF0C587F65
S3150803B380BD0C5D7F8B0C627F590C677F270C6B7F27
S3150803B390F50B707FC30B757F910B797F5F0B7E7FF0
S3150803B3A02D0B827FFB0A877FC90A8B7F970A8F7FBC
S3150803B3B0650A937F330A977F000A9B7FCE099F7F8F
S3150803B3C09C09A37F6A09A77F3809AA7F0609AE7F66
S3150803B3D0D408B17FA208B57F6F08B87F3D08BC7F44
S3150803B3E00B08BF7FD907C27FA707C57F7507C87F25
S3150803B3F04207CB7F1007CE7FDE06D07FAC06D37F0E
S3150803B4007A06D67F4706D87F1506DA7FE305DD7FFA
S3150803B410B105DF7F7F05E17F4C05E37F1A05E57FED
S3150803B420E804E77FB604E97F8304EB7F5104ED7FE5
S3150803B4301F04EE7FED03F07FBA03F27F8803F37FE1
S3150803B4405603F47F2403F67FF102F77FBF02F87FE2
S3150803B4508D02F97F5B02FA7F2802FB7FF601FC7FE8
S3150803B460C401FC7F9201FD7F5F01FE7F2D01FE7FF4
S3150803B470FB00FF7FC900FF7F9600FF7F6400FF7F05
S3150803B4803200FF7F0000FF7FCDFFFF7F9BFFFF7F1B
S3150803B49069FFFF7F36FFFF7F04FFFF7FD2FEFE7F34
S3150803B4A0A0FEFE7F6DFEFD7F3BFEFC7F09FEFC7F53
S3150803B4B0D7FDFB7FA4FDFA7F72FDF97F40FDF87F78
S3150803B4C00EFDF77FDBFCF67FA9FCF47F77FCF37FA1
S3150803B4D045FCF27F12FCF07FE0FBEE7FAEFBED7FCF
S3150803B4E07CFBEB7F49FBE97F17FBE77FE5FAE57F03
S3150803B4F0B3FAE37F80FAE17F4EFADF7F1CFADD7F3A
S3150803B500EAF9DA7FB8F9D87F85F9D67F53F9D37F75
S3150803B51021F9D07FEFF8CE7FBDF8CB7F8AF8C87FB5
S3150803B52058F8C57F26F8C27FF4F7BF7FC2F7BC7FFA
S3150803B53090F7B87F5DF7B57F2BF7B17FF9F6AE7F46
S3150803B540C7F6AA7F95F6A77F63F6A37F31F69F7F93
S3150803B550FFF59B7FCCF5977F9AF5937F68F58F7FE9
S3150803B56036F58B7F04F5877FD2F4827FA0F47E7F3E
S3150803B5706EF4797F3CF4757F0AF4707FD8F36B7F9A
S3150803B580A6F3677F74F3627F42F35D7F10F3587FF8
S3150803B590DEF2537FACF24D7F7AF2487F48F2437F5F
S3150803B5A016F23D7FE4F1387FB2F1327F80F12D7FC9
S3150803B5B04EF1277F1CF1217FEAF01B7FB8F0157F38
S3150803B5C086F00F7F54F0097F22F0037FF1EFFD7EAB
S3150803B5D0BFEFF67E8DEFF07E5BEFE97E29EFE37E24
S3150803B5E0F7EEDC7EC6EED57E94EECF7E62EEC87E9F
S3150803B5F030EEC17EFEEDBA7ECDEDB37E9BEDAB7E1E
S3150803B60069EDA47E37ED9D7E06ED957ED4EC8E7EA0
S3150803B610A2EC867E71EC7F7E3FEC777E0DEC6F7E27
S3150803B620DCEB677EAAEB5F7E78EB577E47EB4F7EB4
S3150803B63015EB477EE4EA3F7EB2EA377E80EA2E7E42
S3150803B6404FEA267E1DEA1D7EECE9147EBAE90C7ED6
S3150803B65089E9037E57E9FA7D26E9F17DF5E8E87D70
S3150803B660C3E8DF7D92E8D67D60E8CD7D2FE8C37D0C
S3150803B670FDE7BA7DCCE7B07D9BE7A77D69E79D7DAE
S3150803B68038E7947D07E78A7DD5E6807DA4E6767D4F
S3150803B69073E66C7D42E6627D10E6587DDFE54E7DF6
S3150803B6A0AEE5437D7DE5397D4CE52F7D1BE5247DA0
S3150803B6B0E9E4197DB8E40F7D87E4047D56E4F97C53
S3150803B6C025E4EE7CF4E3E37CC3E3D87C92E3CD7C08
S3150803B6D061E3C27C30E3B77CFFE2AB7CCEE2A07CBD
S3150803B6E09DE2947C6CE2897C3BE27D7C0AE2717C78
S3150803B6F0DAE1667CA9E15A7C78E14E7C47E1427C33
S3150803B70016E1367CE6E0297CB5E01D7C84E0117CF5
S3150803B71053E0057C23E0F87BF2DFEB7BC1DFDF7BBD
S3150803B72091DFD27B60DFC57B2FDFB97BFFDEAC7B86
S3150803B730CEDE9F7B9EDE927B6DDE847B3DDE777B52
S3150803B7400CDE6A7BDCDD5D7BABDD4F7B7BDD427B21
S3150803B7504BDD347B1ADD267BEADC197BBADC0B7BF3
S3150803B76089DCFD7A59DCEF7A29DCE17AF8DBD37ACE
S3150803B770C8DBC57A98DBB67A68DBA87A38DB9A7AA7
S3150803B78008DB8B7AD7DA7D7AA7DA6E7A77DA5F7A85
S3150803B79047DA507A17DA427AE7D9337AB7D9247A65
S3150803B7A087D9157A57D9057A27D9F679F8D8E7794B
S3150803B7B0C8D8D87998D8C87968D8B97938D8A97932
S3150803B7C009D89979D9D78A79A9D77A7979D76A791C
S3150803B7D04AD75A791AD74A79EAD63A79BBD62A7909
S3150803B7E08BD619795CD609792CD6F978FDD5E878FC
S3150803B7F0CDD5D8789ED5C7786ED5B6783FD5A678F1
S3150803B80010D59578E0D48478B1D4737882D46278E5
S3150803B81052D4517823D44078F4D32E78C5D31D78DF
S3150803B82096D30C7867D3FA7737D3E97708D3D777DC
S3150803B830D9D2C577AAD2B4777BD2A2774CD29077DE
S3150803B8401DD27E77EED16C77C0D15A7791D14777DF
S3150803B85062D1357733D1237704D11077D6D0FE76E4
S3150803B860A7D0EB7678D0D9764AD0C6761BD0B376EE
S3150803B870ECCFA076BECF8E768FCF7B7661CF6876F8
S3150803B88032CF547604CF4176D5CE2E76A7CE1B7605
S3150803B89079CE07764ACEF4751CCEE075EECDCC7517
S3150803B8A0BFCDB97591CDA57563CD917535CD7D752B
S3150803B8B007CD6975D9CC5575ABCC41757DCC2D753E
S3150803B8C04FCC197521CC0475F3CBF074C5CBDB7457
S3150803B8D097CBC77469CBB2743BCB9E740DCB897473
S3150803B8E0E0CA7474B2CA5F7484CA4A7457CA357490
S3150803B8F029CA2074FBC90B74CEC9F673A0C9E073B1
S3150803B90073C9CB7345C9B57318C9A073EBC88A73D2
S3150803B910BDC8757390C85F7363C8497335C83373F5
S3150803B92008C81D73DBC70773AEC7F17281C7DB721D
S3150803B93054C7C57227C7AF72F9C69872CDC6827245
S3150803B940A0C66B7273C6557246C63E7219C627726F
S3150803B950ECC51172BFC5FA7193C5E37166C5CC719F
S3150803B96039C5B5710DC59E71E0C48671B3C46F71CF
S3150803B97087C458715AC441712EC4297102C41271FD
S3150803B980D5C3FA70A9C3E2707CC3CB7050C3B37036
S3150803B99024C39B70F8C28370CCC26B709FC253706A
S3150803B9A073C23B7047C223701BC20A70EFC1F26FA2
S3150803B9B0C3C1DA6F97C1C16F6CC1A96F40C1906FDC
S3150803B9C014C1776FE8C05F6FBCC0466F91C02D6F17
S3150803B9D065C0146F3AC0FB6E0EC0E26EE2BFC96E55
S3150803B9E0B7BFAF6E8CBF966E60BF7D6E35BF636E95
S3150803B9F009BF4A6EDEBE306EB3BE176E88BEFD6DD6
S3150803BA005DBEE36D31BECA6D06BEB06DDBBD966D18
S3150803BA10B0BD7C6D85BD626D5ABD486D2FBD2D6D5C
S3150803BA2005BD136DDABCF96CAFBCDE6C84BCC46CA3
S3150803BA305ABCA96C2FBC8F6C04BC746CDABB596CEA
S3150803BA40AFBB3F6C85BB246C5ABB096C30BBEE6B32
S3150803BA5005BBD36BDBBAB86BB1BA9C6B87BA816B80
S3150803BA605CBA666B32BA4A6B08BA2F6BDEB9136BCC
S3150803BA70B4B9F86A8AB9DC6A60B9C16A36B9A56A1B
S3150803BA800CB9896AE3B86D6AB9B8516A8FB8356A69
S3150803BA9065B8196A3CB8FD6912B8E169E9B7C469BA
S3150803BAA0BFB7A86996B78C696CB76F6943B753690B
S3150803BAB019B73669F0B61969C7B6FD689EB6E06860
S3150803BAC075B6C3684BB6A66822B68968F9B56C68B5
S3150803BAD0D0B54F68A7B532687EB5156856B5F7670A
S3150803BAE02DB5DA6704B5BD67DBB49F67B3B4826760
S3150803BAF08AB4646761B4466739B4296710B40B67B7
S3150803BB00E8B3ED66C0B3CF6697B3B1666FB3936612
S3150803BB1047B375661EB35766F6B23966CEB21A666A
S3150803BB20A6B2FC657EB2DD6556B2BF652EB2A065C8
S3150803BB3006B28265DEB16365B7B145658FB1266521
S3150803BB4067B1076540B1E86418B1C964F0B0AA647F
S3150803BB50C9B08B64A1B06C647AB04D6453B02D64DC
S3150803BB602BB00E6404B0EF63DDAFCF63B6AFB0633B
S3150803BB708FAF906368AF716340AF51631AAF316398
S3150803BB80F3AE1163CCAEF262A5AED2627EAEB262FA
S3150803BB9057AE926231AE71620AAE5162E3AD31625B
S3150803BBA0BDAD116296ADF16170ADD0614AADB061BC
S3150803BBB023AD8F61FDAC6F61D7AC4E61B1AC2D611E
S3150803BBC08AAC0D6164ACEC603EACCB6018ACAA6081
S3150803BBD0F2AB8960CCAB6860A7AB476081AB2660E4
S3150803BBE05BAB046035ABE35F10ABC25FEAAAA05F49
S3150803BBF0C5AA7F5F9FAA5E5F7AAA3C5F54AA1A5FAB
S3150803BC002FAAF95E0AAAD75EE5A9B55EBFA9935E10
S3150803BC109AA9715E75A9505E50A92D5E2BA90B5E74
S3150803BC2006A9E95DE2A8C75DBDA8A55D98A8835DD9
S3150803BC3073A8605D4FA83E5D2AA81B5D06A8F95C3C
S3150803BC40E1A7D65CBDA7B45C98A7915C74A76E5CA4
S3150803BC5050A74B5C2BA7295C07A7065CE3A6E35B07
S3150803BC60BFA6C05B9BA69D5B77A6795B53A6565B6F
S3150803BC702FA6335B0CA6105BE8A5EC5AC4A5C95AD4
S3150803BC80A1A5A55A7DA5825A5AA55E5A36A53B5A39
S3150803BC9013A5175AEFA4F359CCA4D059A9A4AC59A0
S3150803BCA086A4885962A464593FA440591CA41C5904
S3150803BCB0F9A3F858D6A3D458B4A3AF5891A38B586D
S3150803BCC06EA367584BA3425829A31E5806A3F957D0
S3150803BCD0E4A2D557C1A2B0579FA28C577CA2675737
S3150803BCE05AA2425738A21D5716A2F956F4A1D4569A
S3150803BCF0D2A1AF56AFA18A568EA165566CA14056FE
S3150803BD004AA11A5628A1F55506A1D055E5A0AB5563
S3150803BD10C3A08555A1A0605580A03A555FA01555C7
S3150803BD203DA0EF541CA0CA54FB9FA454D99F7E542C
S3150803BD30B89F5854979F3354769F0D54559FE7538E
S3150803BD40349FC153139F9B53F29E7553D29E4E53F2
S3150803BD50B19E2853909E0253709EDC524F9EB55255
S3150803BD602F9E8F520E9E6952EE9D4252CE9D1C52B5
S3150803BD70AE9DF5518E9DCE516D9DA8514D9D815118
S3150803BD802D9D5A510D9D3351EE9C0C51CE9CE55079
S3150803BD90AE9CBF508E9C97506F9C70504F9C4950D9
S3150803BDA0309C2250109CFB4FF19BD44FD29BAC4F37
S3150803BDB0B29B854F939B5E4F749B364F559B0F4F94
S3150803BDC0369BE74E179BBF4EF89A984ED99A704EF4
S3150803BDD0BA9A484E9C9A214E7D9AF94D5F9AD14D4F
S3150803BDE0409AA94D229A814D039A594DE599314DA9
S3150803BDF0C699094DA899E14C8A99B84C6C99904C07
S3150803BE004E99684C30993F4C1299174CF498EF4B5E
S3150803BE10D698C64BB9989E4B9B98754B7D984C4BB9
S3150803BE206098244B4298FB4A2598D24A0898A94A0F
S3150803BE30EA97814ACD97584AB0972F4A9397064A65
S3150803BE407697DD495997B4493C978A491F976149BB
S3150803BE5002973849E6960F49C996E648AC96BC4810
S3150803BE609096934873966948579640483B96164862
S3150803BE701E96ED470296C347E6959A47CA957047B5
S3150803BE80AE95464792951C477695F3465A95C94605
S3150803BE903E959F462395754607954B46EC94214652
S3150803BEA0D094F745B594CD459994A3457E947845A2
S3150803BEB063944E45479424452C94FA441194CF44ED
S3150803BEC0F693A544DB937A44C0935044A69325443A
S3150803BED08B93FB437093D0435693A5433B937B4382
S3150803BEE02193504306932543EC92FA42D292D042C9
S3150803BEF0B792A5429D927A4283924F42699224420F
S3150803BF004F92F9413592CE411C92A2410292774152
S3150803BF10E8914C41CF912141B591F6409C91CA4095
S3150803BF2082919F40699173405091484036911D40D4
S3150803BF301D91F13F0491C53FEB909A3FD2906E3F16
S3150803BF40B990433FA090173F8890EB3E6F90BF3E52
S3150803BF505690933E3E90683E25903C3E0D90103E8B
S3150803BF60F58FE43DDC8FB83DC48F8C3DAC8F603DC7
S3150803BF70948F333D7C8F073D648FDB3C4C8FAF3CFE
S3150803BF80348F833C1D8F563C058F2A3CED8EFD3B33
S3150803BF90D68ED13BBE8EA53BA78E783B908E4C3B67
S3150803BFA0798E1F3B618EF23A4A8EC63A338E993A98
S3150803BFB01C8E6C3A058E403AEE8D133AD88DE639C7
S3150803BFC0C18DB939AA8D8C39948D5F397D8D3239F6
S3150803BFD0678D0639508DD8383A8DAB38248D7E381F
S3150803BFE00E8D5138F88C2438E28CF737CC8CCA3747
S3150803BFF0B68C9C37A08C6F378A8C4237758C14376E
S3150803C0005F8CE7364A8CBA36348C8C361F8C5F368F
S3150803C010098C3136F48B0436DF8BD635CA8BA835B3
S3150803C020B58B7B35A08B4D358B8B1F35768BF234D1
S3150803C030618BC4344D8B9634388B6834248B3A34ED
S3150803C0400F8B0C34FB8ADE33E68AB033D28A82330B
S3150803C050BE8A5433AA8A2633968AF832828ACA3221
S3150803C0606E8A9C325A8A6E32468A4032338A113233
S3150803C0701F8AE3310B8AB531F8898631E489583149
S3150803C080D1892A31BE89FB30AB89CD3097899E3059
S3150803C09084897030718941305F8913304C89E42F64
S3150803C0A03989B52F2689872F1489582F0189292F6E
S3150803C0B0EF88FB2EDC88CC2ECA889D2EB8886E2E78
S3150803C0C0A5883F2E9388112E8188E22D6F88B32D7C
S3150803C0D05D88842D4B88552D3A88262D2888F72C7C
S3150803C0E01688C82C0588982CF387692CE2873A2C7E
S3150803C0F0D1870B2CBF87DC2BAE87AD2B9D877D2B7A
S3150803C1008C874E2B7B871F2B6A87EF2A5987C02A72
S3150803C1104987912A3887612A2787322A1787022A65
S3150803C1200687D329F686A329E6867429D58644295C
S3150803C130C5861529B586E528A586B528958686284C
S3150803C14085865628758626286686F6275686C72739
S3150803C1504686972737866727278637271886072722
S3150803C1600986D826FA85A826EA857826DB85482609
S3150803C170CC851826BD85E825AF85B825A0858825ED
S3150803C18091855825828528257485F7246585C724CE
S3150803C19057859724498567243A8537242C850724A8
S3150803C1A01E85D6231085A62302857623F484452384
S3150803C1B0E6841523D984E522CB84B422BD8484225C
S3150803C1C0B0845422A28423229584F3218884C2212D
S3150803C1D07B8492216D8461216084312153840021FB
S3150803C1E04684D0203A849F202D846E2020843E20C6
S3150803C1F014840D200784DC1FFA83AC1FEE837B1F90
S3150803C200E2834A1FD683191FC983E91EBD83B81E55
S3150803C210B183871EA583561E9983251E8E83F51D16
S3150803C2208283C41D7683931D6B83621D5F83311DD1
S3150803C2305483001D4883CF1C3D839E1C32836D1C8B
S3150803C24027833C1C1C830B1C1183DA1B0683A91B3F
S3150803C250FB82781BF082471BE682161BDB82E41AF5
S3150803C260D082B31AC682821ABC82511AB182201AA4
S3150803C270A782EF199D82BD1993828C1989825B194E
S3150803C2807F822A197582F8186B82C71862829618F4
S3150803C290588264184F823318458202183C82D01795
S3150803C2A032829F1729826D1720823C1717820A1735
S3150803C2B00E82D9160582A816FC817616F3814516D1
S3150803C2C0EB811316E281E215D981B015D1817F1569
S3150803C2D0C8814D15C0811B15B881EA14B081B814FD
S3150803C2E0A8818714A0815514988123149081F21389
S3150803C2F08881C01380818E1379815D1371812B1315
S3150803C3006A81F9126281C8125B819612548164129A
S3150803C3104C813212458101123E81CF1137819D111D
S3150803C32030816B112A813911238108111C81D6109A
S3150803C3301681A4100F8172100981401002810E1014
S3150803C340FC80DD0FF680AB0FF080790FEA80470F8C
S3150803C350E480150FDE80E30ED880B10ED2807F0EFF
S3150803C360CD804D0EC7801B0EC280E90DBC80B70D6C
S3150803C370B780850DB280530DAC80210DA780EF0CD5
S3150803C380A280BD0C9D808B0C9880590C9480270C39
S3150803C3908F80F50B8A80C30B8680910B81805F0B98
S3150803C3A07D802D0B7880FB0A7480C90A7080970AF2
S3150803C3B06C80650A6880330A6480000A6080CE0947
S3150803C3C05C809C0958806A0955803809518006099A
S3150803C3D04E80D4084A80A20847806F0843803D08E8
S3150803C3E040800B083D80D9073A80A7073780750731
S3150803C3F034804207318010072F80DE062C80AC0676
S3150803C40029807A0627804706258015062280E305B4
S3150803C4102080B1051E807F051C804C051A801A05ED
S3150803C4201880E8041680B604148083041280510425
S3150803C43011801F040F80ED030D80BA030C80880357
S3150803C4400B805603098024030880F1020780BF0284
S3150803C45006808D0205805B02048028020380F601AC
S3150803C4600380C4010280920101805F0101802D01CE
S3150803C4700080FB000080C9000080960000806400ED
S3150803C48000803200008000000080CDFF00809BFF03
S3150803C490008069FF008036FF008004FF0180D2FE1A
S3150803C4A00180A0FE02806DFE03803BFE038009FE29
S3150803C4B00480D7FD0580A4FD068072FD078040FD34
S3150803C4C008800EFD0980DBFC0B80A9FC0C8077FC39
S3150803C4D00D8045FC0F8012FC1180E0FB1280AEFB39
S3150803C4E014807CFB168049FB188017FB1A80E5FA33
S3150803C4F01C80B3FA1E8080FA20804EFA22801CFA2A
S3150803C5002580EAF92780B8F9298085F92C8053F91B
S3150803C5102F8021F93180EFF83480BDF837808AF807
S3150803C5203A8058F83D8026F84080F4F74380C2F7EE
S3150803C530478090F74A805DF74E802BF75180F9F6CE
S3150803C5405580C7F6588095F65C8063F6608031F6A9
S3150803C5506480FFF56880CCF56C809AF5708068F581
S3150803C560748036F5788004F57D80D2F48180A0F452
S3150803C57086806EF48A803CF48F800AF49480D8F31C
S3150803C5809880A6F39D8074F3A28042F3A78010F3E4
S3150803C590AC80DEF2B280ACF2B7807AF2BC8048F2A5
S3150803C5A0C28016F2C780E4F1CD80B2F1D28080F161
S3150803C5B0D8804EF1DE801CF1E480EAF0EA80B8F018
S3150803C5C0F08086F0F68054F0FC8022F00281F1EFC9
S3150803C5D00981BFEF0F818DEF16815BEF1C8129EF70
S3150803C5E02381F7EE2A81C6EE308194EE378162EE17
S3150803C5F03E8130EE4581FEED4C81CDED54819BEDB8
S3150803C6005B8169ED628137ED6A8106ED7181D4EC50
S3150803C6107981A2EC808171EC88813FEC90810DECE5
S3150803C6209881DCEBA081AAEBA88178EBB08147EB74
S3150803C630B88115EBC081E4EAC881B2EAD18180EA00
S3150803C640D9814FEAE2811DEAEB81ECE9F381BAE984
S3150803C650FC8189E9058257E90E8226E91782F5E8FE
S3150803C6602082C3E8298292E8328260E83C822FE876
S3150803C6704582FDE74F82CCE758829BE7628269E7EA
S3150803C6806B8238E7758207E77F82D5E68982A4E657
S3150803C690938273E69D8242E6A78210E6B182DFE5BE
S3150803C6A0BC82AEE5C6827DE5D0824CE5DB821BE51E
S3150803C6B0E682E9E4F082B8E4FB8287E4068356E47B
S3150803C6C0118325E41C83F4E32783C3E3328392E3CC
S3150803C6D03D8361E3488330E35483FFE25F83CEE21D
S3150803C6E06B839DE276836CE282833BE28E830AE266
S3150803C6F09983DAE1A583A9E1B18378E1BD8347E1AB
S3150803C700C98316E1D683E6E0E283B5E0EE8384E0E7
S3150803C710FA8353E0078423E01484F2DF2084C1DF1D
S3150803C7202D8491DF3A8460DF46842FDF5384FFDE4E
S3150803C7306084CEDE6D849EDE7B846DDE88843DDE7A
S3150803C74095840CDEA284DCDDB084ABDDBD847BDDA1
S3150803C750CB844BDDD9841ADDE684EADCF484BADCBF
S3150803C760028589DC108559DC1E8529DC2C85F8DBD6
S3150803C7703A85C8DB498598DB578568DB658538DBE9
S3150803C780748508DB8285D7DA9185A7DAA08577DAF7
S3150803C790AF8547DABD8517DACC85E7D9DB85B7D9FF
S3150803C7A0EA8587D9FA8557D9098627D91886F8D8FD
S3150803C7B02786C8D8378698D8468668D8568638D8F6
S3150803C7C0668609D87586D9D78586A9D7958679D7EA
S3150803C7D0A5864AD7B5861AD7C586EAD6D586BBD6D9
S3150803C7E0E6868BD6F6865CD606872CD61787FDD5BE
S3150803C7F02787CDD538879ED549876ED559873FD59F
S3150803C8006A8710D57B87E0D48C87B1D49D8782D479
S3150803C810AE8752D4BF8723D4D187F4D3E287C5D34F
S3150803C820F38796D3058867D3168837D3288808D31A
S3150803C8303A88D9D24B88AAD25D887BD26F884CD2E4
S3150803C84081881DD29388EED1A588C0D1B88891D1A5
S3150803C850CA8862D1DC8833D1EF8804D10189D6D05E
S3150803C8601489A7D0268978D039894AD04C891BD010
S3150803C8705F89ECCF7189BECF84898FCF978961CFC2
S3150803C880AB8932CFBE8904CFD189D5CEE489A7CE69
S3150803C890F88979CE0B8A4ACE1F8A1CCE338AEECD07
S3150803C8A0468ABFCD5A8A91CD6E8A63CD828A35CDA3
S3150803C8B0968A07CDAA8AD9CCBE8AABCCD28A7DCC36
S3150803C8C0E68A4FCCFB8A21CC0F8BF3CB248BC5CBC3
S3150803C8D0388B97CB4D8B69CB618B3BCB768B0DCB4B
S3150803C8E08B8BE0CAA08BB2CAB58B84CACA8B57CACC
S3150803C8F0DF8B29CAF48BFBC9098CCEC91F8CA0C947
S3150803C900348C73C94A8C45C95F8C18C9758CEBC8B6
S3150803C9108A8CBDC8A08C90C8B68C63C8CC8C35C825
S3150803C920E28C08C8F88CDBC70E8DAEC7248D81C789
S3150803C9303A8D54C7508D27C7678DF9C67D8DCDC6E9
S3150803C940948DA0C6AA8D73C6C18D46C6D88D19C641
S3150803C950EE8DECC5058EBFC51C8E93C5338E66C595
S3150803C9604A8E39C5618E0DC5798EE0C4908EB3C4DF
S3150803C970A78E87C4BE8E5AC4D68E2EC4ED8E02C425
S3150803C980058FD5C31D8FA9C3348F7CC34C8F50C362
S3150803C990648F24C37C8FF8C2948FCCC2AC8F9FC29A
S3150803C9A0C48F73C2DC8F47C2F58F1BC20D90EFC1CC
S3150803C9B02590C3C13E9097C156906CC16F9040C1F4
S3150803C9C0889014C1A090E8C0B990BCC0D29091C019
S3150803C9D0EB9065C004913AC01D910EC03691E2BF33
S3150803C9E05091B7BF69918CBF829160BF9C9135BF47
S3150803C9F0B59109BFCF91DEBEE891B3BE029288BE58
S3150803CA001C925DBE359231BE4F9206BE6992DBBD5E
S3150803CA108392B0BD9D9285BDB7925ABDD2922FBD62
S3150803CA20EC9205BD0693DABC2193AFBC3B9384BC59
S3150803CA3056935ABC70932FBC8B9304BCA693DABB4C
S3150803CA40C093AFBBDB9385BBF6935ABB119430BB3C
S3150803CA502C9405BB4794DBBA6394B1BA7E9487BA20
S3150803CA6099945CBAB59432BAD09408BAEC94DEB900
S3150803CA700795B4B923958AB93E9560B95A9536B9D7
S3150803CA8076950CB99295E3B8AE95B9B8CA958FB8A9
S3150803CA90E69565B802963CB81E9612B83B96E9B772
S3150803CAA05796BFB7739696B790966CB7AC9643B737
S3150803CAB0C99619B7E696F0B60297C7B61F979EB6F4
S3150803CAC03C9775B659974BB6769722B69397F9B5A9
S3150803CAD0B097D0B5CD97A7B5EA977EB5089856B55A
S3150803CAE025982DB5429804B56098DBB47D98B3B400
S3150803CAF09B988AB4B99861B4D69839B4F49810B4A3
S3150803CB001299E8B33099C0B34E9997B36C996FB33A
S3150803CB108A9947B3A8991EB3C699F6B2E599CEB2D0
S3150803CB20039AA6B2229A7EB2409A56B25F9A2EB258
S3150803CB307D9A06B29C9ADEB1BA9AB7B1D99A8FB1E1
S3150803CB40F89A67B1179B40B1369B18B1559BF0B05D
S3150803CB50749BC9B0939BA1B0B29B7AB0D29B53B0D6
S3150803CB60F19B2BB0109C04B0309CDDAF4F9CB6AF45
S3150803CB706F9C8FAF8E9C68AFAE9C40AFCE9C1AAFAE
S3150803CB80EE9CF3AE0D9DCCAE2D9DA5AE4D9D7EAE12
S3150803CB906D9D57AE8E9D31AEAE9D0AAECE9DE3AD6D
S3150803CBA0EE9DBDAD0E9E96AD2F9E70AD4F9E4AADC2
S3150803CBB0709E23AD909EFDACB19ED7ACD29EB1AC10
S3150803CBC0F29E8AAC139F64AC349F3EAC559F18AC57
S3150803CBD0769FF2AB979FCCABB89FA7ABD99F81AB98
S3150803CBE0FB9F5BAB1CA035AB3DA010AB5FA0EAAACD
S3150803CBF080A0C5AAA1A09FAAC3A07AAAE5A054AA01
S3150803CC0006A12FAA28A10AAA4AA1E5A96CA1BFA928
S3150803CC108EA19AA9AFA175A9D2A150A9F4A12BA94E
S3150803CC2016A206A938A2E2A85AA2BDA87CA298A869
S3150803CC309FA273A8C1A24FA8E4A22AA806A306A87E
S3150803CC4029A3E1A74BA3BDA76EA398A791A374A78E
S3150803CC50B4A350A7D6A32BA7F9A307A71CA4E3A697
S3150803CC603FA4BFA662A49BA686A477A6A9A453A697
S3150803CC70CCA42FA6EFA40CA613A5E8A536A5C4A590
S3150803CC805AA5A1A57DA57DA5A1A55AA5C4A536A581
S3150803CC90E8A513A50CA6EFA42FA6CCA453A6A9A46E
S3150803CCA077A686A49BA662A4BFA63FA4E3A61CA454
S3150803CCB007A7F9A32BA7D6A350A7B4A374A791A331
S3150803CCC098A76EA3BDA74BA3E1A729A306A806A306
S3150803CCD02AA8E4A24FA8C1A273A89FA298A87CA2D7
S3150803CCE0BDA85AA2E2A838A206A916A22BA9F4A19E
S3150803CCF050A9D2A175A9AFA19AA98EA1BFA96CA162
S3150803CD00E5A94AA10AAA28A12FAA06A154AAE5A019
S3150803CD107AAAC3A09FAAA1A0C5AA80A0EAAA5FA0CF
S3150803CD2010AB3DA035AB1CA05BABFB9F81ABD99F7A
S3150803CD30A7ABB89FCCAB979FF2AB769F18AC559F22
S3150803CD403EAC349F64AC139F8AACF29EB1ACD29EC0
S3150803CD50D7ACB19EFDAC909E23AD709E4AAD4F9E57
S3150803CD6070AD2F9E96AD0E9EBDADEE9DE3ADCE9DE9
S3150803CD700AAEAE9D31AE8E9D57AE6D9D7EAE4D9D70
S3150803CD80A5AE2D9DCCAE0D9DF3AEEE9C1AAFCE9CF3
S3150803CD9040AFAE9C68AF8E9C8FAF6F9CB6AF4F9C6F
S3150803CDA0DDAF309C04B0109C2BB0F19B53B0D29BE3
S3150803CDB07AB0B29BA1B0939BC9B0749BF0B0559B54
S3150803CDC018B1369B40B1179B67B1F89A8FB1D99AB8
S3150803CDD0B7B1BA9ADEB19C9A06B27D9A2EB25F9A19
S3150803CDE056B2409A7EB2229AA6B2039ACEB2E59971
S3150803CDF0F6B2C6991EB3A89947B38A996FB36C99C5
S3150803CE0097B34E99C0B33099E8B3129910B4F4980E
S3150803CE1039B4D69861B4B9988AB49B98B3B47D9853
S3150803CE20DBB4609804B542982DB5259856B508988D
S3150803CE307EB5EA97A7B5CD97D0B5B097F9B59397C9
S3150803CE4022B676974BB6599775B63C979EB61F97F3
S3150803CE50C7B60297F0B6E69619B7C99643B7AC961E
S3150803CE606CB7909696B77396BFB75796E9B73B963E
S3150803CE7012B81E963CB8029665B8E6958FB8CA9559
S3150803CE80B9B8AE95E3B892950CB9769536B95A956D
S3150803CE9060B93E958AB92395B4B90795DEB9EC947A
S3150803CEA008BAD09432BAB5945CBA999487BA7E9480
S3150803CEB0B1BA6394DBBA479405BB2C9430BB11947F
S3150803CEC05ABBF69385BBDB93AFBBC093DABBA6937A
S3150803CED004BC8B932FBC70935ABC569384BC3B9368
S3150803CEE0AFBC2193DABC069305BDEC922FBDD29253
S3150803CEF05ABDB79285BD9D92B0BD8392DBBD69923B
S3150803CF0006BE4F9231BE35925DBE1C9288BE029212
S3150803CF10B3BEE891DEBECF9109BFB59135BF9C91EB
S3150803CF2060BF82918CBF6991B7BF5091E2BF3691BA
S3150803CF300EC01D913AC0049165C0EB9091C0D29082
S3150803CF40BCC0B990E8C0A09014C1889040C16F9046
S3150803CF506CC1569097C13E90C3C12590EFC10D9001
S3150803CF601BC2F58F47C2DC8F73C2C48F9FC2AC8FB7
S3150803CF70CCC2948FF8C27C8F24C3648F50C34C8F62
S3150803CF807CC3348FA9C31D8FD5C3058F02C4ED8E09
S3150803CF902EC4D68E5AC4BE8E87C4A78EB3C4908EAB
S3150803CFA0E0C4798E0DC5618E39C54A8E66C5338E42
S3150803CFB093C51C8EBFC5058EECC5EE8D19C6D88DD7
S3150803CFC046C6C18D73C6AA8DA0C6948DCDC67D8D62
S3150803CFD0F9C6678D27C7508D54C73A8D81C7248DE7
S3150803CFE0AEC70E8DDBC7F88C08C8E28C35C8CC8C67
S3150803CFF063C8B68C90C8A08CBDC88A8CEBC8758CE0
S3150803D00018C95F8C45C94A8C73C9348CA0C91F8C4F
S3150803D010CEC9098CFBC9F48B29CADF8B57CACA8BBD
S3150803D02084CAB58BB2CAA08BE0CA8B8B0DCB768B21
S3150803D0303BCB618B69CB4D8B97CB388BC5CB248B7D
S3150803D040F3CB0F8B21CCFB8A4FCCE68A7DCCD28AD5
S3150803D050ABCCBE8AD9CCAA8A07CD968A35CD828A25
S3150803D06063CD6E8A91CD5A8ABFCD468AEECD338A71
S3150803D0701CCE1F8A4ACE0B8A79CEF889A7CEE489B5
S3150803D080D5CED18904CFBE8932CFAB8961CF9789F3
S3150803D0908FCF8489BECF7189ECCF5F891BD04C892A
S3150803D0A04AD0398978D02689A7D01489D6D0018958
S3150803D0B004D1EF8833D1DC8862D1CA8891D1B88884
S3150803D0C0C0D1A588EED193881DD281884CD26F88AA
S3150803D0D07BD25D88AAD24B88D9D23A8808D32888C6
S3150803D0E037D3168867D3058896D3F387C5D3E287DC
S3150803D0F0F4D3D18723D4BF8752D4AE8782D49D87EE
S3150803D100B1D48C87E0D47B8710D56A873FD55987F6
S3150803D1106ED549879ED53887CDD52787FDD51787F9
S3150803D1202CD606875CD6F6868BD6E686BBD6D586F8
S3150803D130EAD6C5861AD7B5864AD7A58679D79586F0
S3150803D140A9D78586D9D7758609D8668638D85686DF
S3150803D15068D8468698D83786C8D82786F8D81886CA
S3150803D16027D9098657D9FA8587D9EA85B7D9DB85B1
S3150803D170E7D9CC8517DABD8547DAAF8577DAA0858F
S3150803D180A7DA9185D7DA828508DB748538DB658566
S3150803D19068DB578598DB4985C8DB3A85F8DB2C8538
S3150803D1A029DC1E8559DC108589DC0285BADCF48402
S3150803D1B0EADCE6841ADDD9844BDDCB847BDDBD84CA
S3150803D1C0ABDDB084DCDDA2840CDE95843DDE888489
S3150803D1D06DDE7B849EDE6D84CEDE6084FFDE538443
S3150803D1E02FDF468460DF3A8491DF2D84C1DF2084F4
S3150803D1F0F2DF148423E0078453E0FA8384E0EE83A2
S3150803D200B5E0E283E6E0D68316E1C98347E1BD8349
S3150803D21078E1B183A9E1A583DAE199830AE28E83EA
S3150803D2203BE282836CE276839DE26B83CEE25F8385
S3150803D230FFE2548330E3488361E33D8392E3328319
S3150803D240C3E32783F4E31C8325E4118356E40683A7
S3150803D25087E4FB82B8E4F082E9E4E6821BE5DB8235
S3150803D2604CE5D0827DE5C682AEE5BC82DFE5B182B8
S3150803D27010E6A78242E69D8273E69382A4E6898234
S3150803D280D5E67F8207E7758238E76B8269E76282AC
S3150803D2909BE75882CCE74F82FDE745822FE83C821D
S3150803D2A060E8328292E82982C3E82082F5E8178289
S3150803D2B026E90E8257E9058289E9FC81BAE9F381F1
S3150803D2C0ECE9EB811DEAE2814FEAD98180EAD18153
S3150803D2D0B2EAC881E4EAC08115EBB88147EBB081AD
S3150803D2E078EBA881AAEBA081DCEB98810DEC908101
S3150803D2F03FEC888171EC8081A2EC7981D4EC718151
S3150803D30006ED6A8137ED628169ED5B819BED548198
S3150803D310CDED4C81FEED458130EE3E8162EE3781DF
S3150803D32094EE3081C6EE2A81F7EE238129EF1C811C
S3150803D3305BEF16818DEF0F81BFEF0981F1EF028154
S3150803D34022F0FC8054F0F68086F0F080B8F0EA808C
S3150803D350EAF0E4801CF1DE804EF1D88080F1D280B9
S3150803D360B2F1CD80E4F1C78016F2C28048F2BC80E0
S3150803D3707AF2B780ACF2B280DEF2AC8010F3A78003
S3150803D38042F3A28074F39D80A6F39880D8F3948021
S3150803D3900AF48F803CF48A806EF48680A0F4818038
S3150803D3A0D2F47D8004F5788036F5748068F570804C
S3150803D3B09AF56C80CCF56880FFF5648031F6608059
S3150803D3C063F65C8095F65880C7F65580F9F6518062
S3150803D3D02BF74E805DF74A8090F74780C2F7438064
S3150803D3E0F4F7408026F83D8058F83A808AF8378063
S3150803D3F0BDF83480EFF8318021F92F8053F92C805A
S3150803D40085F92980B8F92780EAF925801CFA22804C
S3150803D4104EFA208080FA1E80B3FA1C80E5FA1A8039
S3150803D42017FB188049FB16807CFB1480AEFB128021
S3150803D430E0FB118012FC0F8045FC0D8077FC0C8005
S3150803D440A9FC0B80DBFC09800EFD088040FD0780E4
S3150803D45072FD0680A4FD0580D7FD048009FE0380BE
S3150803D4603BFE03806DFE0280A0FE0180D2FE018092
S3150803D47004FF008036FF008069FF00809BFF008061
S3150803D480CDFF0080FF7F0000FF7F6400FF7FC90098
S3150803D490FE7F2D01FD7F9201FC7FF601FA7F5B0279
S3150803D4A0F87FBF02F67F2403F37F8803F07FED033B
S3150803D4B0ED7F5104E97FB604E57F1A05E17F7F0511
S3150803D4C0DD7FE305D87F4706D37FAC06CE7F1007FB
S3150803D4D0C87F7507C27FD907BC7F3D08B57FA208F9
S3150803D4E0AE7F0609A77F6A099F7FCE09977F330A0E
S3150803D4F08F7F970A877FFB0A7E7F5F0B757FC30B38
S3150803D5006B7F270C627F8B0C587FEF0C4D7F530D77
S3150803D510437FB70D387F1B0E2D7F7F0E217FE30ECA
S3150803D520157F470F097FAB0FFD7E0E10F07E721035
S3150803D530E37ED610D57E3911C87E9D11BA7E0112B7
S3150803D540AB7E64129D7EC8128E7E2B137F7E8E134E
S3150803D5506F7EF2135F7E55144F7EB8143F7E1B15FC
S3150803D5602E7E7F151D7EE2150C7E4516FA7DA816BE
S3150803D570E87D0A17D67D6D17C37DD017B07D33189E
S3150803D5809D7D96188A7DF818767D5B19627DBD198F
S3150803D5904E7D201A397D821A247DE41A0F7D471B96
S3150803D5A0F97CA91BE37C0B1CCD7C6D1CB77CCF1CBB
S3150803D5B0A07C311D897C931D717CF51D5A7C561EF2
S3150803D5C0427CB81E297C191F117C7B1FF87BDC1F44
S3150803D5D0DF7B3E20C57B9F20AC7B0021927B6121AC
S3150803D5E0777BC2215D7B2322427B8422267BE5222D
S3150803D5F00B7B4523EF7AA623D37A0724B67A6724C7
S3150803D6009A7AC7247D7A28255F7A8825427AE82577
S3150803D610247A4826057AA826E7790727C879672743
S3150803D620A979C7278A7926286A7986284A79E52827
S3150803D6302A7944290979A329E878022AC778612A25
S3150803D640A678C02A84781F2B62787D2B4078DC2B3A
S3150803D6501D783A2CFA77982CD777F72CB477552D6B
S3150803D6609077B32D6C77112E47776E2E2377CC2EB2
S3150803D670FE76292FD976872FB376E42F8E76413017
S3150803D68068769E304176FB301B765831F475B53192
S3150803D690CC751132A5756E327D75CA32557526332A
S3150803D6A02D7582330475DE33DB743A34B2749634DB
S3150803D6B08974F2345F744D353574A8350B740436A2
S3150803D6C0E0735F36B573BA368A7314375F736F3789
S3150803D6D03373CA3707732438DB727E38AF72D83888
S3150803D6E08272323955728C392772E639FA71403AA1
S3150803D6F0CC71993A9E71F23A6F714C3B4171A53BD5
S3150803D7001271FD3BE270563CB370AF3C8370073D24
S3150803D7105370603D2370B83DF26F103EC16F683E8B
S3150803D720906FBF3E5F6F173F2D6F6E3FFB6EC53F12
S3150803D730C96E1D40966E7340636ECA40306E2141B2
S3150803D740FD6D7741CA6DCE41966D2442626D7A426C
S3150803D7502D6DD042F96C2543C46C7B438F6CD04343
S3150803D760596C2544246C7A44EE6BCF44B86B244534
S3150803D770816B78454A6BCD45136B2146DC6A754642
S3150803D780A56AC9466D6A1C47356A7047FD69C3476A
S3150803D790C46916488C6969485369BC4819690F49AD
S3150803D7A0E0686149A668B4496C68064A3268584A0B
S3150803D7B0F767A94ABD67FB4A82674C4B46679E4B88
S3150803D7C00B67EF4BCF663F4C9366904C5766E14C1D
S3150803D7D01A66314DDD65814DA065D14D6365214ED0
S3150803D7E02665704EE864BF4EAA640F4F6C645E4F9D
S3150803D7F02D64AC4FEF63FB4FB06349507163975089
S3150803D8003163E550F2623351B26281517162CE518E
S3150803D81031621C52F1616952B061B5526F610253AC
S3150803D8202D614E53EC609B53AA60E75368603354EB
S3150803D83026607E54E35FCA54A05F15555E5F605544
S3150803D8401A5FAB55D75EF555935E4056505E8A56BA
S3150803D8500B5ED456C75D1D57835D67573E5DB0574C
S3150803D860F95CF957B45C42586E5C8B58295CD458FA
S3150803D870E35B1C599D5B6459565BAC59105BF359C2
S3150803D880C95A3B5A825A825A3B5AC95AF359105BA8
S3150803D890AC59565B64599D5B1C59E35BD458295CA8
S3150803D8A08B586E5C4258B45CF957F95CB0573E5DC9
S3150803D8B06757835D1D57C75DD4560B5E8A56505E00
S3150803D8C04056935EF555D75EAB551A5F60555E5F56
S3150803D8D01555A05FCA54E35F7E54266033546860C7
S3150803D8E0E753AA609B53EC604E532D6102536F6155
S3150803D8F0B552B0616952F1611C523162CE517162FF
S3150803D9008151B2623351F262E550316397507163C4
S3150803D9104950B063FB4FEF63AC4F2D645E4F6C64A5
S3150803D9200F4FAA64BF4EE864704E2665214E6365A1
S3150803D930D14DA065814DDD65314D1A66E14C5766BB
S3150803D940904C93663F4CCF66EF4B0B679E4B4667EF
S3150803D9504C4B8267FB4ABD67A94AF767584A326840
S3150803D960064A6C68B449A6686149E0680F491969AB
S3150803D970BC48536969488C691648C469C347FD6935
S3150803D9807047356A1C476D6AC946A56A7546DC6AD7
S3150803D9902146136BCD454A6B7845816B2445B86B95
S3150803D9A0CF44EE6B7A44246C2544596CD0438F6C70
S3150803D9B07B43C46C2543F96CD0422D6D7A42626D64
S3150803D9C02442966DCE41CA6D7741FD6D2141306E75
S3150803D9D0CA40636E7340966E1D40C96EC53FFB6EA3
S3150803D9E06E3F2D6F173F5F6FBF3E906F683EC16FE7
S3150803D9F0103EF26FB83D2370603D5370073D837048
S3150803DA00AF3CB370563CE270FD3B1271A53B4171C6
S3150803DA104C3B6F71F23A9E71993ACC71403AFA715E
S3150803DA20E63927728C39557232398272D838AF7211
S3150803DA307E38DB7224380773CA3733736F375F73DD
S3150803DA4014378A73BA36B5735F36E07304360B74C4
S3150803DA50A83535744D355F74F23489749634B274C7
S3150803DA603A34DB74DE33047582332D7526335575E4
S3150803DA70CA327D756E32A5751132CC75B531F4751A
S3150803DA8058311B76FB3041769E30687641308E7668
S3150803DA90E42FB376872FD976292FFE76CC2E2377D4
S3150803DAA06E2E4777112E6C77B32D9077552DB47755
S3150803DAB0F72CD777982CFA773A2C1D78DC2B4078F5
S3150803DAC07D2B62781F2B8478C02AA678612AC778AB
S3150803DAD0022AE878A329097944292A79E5284A797B
S3150803DAE086286A7926288A79C727A9796727C87964
S3150803DAF00727E779A826057A4826247AE825427A65
S3150803DB0088255F7A28257D7AC7249A7A6724B67A80
S3150803DB100724D37AA623EF7A45230B7BE522267BB4
S3150803DB208422427B23225D7BC221777B6121927B00
S3150803DB300021AC7B9F20C57B3E20DF7BDC1FF87B67
S3150803DB407B1F117C191F297CB81E427C561E5A7CE2
S3150803DB50F51D717C931D897C311DA07CCF1CB77C78
S3150803DB606D1CCD7C0B1CE37CA91BF97C471B0F7D25
S3150803DB70E41A247D821A397D201A4E7DBD19627DE9
S3150803DB805B19767DF8188A7D96189D7D3318B07DC6
S3150803DB90D017C37D6D17D67D0A17E87DA816FA7DBB
S3150803DBA045160C7EE2151D7E7F152E7E1B153F7EC0
S3150803DBB0B8144F7E55145F7EF2136F7E8E137F7EE5
S3150803DBC02B138E7EC8129D7E6412AB7E0112BA7E1B
S3150803DBD09D11C87E3911D57ED610E37E7210F07E6C
S3150803DBE00E10FD7EAB0F097F470F157FE30E217FCE
S3150803DBF07F0E2D7F1B0E387FB70D437F530D4D7F49
S3150803DC00EF0C587F8B0C627F270C6B7FC30B757FDA
S3150803DC105F0B7E7FFB0A877F970A8F7F330A977F7F
S3150803DC20CE099F7F6A09A77F0609AE7FA208B57F3B
S3150803DC303D08BC7FD907C27F7507C87F1007CE7F0B
S3150803DC40AC06D37F4706D87FE305DD7F7F05E17FF3
S3150803DC501A05E57FB604E97F5104ED7FED03F07FEE
S3150803DC608803F37F2403F67FBF02F87F5B02FA7FFC
S3150803DC70F601FC7F9201FD7F2D01FE7FC900FF7F20
S3150803DC806400FF7F0000FF7F9BFFFF7F36FFFF7F58
S3150803DC90D2FEFE7F6DFEFD7F09FEFC7FA4FDFA7FA3
S3150803DCA040FDF87FDBFCF67F77FCF37F12FCF07F01
S3150803DCB0AEFBED7F49FBE97FE5FAE57F80FAE17F75
S3150803DCC01CFADD7FB8F9D87F53F9D37FEFF8CE7FF7
S3150803DCD08AF8C87F26F8C27FC2F7BC7F5DF7B57F8F
S3150803DCE0F9F6AE7F95F6A77F31F69F7FCCF5977F3A
S3150803DCF068F58F7F04F5877FA0F47E7F3CF4757FF4
S3150803DD00D8F36B7F74F3627F10F3587FACF24D7FC1
S3150803DD1048F2437FE4F1387F80F12D7F1CF1217FA0
S3150803DD20B8F0157F54F0097FF1EFFD7E8DEFF07E95
S3150803DD3029EFE37EC6EED57E62EEC87EFEEDBA7E99
S3150803DD409BEDAB7E37ED9D7ED4EC8E7E71EC7F7EAC
S3150803DD500DEC6F7EAAEB5F7E47EB4F7EE4EA3F7ED0
S3150803DD6080EA2E7E1DEA1D7EBAE90C7E57E9FA7D06
S3150803DD70F5E8E87D92E8D67D2FE8C37DCCE7B07D4C
S3150803DD8069E79D7D07E78A7DA4E6767D42E6627D9F
S3150803DD90DFE54E7D7DE5397D1BE5247DB8E40F7D02
S3150803DDA056E4F97CF4E3E37C92E3CD7C30E3B77C79
S3150803DDB0CEE2A07C6CE2897C0AE2717CA9E15A7CFA
S3150803DDC047E1427CE6E0297C84E0117C23E0F87B8A
S3150803DDD0C1DFDF7B60DFC57BFFDEAC7B9EDE927B2C
S3150803DDE03DDE777BDCDD5D7B7BDD427B1ADD267BD7
S3150803DDF0BADC0B7B59DCEF7AF8DBD37A98DBB67A95
S3150803DE0038DB9A7AD7DA7D7A77DA5F7A17DA427A5B
S3150803DE10B7D9247A57D9057AF8D8E77998D8C87933
S3150803DE2038D8A979D9D78A7979D76A791AD74A7915
S3150803DE30BBD62A795CD60979FDD5E8789ED5C77805
S3150803DE403FD5A678E0D4847882D4627823D4407800
S3150803DE50C5D31D7867D3FA7708D3D777AAD2B47709
S3150803DE604CD29077EED16C7791D1477733D123771C
S3150803DE70D6D0FE7678D0D9761BD0B376BECF8E763B
S3150803DE8061CF687604CF4176A7CE1B764ACEF47562
S3150803DE90EECDCC7591CDA57535CD7D75D9CC55759A
S3150803DEA07DCC2D7521CC0475C5CBDB7469CBB274D7
S3150803DEB00DCB8974B2CA5F7457CA3574FBC90B7420
S3150803DEC0A0C9E07345C9B573EBC88A7390C85F7375
S3150803DED035C83373DBC7077381C7DB7227C7AF72CE
S3150803DEE0CDC6827273C6557219C62772BFC5FA7133
S3150803DEF066C5CC710DC59E71B3C46F715AC44171A1
S3150803DF0002C41271A9C3E27050C3B370F8C2837016
S3150803DF109FC2537047C22370EFC1F26F97C1C16F97
S3150803DF2040C1906FE8C05F6F91C02D6F3AC0FB6E1A
S3150803DF30E2BFC96E8CBF966E35BF636EDEBE306EAA
S3150803DF4088BEFD6D31BECA6DDBBD966D85BD626D3E
S3150803DF502FBD2D6DDABCF96C84BCC46C2FBC8F6CD9
S3150803DF60DABB596C85BB246C30BBEE6BDBBAB86B7A
S3150803DF7087BA816B32BA4A6BDEB9136B8AB9DC6A24
S3150803DF8036B9A56AE3B86D6A8FB8356A3CB8FD69D0
S3150803DF90E9B7C46996B78C6943B75369F0B6196983
S3150803DFA09EB6E0684BB6A668F9B56C68A7B532683D
S3150803DFB056B5F76704B5BD67B3B4826761B44667F8
S3150803DFC010B40B67C0B3CF666FB393661EB35766B9
S3150803DFD0CEB21A667EB2DD652EB2A065DEB1636582
S3150803DFE08FB1266540B1E864F0B0AA64A1B06C6449
S3150803DFF053B02D6404B0EF63B6AFB06368AF716313
S3150803E0001AAF3163CCAEF2627EAEB26231AE7162E2
S3150803E010E3AD316296ADF1614AADB061FDAC6F61B6
S3150803E020B1AC2D6164ACEC6018ACAA60CCAB68608B
S3150803E03081AB266035ABE35FEAAAA05F9FAA5E5F62
S3150803E04054AA1A5F0AAAD75EBFA9935E75A9505E3A
S3150803E0502BA90B5EE2A8C75D98A8835D4FA83E5D12
S3150803E06006A8F95CBDA7B45C74A76E5C2BA7295CEC
S3150803E070E3A6E35B9BA69D5B53A6565B0CA6105BC8
S3150803E080C4A5C95A7DA5825A36A53B5AEFA4F359A6
S3150803E090A9A4AC5962A464591CA41C59D6A3D45880
S3150803E0A091A38B584BA3425806A3F957C1A2B0575D
S3150803E0B07CA2675738A21D57F4A1D456AFA18A5636
S3150803E0C06CA1405628A1F555E5A0AB55A1A060550E
S3150803E0D05FA015551CA0CA54D99F7E54979F3354E5
S3150803E0E0559FE753139F9B53D29E4E53909E0253BD
S3150803E0F04F9EB5520E9E6952CE9D1C528E9DCE5191
S3150803E1004D9D81510D9D3351CE9CE5508E9C975064
S3150803E1104F9C4950109CFB4FD29BAC4F939B5E4F31
S3150803E120559B0F4F179BBF4ED99A704E9C9A214EFB
S3150803E1305F9AD14D229A814DE599314DA899E14CC3
S3150803E1406C99904C30993F4CF498EF4BB9989E4B89
S3150803E1507D984C4B4298FB4A0898A94ACD97584A4A
S3150803E1609397064A5997B4491F976149E6960F4903
S3150803E170AC96BC48739669483B9616480296C347BD
S3150803E180CA95704792951C475A95C946239575466D
S3150803E190EC942146B594CD457E9478454794244519
S3150803E1A01194CF44DB937A44A69325447093D043C2
S3150803E1B03B937B4306932543D292D0429D927A4260
S3150803E1C0699224423592CE4102927741CF912141F9
S3150803E1D09C91CA406991734036911D400491C53F8D
S3150803E1E0D2906E3FA090173F6F90BF3E3E90683E19
S3150803E1F00D90103EDC8FB83DAC8F603D7C8F073D9C
S3150803E2004C8FAF3C1D8F563CED8EFD3BBE8EA53B1A
S3150803E210908E4C3B618EF23A338E993A058E403A8C
S3150803E220D88DE639AA8D8C397D8D3239508DD838FB
S3150803E230248D7E38F88C2438CC8CCA37A08C6F375B
S3150803E240758C14374A8CBA361F8C5F36F48B0436B2
S3150803E250CA8BA835A08B4D35768BF2344D8B963405
S3150803E260248B3A34FB8ADE33D28A8233AA8A26334C
S3150803E270828ACA325A8A6E32338A11320B8AB53186
S3150803E280E4895831BE89FB3097899E3071894130BC
S3150803E2904C89E42F2689872F0189292FDC88CC2EE0
S3150803E2A0B8886E2E9388112E6F88B32D4B88552DFB
S3150803E2B02888F72C0588982CE2873A2CBF87DC2B0D
S3150803E2C09D877D2B7B871F2B5987C02A3887612A11
S3150803E2D01787022AF686A329D5864429B586E5280B
S3150803E2E095868628758626285686C72737866727F6
S3150803E2F018860727FA85A826DB854826BD85E825D7
S3150803E300A0858825828528256585C72449856724A8
S3150803E3102C8507241085A623F4844523D984E5226E
S3150803E320BD848422A28423228884C2216D84612128
S3150803E330538400213A849F2020843E200784DC1FCF
S3150803E340EE837B1FD683191FBD83B81EA583561E6E
S3150803E3508E83F51D7683931D5F83311D4883CF1CFA
S3150803E36032836D1C1C830B1C0683A91BF082471B77
S3150803E370DB82E41AC682821AB182201A9D82BD19EB
S3150803E38089825B197582F818628296184F82331848
S3150803E3903C82D01729826D1717820A170582A81699
S3150803E3A0F3814516E281E215D1817F15C0811B15DC
S3150803E3B0B081B814A08155149081F21380818E130D
S3150803E3C071812B136281C81254816412458101122B
S3150803E3D037819D112A8139111C81D6100F8172103C
S3150803E3E002810E10F680AB0FEA80470FDE80E30E3C
S3150803E3F0D2807F0EC7801B0EBC80B70DB280530D2B
S3150803E400A780EF0C9D808B0C9480270C8A80C30B06
S3150803E41081805F0B7880FB0A7080970A6880330ACD
S3150803E4206080CE0958806A09518006094A80A20885
S3150803E43043803D083D80D90737807507318010072B
S3150803E4402C80AC06278047062280E3051E807F05BD
S3150803E4501A801A051680B604128051040F80ED033C
S3150803E4600C808803098024030780BF0205805B02AA
S3150803E4700380F6010280920101802D010080C90004
S3150803E480008064000080000000809BFF008036FF48
S3150803E4900180D2FE02806DFE038009FE0580A4FD7D
S3150803E4A0078040FD0980DBFC0C8077FC0F8012FC9B
S3150803E4B01280AEFB168049FB1A80E5FA1E8080FAA5
S3150803E4C022801CFA2780B8F92C8053F93180EFF89B
S3150803E4D037808AF83D8026F84380C2F74A805DF77D
S3150803E4E05180F9F6588095F6608031F66880CCF548
S3150803E4F0708068F5788004F58180A0F48A803CF4FE
S3150803E5009480D8F39D8074F3A78010F3B280ACF29D
S3150803E510BC8048F2C780E4F1D28080F1DE801CF12A
S3150803E520EA80B8F0F68054F00281F1EF0F818DEF9F
S3150803E5301C8129EF2A81C6EE378162EE4581FEEDFD
S3150803E54054819BED628137ED7181D4EC808171EC46
S3150803E55090810DECA081AAEBB08147EBC081E4EA78
S3150803E560D18180EAE2811DEAF381BAE9058257E996
S3150803E5701782F5E8298292E83C822FE84F82CCE796
S3150803E580628269E7758207E78982A4E69D8242E685
S3150803E590B182DFE5C6827DE5DB821BE5F082B8E45E
S3150803E5A0068356E41C83F4E3328392E3488330E319
S3150803E5B05F83CEE276836CE28E830AE2A583A9E1C2
S3150803E5C0BD8347E1D683E6E0EE8384E0078423E050
S3150803E5D02084C1DF3A8460DF5384FFDE6D849EDEC8
S3150803E5E088843DDEA284DCDDBD847BDDD9841ADD27
S3150803E5F0F484BADC108559DC2C85F8DB498598DB6D
S3150803E600658538DB8285D7DAA08577DABD8517DA9B
S3150803E610DB85B7D9FA8557D91886F8D8378698D8AF
S3150803E620568638D87586D9D7958679D7B5861AD7AB
S3150803E630D586BBD6F6865CD61787FDD538879ED58D
S3150803E64059873FD57B87E0D49D8782D4BF8723D458
S3150803E650E287C5D3058867D3288808D34B88AAD207
S3150803E6606F884CD29388EED1B88891D1DC8833D1A0
S3150803E6700189D6D0268978D04C891BD07189BECF1B
S3150803E680978961CFBE8904CFE489A7CE0B8A4ACE80
S3150803E690338AEECD5A8A91CD828A35CDAA8AD9CCC8
S3150803E6A0D28A7DCCFB8A21CC248BC5CB4D8B69CBF7
S3150803E6B0768B0DCBA08BB2CACA8B57CAF48BFBC910
S3150803E6C01F8CA0C94A8C45C9758CEBC8A08C90C809
S3150803E6D0CC8C35C8F88CDBC7248D81C7508D27C7EA
S3150803E6E07D8DCDC6AA8D73C6D88D19C6058EBFC5B1
S3150803E6F0338E66C5618E0DC5908EB3C4BE8E5AC45D
S3150803E700ED8E02C41D8FA9C34C8F50C37C8FF8C2EC
S3150803E710AC8F9FC2DC8F47C20D90EFC13E9097C165
S3150803E7206F9040C1A090E8C0D29091C004913AC0BE
S3150803E7303691E2BF69918CBF9C9135BFCF91DEBEFE
S3150803E740029288BE359231BE6992DBBD9D9285BD24
S3150803E750D2922FBD0693DABC3B9384BC70932FBC2D
S3150803E760A693DABBDB9385BB119430BB4794DBBA1C
S3150803E7707E9487BAB59432BAEC94DEB923958AB9EE
S3150803E7805A9536B99295E3B8CA958FB802963CB8A6
S3150803E7903B96E9B7739696B7AC9643B7E696F0B643
S3150803E7A01F979EB659974BB69397F9B5CD97A7B5C5
S3150803E7B0089856B5429804B57D98B3B4B99861B428
S3150803E7C0F49810B43099C0B36C996FB3A8991EB373
S3150803E7D0E599CEB2229A7EB25F9A2EB29C9ADEB1A0
S3150803E7E0D99A8FB1179B40B1559BF0B0939BA1B0B3
S3150803E7F0D29B53B0109C04B04F9CB6AF8E9C68AFA7
S3150803E800CE9C1AAF0D9DCCAE4D9D7EAE8E9D31AE80
S3150803E810CE9DE3AD0E9E96AD4F9E4AAD909EFDAC42
S3150803E820D29EB1AC139F64AC559F18AC979FCCABE3
S3150803E830D99F81AB1CA035AB5FA0EAAAA1A09FAA6A
S3150803E840E5A054AA28A10AAA6CA1BFA9AFA175A9D4
S3150803E850F4A12BA938A2E2A87CA298A8C1A24FA822
S3150803E86006A306A84BA3BDA791A374A7D6A32BA754
S3150803E8701CA4E3A662A49BA6A9A453A6EFA40CA66C
S3150803E88036A5C4A57DA57DA5C4A536A50CA6EFA466
S3150803E89053A6A9A49BA662A4E3A61CA42BA7D6A346
S3150803E8A074A791A3BDA74BA306A806A34FA8C1A205
S3150803E8B098A87CA2E2A838A22BA9F4A175A9AFA1AE
S3150803E8C0BFA96CA10AAA28A154AAE5A09FAAA1A038
S3150803E8D0EAAA5FA035AB1CA081ABD99FCCAB979FA7
S3150803E8E018AC559F64AC139FB1ACD29EFDAC909EF9
S3150803E8F04AAD4F9E96AD0E9EE3ADCE9D31AE8E9D2F
S3150803E9007EAE4D9DCCAE0D9D1AAFCE9C68AF8E9C48
S3150803E910B6AF4F9C04B0109C53B0D29BA1B0939B47
S3150803E920F0B0559B40B1179B8FB1D99ADEB19C9A2B
S3150803E9302EB25F9A7EB2229ACEB2E5991EB3A899F1
S3150803E9406FB36C99C0B3309910B4F49861B4B9989D
S3150803E950B3B47D9804B5429856B50898A7B5CD972C
S3150803E960F9B593974BB659979EB61F97F0B6E696A1
S3150803E97043B7AC9696B77396E9B73B963CB80296F7
S3150803E9808FB8CA95E3B8929536B95A958AB9239535
S3150803E990DEB9EC9432BAB59487BA7E94DBBA479457
S3150803E9A030BB119485BBDB93DABBA6932FBC70935C
S3150803E9B084BC3B93DABC06932FBDD29285BD9D9248
S3150803E9C0DBBD699231BE359288BE0292DEBECF9117
S3150803E9D035BF9C918CBF6991E2BF36913AC00491C9
S3150803E9E091C0D290E8C0A09040C16F9097C13E9065
S3150803E9F0EFC10D9047C2DC8F9FC2AC8FF8C27C8FE4
S3150803EA0050C34C8FA9C31D8F02C4ED8E5AC4BE8E44
S3150803EA10B3C4908E0DC5618E66C5338EBFC5058E8C
S3150803EA2019C6D88D73C6AA8DCDC67D8D27C7508DB9
S3150803EA3081C7248DDBC7F88C35C8CC8C90C8A08CCD
S3150803EA40EBC8758C45C94A8CA0C91F8CFBC9F48BC6
S3150803EA5057CACA8BB2CAA08B0DCB768B69CB4D8BA3
S3150803EA60C5CB248B21CCFB8A7DCCD28AD9CCAA8A66
S3150803EA7035CD828A91CD5A8AEECD338A4ACE0B8A10
S3150803EA80A7CEE48904CFBE8961CF9789BECF7189A2
S3150803EA901BD04C8978D02689D6D0018933D1DC8816
S3150803EAA091D1B888EED193884CD26F88AAD24B8875
S3150803EAB008D3288867D30588C5D3E28723D4BF87B5
S3150803EAC082D49D87E0D47B873FD559879ED53887DF
S3150803EAD0FDD517875CD6F686BBD6D5861AD7B586EF
S3150803EAE079D79586D9D7758638D8568698D83786E6
S3150803EAF0F8D8188657D9FA85B7D9DB8517DABD85C5
S3150803EB0077DAA085D7DA828538DB658598DB498588
S3150803EB10F8DB2C8559DC1085BADCF4841ADDD98434
S3150803EB207BDDBD84DCDDA2843DDE88849EDE6D84C8
S3150803EB30FFDE538460DF3A84C1DF208423E0078441
S3150803EB4084E0EE83E6E0D68347E1BD83A9E1A583A6
S3150803EB500AE28E836CE27683CEE25F8330E34883F0
S3150803EB6092E33283F4E31C8356E40683B8E4F08223
S3150803EB701BE5DB827DE5C682DFE5B18242E69D823F
S3150803EB80A4E6898207E7758269E76282CCE74F8242
S3150803EB902FE83C8292E82982F5E8178257E905822D
S3150803EBA0BAE9F3811DEAE28180EAD181E4EAC08108
S3150803EBB047EBB081AAEBA0810DEC908171EC8081C3
S3150803EBC0D4EC718137ED62819BED5481FEED45816D
S3150803EBD062EE3781C6EE2A8129EF1C818DEF0F81FC
S3150803EBE0F1EF028154F0F680B8F0EA801CF1DE807A
S3150803EBF080F1D280E4F1C78048F2BC80ACF2B280DF
S3150803EC0010F3A78074F39D80D8F394803CF48A802C
S3150803EC10A0F4818004F5788068F57080CCF5688067
S3150803EC2031F6608095F65880F9F651805DF74A808B
S3150803EC30C2F7438026F83D808AF83780EFF831809B
S3150803EC4053F92C80B8F927801CFA228080FA1E8093
S3150803EC50E5FA1A8049FB1680AEFB128012FC0F8078
S3150803EC6077FC0C80DBFC098040FD0780A4FD05804A
S3150803EC7009FE03806DFE0280D2FE018036FF008006
S3150803EC809BFF0080FF7F0000FF7FC900FD7F920185
S3150803EC90FA7F5B02F67F2403F07FED03E97FB60470
S3150803ECA0E17F7F05D87F4706CE7F1007C27FD90746
S3150803ECB0B57FA208A77F6A09977F330A877FFB0A6E
S3150803ECC0757FC30B627F8B0C4D7F530D387F1B0EED
S3150803ECD0217FE30E097FAB0FF07E7210D57E3911C3
S3150803ECE0BA7E01129D7EC8127F7E8E135F7E5514EF
S3150803ECF03F7E1B151D7EE215FA7DA816D67D6D1778
S3150803ED00B07D33188A7DF818627DBD19397D821A5C
S3150803ED100F7D471BE37C0B1CB77CCF1C897C931D9B
S3150803ED205A7C561E297C191FF87BDC1FC57B9F203E
S3150803ED30927B61215D7B2322267BE522EF7AA6233C
S3150803ED40B67A67247D7A2825427AE825057AA8269D
S3150803ED50C87967278A7926284A79E5280979A32964
S3150803ED60C778612A84781F2B4078DC2BFA77982C8E
S3150803ED70B477552D6C77112E2377CC2ED976872F1A
S3150803ED808E7641304176FB30F475B531A5756E3212
S3150803ED90557526330475DE33B27496345F744D3570
S3150803EDA00B740436B573BA365F736F370773243833
S3150803EDB0AF72D83855728C39FA71403A9E71F23A65
S3150803EDC04171A53BE270563C8370073D2370B83DFD
S3150803EDD0C16F683E5F6F173FFB6EC53F966E734004
S3150803EDE0306E2141CA6DCE41626D7A42F96C254374
S3150803EDF08F6CD043246C7A44B86B24454A6BCD4553
S3150803EE00DC6A75466D6A1C47FD69C3478C696948A0
S3150803EE1019690F49A668B4493268584ABD67FB4A57
S3150803EE2046679E4BCF663F4C5766E14CDD65814D81
S3150803EE306365214EE864BF4E6C645E4FEF63FB4F18
S3150803EE4071639750F26233517162CE51F16169521F
S3150803EE506F610253EC609B5368603354E35FCA5493
S3150803EE605E5F6055D75EF555505E8A56C75D1D577A
S3150803EE703E5DB057B45C4258295CD4589D5B6459CF
S3150803EE80105BF359825A825AF359105B64599D5B96
S3150803EE90D458295C4258B45CB0573E5D1D57C75DCC
S3150803EEA08A56505EF555D75E60555E5FCA54E35F72
S3150803EEB0335468609B53EC6002536F616952F16186
S3150803EEC0CE5171623351F26297507163FB4FEF6310
S3150803EED05E4F6C64BF4EE864214E6365814DDD6504
S3150803EEE0E14C57663F4CCF669E4B4667FB4ABD6768
S3150803EEF0584A3268B449A6680F49196969488C693A
S3150803EF00C347FD691C476D6A7546DC6ACD454A6B7E
S3150803EF102445B86B7A44246CD0438F6C2543F96C2B
S3150803EF207A42626DCE41CA6D2141306E7340966E48
S3150803EF30C53FFB6E173F5F6F683EC16FB83D2370D1
S3150803EF40073D8370563CE270A53B4171F23A9E71C8
S3150803EF50403AFA718C395572D838AF722438077328
S3150803EF606F375F73BA36B57304360B744D355F74F2
S3150803EF709634B274DE330475263355756E32A57529
S3150803EF80B531F475FB30417641308E76872FD976C5
S3150803EF90CC2E2377112E6C77552DB477982CFA77C8
S3150803EFA0DC2B40781F2B8478612AC778A329097933
S3150803EFB0E5284A7926288A796727C879A826057A03
S3150803EFC0E825427A28257D7A6724B67AA623EF7A36
S3150803EFD0E522267B23225D7B6121927B9F20C57BCD
S3150803EFE0DC1FF87B191F297C561E5A7C931D897CC6
S3150803EFF0CF1CB77C0B1CE37C471B0F7D821A397D1C
S3150803F000BD19627DF8188A7D3318B07D6D17D67DD4
S3150803F010A816FA7DE2151D7E1B153F7E55145F7EE5
S3150803F0208E137F7EC8129D7E0112BA7E3911D57E54
S3150803F0307210F07EAB0F097FE30E217F1B0E387F1C
S3150803F040530D4D7F8B0C627FC30B757FFB0A877F3E
S3150803F050330A977F6A09A77FA208B57FD907C27FB4
S3150803F0601007CE7F4706D87F7F05E17FB604E97F81
S3150803F070ED03F07F2403F67F5B02FA7F9201FD7F9F
S3150803F080C900FF7F0000FF7F36FFFF7F6DFEFD7F10
S3150803F090A4FDFA7FDBFCF67F12FCF07F49FBE97FD0
S3150803F0A080FAE17FB8F9D87FEFF8CE7F26F8C27FDA
S3150803F0B05DF7B57F95F6A77FCCF5977F04F5877F30
S3150803F0C03CF4757F74F3627FACF24D7FE4F1387FCD
S3150803F0D01CF1217F54F0097F8DEFF07EC6EED57EB5
S3150803F0E0FEEDBA7E37ED9D7E71EC7F7EAAEB5F7EE1
S3150803F0F0E4EA3F7E1DEA1D7E57E9FA7D92E8D67D4E
S3150803F100CCE7B07D07E78A7D42E6627D7DE5397DFA
S3150803F110B8E40F7DF4E3E37C30E3B77C6CE2897CE7
S3150803F120A9E15A7CE6E0297C23E0F87B60DFC57B0E
S3150803F1309EDE927BDCDD5D7B1ADD267B59DCEF7A6E
S3150803F14098DBB67AD7DA7D7A17DA427A57D9057A07
S3150803F15098D8C879D9D78A791AD74A795CD60979D2
S3150803F1609ED5C778E0D4847823D4407867D3FA77D2
S3150803F170AAD2B477EED16C7733D1237778D0D97600
S3150803F180BECF8E7604CF41764ACEF47591CDA5755A
S3150803F190D9CC557521CC047569CBB274B2CA5F74E0
S3150803F1A0FBC90B7445C9B57390C85F73DBC707738F
S3150803F1B027C7AF7273C65572BFC5FA710DC59E715F
S3150803F1C05AC44171A9C3E270F8C2837047C2237057
S3150803F1D097C1C16FE8C05F6F3AC0FB6E8CBF966E6E
S3150803F1E0DEBE306E31BECA6D85BD626DDABCF96CA2
S3150803F1F02FBC8F6C85BB246CDBBAB86B32BA4A6BEF
S3150803F2008AB9DC6AE3B86D6A3CB8FD6996B78C6956
S3150803F210F0B619694BB6A668A7B5326804B5BD67D3
S3150803F22061B44667C0B3CF661EB357667EB2DD6563
S3150803F230DEB1636540B1E864A1B06C6404B0EF6302
S3150803F24068AF7163CCAEF26231AE716296ADF161AD
S3150803F250FDAC6F6164ACEC60CCAB686035ABE35F67
S3150803F2609FAA5E5F0AAAD75E75A9505EE2A8C75D24
S3150803F2704FA83E5DBDA7B45C2BA7295C9BA69D5BE7
S3150803F2800CA6105B7DA5825AEFA4F35962A46459B0
S3150803F290D6A3D4584BA34258C1A2B05738A21D5778
S3150803F2A0AFA18A5628A1F555A1A060551CA0CA543A
S3150803F2B0979F3354139F9B53909E02530E9E6952F6
S3150803F2C08E9DCE510D9D33518E9C9750109CFB4FAE
S3150803F2D0939B5E4F179BBF4E9C9A214E229A814D54
S3150803F2E0A899E14C30993F4CB9989E4B4298FB4AF2
S3150803F2F0CD97584A5997B449E6960F49739669487C
S3150803F3000296C34792951C4723957546B594CD45F2
S3150803F31047942445DB937A447093D0430693254355
S3150803F3209D927A423592CE41CF912141699173409C
S3150803F3300491C53FA090173F3E90683EDC8FB83DC9
S3150803F3407C8F073D1D8F563CBE8EA53B618EF23AD8
S3150803F350058E403AAA8D8C39508DD838F88C2438C6
S3150803F360A08C6F374A8CBA36F48B0436A08B4D358E
S3150803F3704D8B9634FB8ADE33AA8A26335A8A6E3233
S3150803F3800B8AB531BE89FB30718941302689872FAF
S3150803F390DC88CC2E9388112E4B88552D0588982CFE
S3150803F3A0BF87DC2B7B871F2B3887612AF686A32921
S3150803F3B0B586E5287586262837866727FA85A82613
S3150803F3C0BD85E82582852825498567241085A623D2
S3150803F3D0D984E522A28423226D8461213A849F205D
S3150803F3E00784DC1FD683191FA583561E7683931DB0
S3150803F3F04883CF1C1C830B1CF082471BC682821AC8
S3150803F4009D82BD197582F8184F82331829826D17A4
S3150803F4100582A816E281E215C0811B15A081551441
S3150803F42080818E136281C812458101122A8139119E
S3150803F4300F817210F680AB0FDE80E30EC7801B0EBA
S3150803F440B280530D9D808B0C8A80C30B7880FB0A90
S3150803F4506880330A58806A094A80A2083D80D9071A
S3150803F46031801007278047061E807F051680B6045D
S3150803F4700F80ED030980240305805B020280920155
S3150803F4800080C90000800000008036FF02806DFE00
S3150803F4900580A4FD0980DBFC0F8012FC168049FB5E
S3150803F4A01E8080FA2780B8F93180EFF83D8026F868
S3150803F4B04A805DF7588095F66880CCF5788004F520
S3150803F4C08A803CF49D8074F3B280ACF2C780E4F181
S3150803F4D0DE801CF1F68054F00F818DEF2A81C6EE8B
S3150803F4E04581FEED628137ED808171ECA081AAEB3F
S3150803F4F0C081E4EAE2811DEA058257E9298292E896
S3150803F5004F82CCE7758207E79D8242E6C6827DE590
S3150803F510F082B8E41C83F4E3488330E376836CE231
S3150803F520A583A9E1D683E6E0078423E03A8460DF6E
S3150803F5306D849EDEA284DCDDD9841ADD108559DC50
S3150803F540498598DB8285D7DABD8517DAFA8557D9CF
S3150803F550378698D87586D9D7B5861AD7F6865CD6E8
S3150803F56038879ED57B87E0D4BF8723D4058867D39E
S3150803F5704B88AAD29388EED1DC8833D1268978D0F2
S3150803F5807189BECFBE8904CF0B8A4ACE5A8A91CDDA
S3150803F590AA8AD9CCFB8A21CC4D8B69CBA08BB2CA5C
S3150803F5A0F48BFBC94A8C45C9A08C90C8F88CDBC779
S3150803F5B0508D27C7AA8D73C6058EBFC5618E0DC527
S3150803F5C0BE8E5AC41D8FA9C37C8FF8C2DC8F47C26F
S3150803F5D03E9097C1A090E8C004913AC069918CBF48
S3150803F5E0CF91DEBE359231BE9D9285BD0693DABCB8
S3150803F5F070932FBCDB9385BB4794DBBAB59432BAB9
S3150803F60023958AB99295E3B802963CB8739696B74A
S3150803F610E696F0B659974BB6CD97A7B5429804B573
S3150803F620B99861B43099C0B3A8991EB3229A7EB229
S3150803F6309C9ADEB1179B40B1939BA1B0109C04B072
S3150803F6408E9C68AF0D9DCCAE8E9D31AE0E9E96AD4B
S3150803F650909EFDAC139F64AC979FCCAB1CA035ABB7
S3150803F660A1A09FAA28A10AAAAFA175A938A2E2A8B0
S3150803F670C1A24FA84BA3BDA7D6A32BA762A49BA63B
S3150803F680EFA40CA67DA57DA50CA6EFA49BA662A454
S3150803F6902BA7D6A3BDA74BA34FA8C1A2E2A838A2FE
S3150803F6A075A9AFA10AAA28A19FAAA1A035AB1CA038
S3150803F6B0CCAB979F64AC139FFDAC909E96AD0E9E04
S3150803F6C031AE8E9DCCAE0D9D68AF8E9C04B0109C5A
S3150803F6D0A1B0939B40B1179BDEB19C9A7EB2229A46
S3150803F6E01EB3A899C0B3309961B4B99804B54298C2
S3150803F6F0A7B5CD974BB65997F0B6E69696B77396D0
S3150803F7003CB80296E3B892958AB9239532BAB5946A
S3150803F710DBBA479485BBDB932FBC7093DABC06939D
S3150803F72085BD9D9231BE3592DEBECF918CBF699160
S3150803F7303AC00491E8C0A09097C13E9047C2DC8FB7
S3150803F740F8C27C8FA9C31D8F5AC4BE8E0DC5618EA0
S3150803F750BFC5058E73C6AA8D27C7508DDBC7F88C20
S3150803F76090C8A08C45C94A8CFBC9F48BB2CAA08B36
S3150803F77069CB4D8B21CCFB8AD9CCAA8A91CD5A8ADF
S3150803F7804ACE0B8A04CFBE89BECF718978D0268923
S3150803F79033D1DC88EED19388AAD24B8867D3058800
S3150803F7A023D4BF87E0D47B879ED538875CD6F68675
S3150803F7B01AD7B586D9D7758698D8378657D9FA8585
S3150803F7C017DABD85D7DA828598DB498559DC108532
S3150803F7D01ADDD984DCDDA2849EDE6D8460DF3A847B
S3150803F7E023E00784E6E0D683A9E1A5836CE2768362
S3150803F7F030E34883F4E31C83B8E4F0827DE5C682EC
S3150803F80042E69D8207E77582CCE74F8292E8298212
S3150803F81057E905821DEAE281E4EAC081AAEBA081E1
S3150803F82071EC808137ED6281FEED4581C6EE2A8152
S3150803F8308DEF0F8154F0F6801CF1DE80E4F1C7806A
S3150803F840ACF2B28074F39D803CF48A8004F5788028
S3150803F850CCF5688095F658805DF74A8026F83D8092
S3150803F860EFF83180B8F9278080FA1E8049FB1680A5
S3150803F87012FC0F80DBFC0980A4FD05806DFE028067
S3150803F88036FF0080FF7F0000FD7F9201F67F240389
S3150803F890E97FB604D87F4706C27FD907A77F6A09D7
S3150803F8A0877FFB0A627F8B0C387F1B0E097FAB0FA2
S3150803F8B0D57E39119D7EC8125F7E55141D7EE215CD
S3150803F8C0D67D6D178A7DF818397D821AE37C0B1C61
S3150803F8D0897C931D297C191FC57B9F205D7B232269
S3150803F8E0EF7AA6237D7A2825057AA8268A792628F3
S3150803F8F00979A32984781F2BFA77982C6C77112E0C
S3150803F900D976872F4176FB30A5756E320475DE33BB
S3150803F9105F744D35B573BA360773243855728C3907
S3150803F9209E71F23AE270563C2370B83D5F6F173FFB
S3150803F930966E7340CA6DCE41F96C2543246C7A449E
S3150803F9404A6BCD456D6A1C478C696948A668B449F4
S3150803F950BD67FB4ACF663F4CDD65814DE864BF4E04
S3150803F960EF63FB4FF2623351F1616952EC609B53CB
S3150803F970E35FCA54D75EF555C75D1D57B45C425855
S3150803F9809D5B6459825A825A64599D5B4258B45C9A
S3150803F9901D57C75DF555D75ECA54E35F9B53EC60A5
S3150803F9A06952F1613351F262FB4FEF63BF4EE8646C
S3150803F9B0814DDD653F4CCF66FB4ABD67B449A668F2
S3150803F9C069488C691C476D6ACD454A6B7A44246C31
S3150803F9D02543F96CCE41CA6D7340966E173F5F6F28
S3150803F9E0B83D2370563CE270F23A9E718C395572D3
S3150803F9F024380773BA36B5734D355F74DE33047529
S3150803FA006E32A575FB304176872FD976112E6C7722
S3150803FA10982CFA771F2B8478A329097926288A79BB
S3150803FA20A826057A28257D7AA623EF7A23225D7BE5
S3150803FA309F20C57B191F297C931D897C0B1CE37C9E
S3150803FA40821A397DF8188A7D6D17D67DE2151D7ED3
S3150803FA5055145F7EC8129D7E3911D57EAB0F097F7B
S3150803FA601B0E387F8B0C627FFB0A877F6A09A77F89
S3150803FA70D907C27F4706D87FB604E97F2403F67FF2
S3150803FA809201FD7F0000FF7F6DFEFD7FDBFCF67FA5
S3150803FA9049FBE97FB8F9D87F26F8C27F95F6A77F91
S3150803FAA004F5877F74F3627FE4F1387F54F0097FA6
S3150803FAB0C6EED57E37ED9D7EAAEB5F7E1DEA1D7EDB
S3150803FAC092E8D67D07E78A7D7DE5397DF4E3E37C15
S3150803FAD06CE2897CE6E0297C60DFC57BDCDD5D7B47
S3150803FAE059DCEF7AD7DA7D7A57D9057AD9D78A795D
S3150803FAF05CD60979E0D4847867D3FA77EED16C7744
S3150803FB0078D0D97604CF417691CDA57521CC0475E5
S3150803FB10B2CA5F7445C9B573DBC7077373C6557233
S3150803FB200DC59E71A9C3E27047C22370E8C05F6F13
S3150803FB308CBF966E31BECA6DDABCF96C85BB246C74
S3150803FB4032BA4A6BE3B86D6A96B78C694BB6A66840
S3150803FB5004B5BD67C0B3CF667EB2DD6540B1E86460
S3150803FB6004B0EF63CCAEF26296ADF16164ACEC60BF
S3150803FB7035ABE35F0AAAD75EE2A8C75DBDA7B45C47
S3150803FB809BA69D5B7DA5825A62A464594BA34258E2
S3150803FB9038A21D5728A1F5551CA0CA54139F9B5379
S3150803FBA00E9E69520D9D3351109CFB4F179BBF4EFA
S3150803FBB0229A814D30993F4C4298FB4A5997B4494A
S3150803FBC07396694892951C47B594CD45DB937A4459
S3150803FBD0069325433592CE4169917340A090173F0A
S3150803FBE0DC8FB83D1D8F563C618EF23AAA8D8C394F
S3150803FBF0F88C24384A8CBA36A08B4D35FB8ADE330B
S3150803FC005A8A6E32BE89FB302689872F9388112E2E
S3150803FC100588982C7B871F2BF686A32975862628A5
S3150803FC20FA85A826828528251085A623A284232259
S3150803FC303A849F20D683191F7683931D1C830B1C36
S3150803FC40C682821A7582F81829826D17E281E2152F
S3150803FC50A08155146281C8122A813911F680AB0F27
S3150803FC60C7801B0E9D808B0C7880FB0A58806A0917
S3150803FC703D80D907278047061680B60409802403E2
S3150803FC80028092010080000002806DFE0980DBFC81
S3150803FC90168049FB2780B8F93D8026F8588095F6E3
S3150803FCA0788004F59D8074F3C780E4F1F68054F0F8
S3150803FCB02A81C6EE628137EDA081AAEBE2811DEAAD
S3150803FCC0298292E8758207E7C6827DE51C83F4E3F9
S3150803FCD076836CE2D683E6E03A8460DFA284DCDDD1
S3150803FCE0108559DC8285D7DAFA8557D97586D9D727
S3150803FCF0F6865CD67B87E0D4058867D39388EED1EE
S3150803FD00268978D0BE8904CF5A8A91CDFB8A21CC1D
S3150803FD10A08BB2CA4A8C45C9F88CDBC7AA8D73C6B1
S3150803FD20618E0DC51D8FA9C3DC8F47C2A090E8C09D
S3150803FD3069918CBF359231BE0693DABCDB9385BBDA
S3150803FD40B59432BA9295E3B8739696B759974BB664
S3150803FD50429804B53099C0B3229A7EB2179B40B134
S3150803FD60109C04B00D9DCCAE0E9E96AD139F64AC4D
S3150803FD701CA035AB28A10AAA38A2E2A84BA3BDA7A3
S3150803FD8062A49BA67DA57DA59BA662A4BDA74BA33E
S3150803FD90E2A838A20AAA28A135AB1CA064AC139F13
S3150803FDA096AD0E9ECCAE0D9D04B0109C40B1179B2C
S3150803FDB07EB2229AC0B3309904B542984BB6599786
S3150803FDC096B77396E3B8929532BAB59485BBDB9327
S3150803FDD0DABC069331BE35928CBF6991E8C0A09010
S3150803FDE047C2DC8FA9C31D8F0DC5618E73C6AA8D45
S3150803FDF0DBC7F88C45C94A8CB2CAA08B21CCFB8ACF
S3150803FE0091CD5A8A04CFBE8978D02689EED19388B4
S3150803FE1067D30588E0D47B875CD6F686D9D77586FB
S3150803FE2057D9FA85D7DA828559DC1085DCDDA284B1
S3150803FE3060DF3A84E6E0D6836CE27683F4E31C83D8
S3150803FE407DE5C68207E7758292E829821DEAE28183
S3150803FE50AAEBA08137ED6281C6EE2A8154F0F680BB
S3150803FE60E4F1C78074F39D8004F5788095F658808D
S3150803FE7026F83D80B8F9278049FB1680DBFC098004
S3150803FE806DFE0280FF7F0000F67F2403D87F4706B6
S3150803FE90A77F6A09627F8B0C097FAB0F9D7EC81209
S3150803FEA01D7EE2158A7DF818E37C0B1C297C191F35
S3150803FEB05D7B23227D7A28258A79262884781F2B39
S3150803FEC06C77112E4176FB300475DE33B573BA367B
S3150803FED055728C39E270563C5F6F173FCA6DCE4137
S3150803FEE0246C7A446D6A1C47A668B449CF663F4CAE
S3150803FEF0E864BF4EF2623351EC609B53D75EF55507
S3150803FF00B45C4258825A825A4258B45CF555D75E55
S3150803FF109B53EC603351F262BF4EE8643F4CCF66A5
S3150803FF20B449A6681C476D6A7A44246CCE41CA6DE7
S3150803FF30173F5F6F563CE2708C395572BA36B57304
S3150803FF40DE330475FB304176112E6C771F2B8478CC
S3150803FF5026288A7928257D7A23225D7B191F297C01
S3150803FF600B1CE37CF8188A7DE2151D7EC8129D7E5C
S3150803FF70AB0F097F8B0C627F6A09A77F4706D87F79
S3150803FF802403F67F0000FF7FDBFCF67FB8F9D87FF2
S3150803FF9095F6A77F74F3627F54F0097F37ED9D7E4C
S3150803FFA01DEA1D7E07E78A7DF4E3E37CE6E0297C08
S3150803FFB0DCDD5D7BD7DA7D7AD9D78A79E0D4847894
S3150803FFC0EED16C7704CF417621CC047545C9B57358
S3150803FFD073C65572A9C3E270E8C05F6F31BECA6DB6
S3150803FFE085BB246CE3B86D6A4BB6A668C0B3CF6607
S3150803FFF040B1E864CCAEF26264ACEC600AAAD75EA0
S31508040000BDA7B45C7DA5825A4BA3425828A1F555D1
S31508040010139F9B530D9D3351179BBF4E30993F4CED
S315080400205997B44992951C47DB937A443592CE4145
S31508040030A090173F1D8F563CAA8D8C394A8CBA3628
S31508040040FB8ADE33BE89FB309388112E7B871F2BF0
S315080400507586262882852825A2842322D683191FF5
S315080400601C830B1C7582F818E281E2156281C8129A
S31508040070F680AB0F9D808B0C58806A09278047064B
S3150804008009802403008000000980DBFC2780B8F976
S31508040090588095F69D8074F3F68054F0628137EDA6
S315080400A0E2811DEA758207E71C83F4E3D683E6E05A
S315080400B0A284DCDD8285D7DA7586D9D77B87E0D436
S315080400C09388EED1BE8904CFFB8A21CC4A8C45C9D4
S315080400D0AA8D73C61D8FA9C3A090E8C0359231BEF8
S315080400E0DB9385BB9295E3B859974BB63099C0B361
S315080400F0179B40B10D9DCCAE139F64AC28A10AAAE8
S315080401004BA3BDA77DA57DA5BDA74BA30AAA28A178
S3150804011064AC139FCCAE0D9D40B1179BC0B3309908
S315080401204BB65997E3B8929585BBDB9331BE3592A6
S31508040130E8C0A090A9C31D8F73C6AA8D45C94A8C69
S3150804014021CCFB8A04CFBE89EED19388E0D47B8781
S31508040150D9D77586D7DA8285DCDDA284E6E0D6832C
S31508040160F4E31C8307E775821DEAE28137ED6281B1
S3150804017054F0F68074F39D8095F65880B8F9278074
S31508040180DBFC0980FF7F0000D87F4706627F8B0C63
S315080401909D7EC8128A7DF818297C191F7D7A282520
S315080401A084781F2B4176FB30B573BA36E270563C19
S315080401B0CA6DCE416D6A1C47CF663F4CF262335115
S315080401C0D75EF555825A825AF555D75E3351F2628F
S315080401D03F4CCF661C476D6ACE41CA6D563CE270E9
S315080401E0BA36B573FB3041761F2B847828257D7A79
S315080401F0191F297CF8188A7DC8129D7E8B0C627F8C
S315080402004706D87F0000FF7FB8F9D87F74F3627F6A
S3150804021037ED9D7E07E78A7DE6E0297CD7DA7D7A85
S31508040220E0D4847804CF417645C9B573A9C3E2708E
S3150804023031BECA6DE3B86D6AC0B3CF66CCAEF2629E
S315080402400AAAD75E7DA5825A28A1F5550D9D335174
S3150804025030993F4C92951C473592CE411D8F563C9A
S315080402604A8CBA36BE89FB307B871F2B82852825A4
S31508040270D683191F7582F8186281C8129D808B0C63
S3150804028027804706008000002780B8F99D8074F30C
S31508040290628137ED758207E7D683E6E08285D7DA89
S315080402A07B87E0D4BE8904CF4A8C45C91D8FA9C370
S315080402B0359231BE9295E3B83099C0B30D9DCCAE54
S315080402C028A10AAA7DA57DA50AAA28A1CCAE0D9DBA
S315080402D0C0B33099E3B8929531BE3592A9C31D8F40
S315080402E045C94A8C04CFBE89E0D47B87D7DA828590
S315080402F0E6E0D68307E7758237ED628174F39D805D
S31508040300B8F92780FF7F0000627F8B0C8A7DF81876
S315080403107D7A28254176FB30E270563C6D6A1C4787
S31508040320F2623351825A825A3351F2621C476D6A19
S31508040330563CE270FB30417628257D7AF8188A7D8A
S315080403408B0C627F0000FF7F74F3627F07E78A7D68
S31508040350D7DA7D7A04CF4176A9C3E270E3B86D6A29
S31508040360CCAEF2627DA5825A0D9D335192951C47F7
S315080403701D8F563CBE89FB30828528257582F81860
S315080403809D808B0C008000009D8074F3758207E7BE
S315080403908285D7DABE8904CF1D8FA9C39295E3B89F
S315080403A00D9DCCAE7DA57DA5CCAE0D9DE3B89295ED
S315080403B0A9C31D8F04CFBE89D7DA828507E775825C
S315080403C074F39D80FF7F00008A7DF8184176FB3020
S315080403D06D6A1C47825A825A1C476D6AFB304176FD
S315080403E0F8188A7D0000FF7F07E78A7D04CF4176E7
S315080403F0E3B86D6A7DA5825A92951C47BE89FB307F
S315080404007582F81800800000758207E7BE8904CF54
S315080404109295E3B87DA57DA5E3B8929504CFBE89E8
S3150804042007E77582FF7F00004176FB30825A825ABD
S31508040430FB3041760000FF7F04CF41767DA5825AC2
S31508040440BE89FB3000800000BE8904CF7DA57DA54A
S3150804045004CFBE8900000000400000000000000030
S31508040460FF030000000000000B000000000000006D
S3150804047034000000000000002C2066756E63746961
S315080404806F6E3A2000617373657274696F6E202209
S31508040490257322206661696C65643A2066696C6511
S315080404A020222573222C206C696E65202564257309
S315080404B025730A00232D302B2000686C4C006566D2
S315080404C06745464700303132333435363738394193
S315080404D042434445460030313233343536373839A9
S315080404E0616263646566000000000000D1F717378F
S315080404F0D1F717B78071313F807131BF0000003FD3
S31508040500000000BF000FC93F000F494000CB9640CA
S31508040510000FC9400053FB4000CB164100ED2F41A4
S31508040520000F49410031624100537B41003A8A4138
S3150804053000CB9641005CA34100EDAF41007EBC416F
S31508040540000FC94100A0D5410031E24100C2EE4185
S315080405500053FB4100F20342003A0A420083104268
S3150804056000CB164200141D42005C234200A5294212
S3150804057000ED2F4200363642007E3C4200C7424216
S31508040580000F4942A2000000F900000083000000A1
S315080405906E0000004E000000440000001500000034
S315080405A029000000FC000000270000005700000096
S315080405B0D1000000F500000034000000DD00000052
S315080405C0C0000000DB000000620000009500000087
S315080405D0990000003C000000430000009000000061
S315080405E041000000FE000000510000006300000006
S315080405F0AB000000DE000000BB000000C5000000E0
S3150804060061000000B7000000240000006E0000002E
S315080406103A000000420000004D000000D20000002D
S31508040620E000000006000000490000002E0000005B
S31508040630EA00000009000000D10000009200000052
S315080406401C000000FE0000001D000000EB00000076
S315080406501C000000B100000029000000A7000000EB
S315080406603E000000E800000082000000350000009B
S31508040670F50000002E000000BB0000004400000046
S3150804068084000000E90000009C00000070000000DF
S3150804069026000000B40000005F0000007E00000091
S315080406A0410000003900000091000000D600000057
S315080406B039000000830000005300000039000000E0
S315080406C0F40000009C000000840000005F000000A5
S315080406D08B000000BD000000F9000000280000009F
S315080406E03B0000001F000000F8000000970000000F
S315080406F0FF000000DE00000005000000980000006E
S315080407000F000000EF0000002F0000001100000099
S315080407108B0000005A0000000A0000006D0000006B
S315080407201F0000006D000000360000007E00000077
S31508040730CF00000027000000CB00000009000000DD
S31508040740B70000004F000000460000003F0000000C
S31508040750660000009E0000005F000000EA0000003A
S315080407602D0000007500000027000000BA000000F4
S31508040770C7000000EB000000E5000000F1000000DF
S315080407807B0000003D00000007000000390000005F
S31508040790F70000008A0000005200000092000000E2
S315080407A0EA0000006B000000FB0000005F00000088
S315080407B0B10000001F0000008D0000005D0000006D
S315080407C00800000056000000030000003000000086
S315080407D046000000FC0000007B0000006B000000DF
S315080407E0AB000000F0000000CF000000BC000000D1
S315080407F0200000009A000000F40000003600000003
S315080408001D000000A9000000E3000000910000009C
S31508040810610000005E000000E60000001B00000006
S31508040820080000006500000099000000850000002B
S315080408305F00000014000000A0000000680000002B
S31508040840400000008D000000FF000000D8000000F2
S31508040850800000004D00000073000000270000001F
S315080408603100000006000000060000001500000024
S3150804087056000000CA00000073000000A80000002B
S31508040880C900000060000000E20000007B000000D0
S31508040890C00000008C0000006B0000000000C93F87
S315080408A00000F0390000DA370000A2330000842E75
S315080408B00000502B0000C2270000D0220000C41FED
S315080408C00000C61B000044170400000007000000CF
S309080408D00900000009
S30D080408D4B412FC7F01000000C8
S311080408DCE8080408EC2103206000000072
S315080408E80000000028590308F8210320E4BB022065
S315080408F8D7DB0108020000002142000800000000B6
S3150804090800000000000000000000000014150000A4
S31508040918E4BB022003000000C9420008E07F100374
S315080409282C000A507CFD022013000000E07F100307
S315080409382C000A507CFD0220F3FFFFFFE07F10031A
S315080409482C000A507EFD022013000000E07F1003E5
S315080409582C000A507EFD0220F3FFFFFF0100040065
S315080409680000000000000000000000000000040069
S31508040978000000000000000000000000C0EA210191
S31508040988C0EA210100800000C017530201002000B4
S31508040998C8FD0220C7210320C8FD02200000000064
S315080409A801000000000000000001000064000000C7
S315080409B80A0000000000000000010000060000000C
S315080409C80A000000000000000001000005000000FD
S315080409D80A00000000000000E803000030000000D8
S315080409E8A5AF00080000000003000000ECC40220BC
S315080409F80023032000000000ECC4022054C502208A
S31508040A08BCC5022000000000000000000000000029
S31508040A1800000000000000000000000000000000BC
S31508040A2800000000000000000000000000000000AC
S31508040A38000000000000000000000000000000009C
S31508040A48FFFFFFFF0101000000040003070028FF59
S31508040A58010101017D810108651B00083D1B000889
S70508004A1593
